Date,Country,Destination,Category,Visitors,Revenue_USD,Average_Rating,Accommodation_Available,Season,Latitude,Longitude
2023-04,France,Paris,Nature,293389,38618510.53,3.4,Yes,Shoulder,48.8566,2.3522
2022-06,UAE,Dubai,Nature,36244,6019567.73,4.3,Yes,Shoulder,25.2048,55.2708
2024-05,Switzerland,Geneva,Urban,236148,89615631.89,3.2,Yes,Shoulder,46.2044,6.1432
2022-10,UAE,Abu Dhabi,Nature,296369,128674183.97,3.8,Yes,Off-Peak,24.4539,54.3773
2025-03,France,Lyon,Urban,365663,138453709.94,4.5,Yes,Off-Peak,45.764,4.8357
2025-01,France,Lyon,Nature,384201,130894045.5,3.3,Yes,Off-Peak,45.764,4.8357
2024-01,France,Nice,Urban,110907,27478519.27,4.7,Yes,Off-Peak,43.7102,7.262
2025-09,Australia,Melbourne,Historical,284946,87016374.11,3.5,Yes,Peak,-37.8136,144.9631
2025-05,Thailand,Phuket,Nature,288060,96012493.02,4.7,Yes,Peak,7.8804,98.3923
2023-06,India,Mumbai,Historical,425651,67279951.59,4.9,No,Peak,19.076,72.8777
2022-10,Thailand,Phuket,Urban,486141,64006888.57,4.5,No,Shoulder,7.8804,98.3923
2023-12,Brazil,Sao Paulo,Nature,423801,190291114.95,3.4,No,Peak,-23.5505,-46.6333
2025-05,India,Jaipur,Adventure,165265,61655308.58,4.0,Yes,Off-Peak,26.9124,75.7873
2024-10,UAE,Sharjah,Urban,495785,217797854.57,4.7,Yes,Shoulder,25.3463,55.4209
2022-08,France,Lyon,Urban,361699,87119957.87,4.0,No,Shoulder,45.764,4.8357
2025-05,Italy,Rome,Nature,317942,43415148.41,4.6,Yes,Shoulder,41.9028,12.4964
2022-08,Australia,Perth,Religious,25422,10299141.0,4.7,No,Peak,-31.9505,115.8605
2022-06,India,Kerala,Historical,599916,210454018.37,4.7,Yes,Peak,10.8505,76.2711
2023-05,Thailand,Chiang Mai,Luxury,178148,77817589.5,4.9,Yes,Shoulder,18.7883,98.9853
2024-05,USA,San Francisco,Wildlife,396559,49479282.08,3.6,No,Peak,37.7749,-122.4194
2025-02,Brazil,Salvador,Nature,246292,20358647.06,4.5,Yes,Peak,-12.9777,-38.5016
2022-05,France,Paris,Nature,351479,64333516.8,4.1,Yes,Shoulder,48.8566,2.3522
2023-04,Brazil,Salvador,Wildlife,500631,189625950.91,3.5,Yes,Shoulder,-12.9777,-38.5016
2024-03,UAE,Abu Dhabi,Wildlife,449154,179490740.42,3.3,Yes,Peak,24.4539,54.3773
2022-07,UAE,Sharjah,Nature,360784,54438094.06,4.2,Yes,Off-Peak,25.3463,55.4209
2023-04,Italy,Florence,Historical,490100,119563999.92,4.8,Yes,Peak,43.7696,11.2558
2023-04,Switzerland,Zurich,Adventure,102793,23680752.5,4.1,No,Peak,47.3769,8.5417
2024-01,Italy,Milan,Urban,7260,3069612.85,4.6,No,Off-Peak,45.4642,9.19
2022-10,Switzerland,Lucerne,Nature,515311,97796698.32,4.9,Yes,Shoulder,47.0502,8.3093
2025-02,Australia,Sydney,Wildlife,57578,15318894.16,4.7,Yes,Peak,-33.8688,151.2093
2022-05,Switzerland,Zurich,Historical,199851,65916584.5,3.6,Yes,Shoulder,47.3769,8.5417
2024-03,Japan,Tokyo,Religious,90965,38736655.25,3.6,No,Peak,35.6762,139.6503
2025-07,USA,San Francisco,Urban,142235,35441134.72,4.9,Yes,Peak,37.7749,-122.4194
2022-07,Thailand,Chiang Mai,Historical,595341,166055327.4,4.1,Yes,Off-Peak,18.7883,98.9853
2023-07,France,Nice,Adventure,392477,95029785.66,4.2,No,Shoulder,43.7102,7.262
2023-08,Switzerland,Zurich,Historical,586542,250690456.47,3.4,Yes,Peak,47.3769,8.5417
2023-07,Switzerland,Zurich,Nature,290577,100399150.71,3.6,No,Shoulder,47.3769,8.5417
2022-06,Thailand,Phuket,Luxury,58266,22540714.44,3.3,No,Peak,7.8804,98.3923
2024-12,USA,Las Vegas,Luxury,468298,134652318.3,3.4,Yes,Shoulder,36.1699,-115.1398
2022-10,India,Mumbai,Luxury,584364,74304712.17,3.8,Yes,Off-Peak,19.076,72.8777
2023-11,Japan,Kyoto,Luxury,112786,49661897.5,4.5,Yes,Peak,35.0116,135.7681
2022-12,Italy,Milan,Religious,30990,11450278.28,3.9,Yes,Off-Peak,45.4642,9.19
2022-03,Italy,Rome,Wildlife,406124,65914118.31,4.7,No,Off-Peak,41.9028,12.4964
2022-02,USA,Las Vegas,Nature,238752,54299943.25,3.7,Yes,Off-Peak,36.1699,-115.1398
2023-10,Australia,Perth,Beach,567262,69589687.35,4.9,Yes,Shoulder,-31.9505,115.8605
2025-03,USA,New York,Luxury,118668,24671579.32,4.6,No,Shoulder,40.7128,-74.006
2025-01,Switzerland,Zurich,Nature,408906,71250777.61,4.5,Yes,Shoulder,47.3769,8.5417
2023-12,Switzerland,Lucerne,Luxury,211606,22407024.96,4.4,No,Shoulder,47.0502,8.3093
2024-09,Australia,Sydney,Urban,319910,104530712.31,3.8,No,Shoulder,-33.8688,151.2093
2025-07,Italy,Venice,Luxury,445869,147407697.73,4.8,No,Off-Peak,45.4408,12.3155
2023-07,Switzerland,Zurich,Nature,323635,77367735.03,4.2,No,Off-Peak,47.3769,8.5417
2024-09,Thailand,Phuket,Wildlife,229082,85603842.3,4.9,Yes,Shoulder,7.8804,98.3923
2025-07,France,Lyon,Religious,545490,62487659.99,4.9,Yes,Shoulder,45.764,4.8357
2022-10,USA,Las Vegas,Beach,213802,20759976.58,5.0,Yes,Off-Peak,36.1699,-115.1398
2025-10,UAE,Sharjah,Luxury,208880,54918636.13,3.6,Yes,Peak,25.3463,55.4209
2025-09,UAE,Dubai,Wildlife,189430,18674161.42,3.6,Yes,Off-Peak,25.2048,55.2708
2024-12,Italy,Milan,Religious,561932,242481893.18,4.8,No,Shoulder,45.4642,9.19
2024-05,Thailand,Bangkok,Urban,502732,180057191.55,4.7,No,Shoulder,13.7563,100.5018
2023-06,Thailand,Chiang Mai,Wildlife,255867,27804770.32,3.7,No,Off-Peak,18.7883,98.9853
2022-10,Australia,Sydney,Nature,150095,33279522.42,3.5,Yes,Peak,-33.8688,151.2093
2024-11,UAE,Abu Dhabi,Wildlife,351954,82299679.77,3.6,No,Off-Peak,24.4539,54.3773
2025-01,Brazil,Salvador,Luxury,25480,6535174.13,4.9,No,Off-Peak,-12.9777,-38.5016
2025-03,UAE,Sharjah,Nature,577661,150564397.45,3.7,No,Peak,25.3463,55.4209
2025-11,UAE,Abu Dhabi,Adventure,428956,167716260.47,4.9,Yes,Off-Peak,24.4539,54.3773
2022-06,Brazil,Salvador,Luxury,33418,4351318.02,4.0,Yes,Off-Peak,-12.9777,-38.5016
2024-06,UAE,Abu Dhabi,Religious,226941,46494583.4,4.8,No,Off-Peak,24.4539,54.3773
2022-02,USA,New York,Beach,498152,224151411.3,3.8,Yes,Shoulder,40.7128,-74.006
2023-01,India,Goa,Beach,264295,81903485.72,3.6,No,Shoulder,15.2993,74.124
2025-09,France,Nice,Urban,492623,179192747.51,3.5,Yes,Peak,43.7102,7.262
2023-08,USA,New York,Luxury,31925,7239381.43,4.5,Yes,Shoulder,40.7128,-74.006
2025-08,Japan,Tokyo,Historical,321232,120334814.66,4.2,Yes,Off-Peak,35.6762,139.6503
2022-05,Switzerland,Geneva,Religious,393571,33328102.18,4.0,No,Peak,46.2044,6.1432
2025-10,UAE,Abu Dhabi,Adventure,487071,117447548.91,4.5,No,Shoulder,24.4539,54.3773
2024-04,Switzerland,Geneva,Urban,492455,98122986.26,3.6,Yes,Off-Peak,46.2044,6.1432
2025-01,Thailand,Bangkok,Luxury,492282,100655300.31,4.1,No,Peak,13.7563,100.5018
2023-05,Thailand,Bangkok,Religious,377060,69180570.91,4.3,No,Shoulder,13.7563,100.5018
2023-04,India,Kerala,Luxury,94771,24713794.12,4.6,No,Shoulder,10.8505,76.2711
2022-06,Thailand,Phuket,Urban,23080,3738744.62,4.4,No,Shoulder,7.8804,98.3923
2024-12,Brazil,Sao Paulo,Religious,501249,119014763.43,4.5,No,Off-Peak,-23.5505,-46.6333
2023-05,Thailand,Phuket,Nature,326517,40697953.08,3.5,Yes,Shoulder,7.8804,98.3923
2023-01,Switzerland,Lucerne,Nature,199143,70353980.21,3.7,No,Peak,47.0502,8.3093
2023-12,Japan,Osaka,Adventure,243533,46719129.1,4.5,Yes,Off-Peak,34.6937,135.5023
2023-07,India,Goa,Adventure,585238,184942097.65,4.6,Yes,Peak,15.2993,74.124
2024-07,Brazil,Sao Paulo,Wildlife,497198,102453214.06,4.9,No,Off-Peak,-23.5505,-46.6333
2024-08,France,Paris,Historical,425172,124787058.48,4.4,Yes,Peak,48.8566,2.3522
2023-04,Brazil,Sao Paulo,Historical,94318,27020883.02,3.9,Yes,Shoulder,-23.5505,-46.6333
2023-08,UAE,Abu Dhabi,Luxury,469226,90556249.69,4.3,Yes,Peak,24.4539,54.3773
2022-11,Japan,Osaka,Nature,90131,13006895.9,3.3,Yes,Off-Peak,34.6937,135.5023
2023-07,Thailand,Chiang Mai,Beach,497738,82448411.67,4.5,No,Peak,18.7883,98.9853
2024-04,Japan,Osaka,Historical,212428,59795949.88,4.4,No,Peak,34.6937,135.5023
2023-08,France,Paris,Urban,178982,43400768.14,4.0,No,Shoulder,48.8566,2.3522
2024-11,UAE,Abu Dhabi,Wildlife,529783,128192005.49,4.3,No,Shoulder,24.4539,54.3773
2022-06,Australia,Gold Coast,Nature,32121,14001772.21,4.7,Yes,Shoulder,-28.0167,153.4
2024-07,USA,New York,Wildlife,188700,79055285.98,3.5,No,Shoulder,40.7128,-74.006
2023-11,Thailand,Bangkok,Luxury,497841,101223076.08,4.4,Yes,Off-Peak,13.7563,100.5018
2023-07,UAE,Sharjah,Luxury,524536,199858409.23,4.2,No,Peak,25.3463,55.4209
2022-08,Australia,Gold Coast,Luxury,343977,137596618.75,4.7,Yes,Shoulder,-28.0167,153.4
2022-04,Switzerland,Geneva,Nature,438321,119145542.99,4.3,No,Shoulder,46.2044,6.1432
2023-06,Thailand,Bangkok,Adventure,218446,92454849.45,4.0,No,Peak,13.7563,100.5018
2023-08,India,Kerala,Beach,171071,48641134.3,3.4,Yes,Off-Peak,10.8505,76.2711
2025-10,France,Nice,Urban,527584,141541631.28,3.7,No,Off-Peak,43.7102,7.262
2022-10,Japan,Nara,Luxury,583043,87763035.73,4.3,Yes,Peak,34.6851,135.8048
2024-09,USA,San Francisco,Urban,361385,138628480.41,3.7,No,Shoulder,37.7749,-122.4194
2022-10,Brazil,Salvador,Wildlife,518425,144783045.32,3.8,No,Off-Peak,-12.9777,-38.5016
2025-01,Australia,Melbourne,Luxury,255405,42504016.12,4.6,Yes,Off-Peak,-37.8136,144.9631
2024-01,Thailand,Chiang Mai,Adventure,404749,106558916.97,3.3,No,Peak,18.7883,98.9853
2024-06,Thailand,Bangkok,Beach,556499,193274449.01,3.9,Yes,Peak,13.7563,100.5018
2025-04,Thailand,Phuket,Luxury,360007,115360485.2,4.7,No,Off-Peak,7.8804,98.3923
2025-04,Thailand,Chiang Mai,Historical,42642,7115456.9,4.4,No,Peak,18.7883,98.9853
2025-05,France,Cannes,Historical,108225,26424331.16,4.4,Yes,Peak,43.5528,7.0174
2023-11,Australia,Sydney,Religious,312618,74826403.63,3.6,No,Shoulder,-33.8688,151.2093
2022-06,Italy,Venice,Luxury,188573,58324278.03,3.6,Yes,Peak,45.4408,12.3155
2024-06,Thailand,Chiang Mai,Urban,271314,88646712.27,4.8,No,Off-Peak,18.7883,98.9853
2024-05,Switzerland,Zurich,Religious,82449,36725351.01,3.7,No,Shoulder,47.3769,8.5417
2023-01,USA,San Francisco,Luxury,321797,127346052.52,3.4,No,Shoulder,37.7749,-122.4194
2022-02,Australia,Gold Coast,Luxury,314571,57112800.04,4.2,Yes,Shoulder,-28.0167,153.4
2025-03,Thailand,Phuket,Religious,246296,39661458.51,3.5,No,Shoulder,7.8804,98.3923
2023-08,Italy,Rome,Wildlife,46337,4278984.55,3.9,Yes,Peak,41.9028,12.4964
2022-12,USA,Orlando,Nature,440686,56804039.87,4.2,No,Shoulder,28.5383,-81.3792
2023-05,Switzerland,Geneva,Wildlife,177537,77749152.69,3.7,No,Peak,46.2044,6.1432
2023-03,Thailand,Bangkok,Luxury,152594,66819357.13,4.6,No,Peak,13.7563,100.5018
2024-11,UAE,Dubai,Historical,282304,70087848.47,4.4,No,Shoulder,25.2048,55.2708
2022-07,UAE,Sharjah,Nature,394518,100383701.07,4.3,No,Shoulder,25.3463,55.4209
2025-09,Japan,Tokyo,Urban,491819,157489589.24,3.4,Yes,Peak,35.6762,139.6503
2022-07,USA,San Francisco,Nature,126761,51754734.57,3.4,No,Off-Peak,37.7749,-122.4194
2024-03,Switzerland,Geneva,Historical,167029,64885161.14,4.3,No,Peak,46.2044,6.1432
2024-05,Australia,Melbourne,Nature,469920,186331067.29,3.4,No,Shoulder,-37.8136,144.9631
2023-06,Australia,Sydney,Nature,422479,185145736.91,4.9,No,Peak,-33.8688,151.2093
2023-10,Japan,Tokyo,Nature,58035,25875701.83,4.6,Yes,Peak,35.6762,139.6503
2023-03,Switzerland,Zurich,Religious,231441,84826916.07,4.6,Yes,Off-Peak,47.3769,8.5417
2023-05,Italy,Venice,Adventure,571456,68959166.29,4.8,Yes,Peak,45.4408,12.3155
2022-02,Australia,Melbourne,Adventure,344498,61384713.08,3.4,No,Shoulder,-37.8136,144.9631
2024-05,France,Paris,Religious,504380,136131175.59,3.4,Yes,Shoulder,48.8566,2.3522
2025-06,India,Delhi,Beach,485292,49745050.95,4.1,No,Off-Peak,28.6139,77.209
2022-05,France,Cannes,Historical,470108,93636757.04,3.5,Yes,Off-Peak,43.5528,7.0174
2025-10,Brazil,Salvador,Religious,579993,128140537.44,4.3,No,Off-Peak,-12.9777,-38.5016
2022-07,Switzerland,Lucerne,Historical,456096,180401161.83,4.4,Yes,Off-Peak,47.0502,8.3093
2023-10,Thailand,Bangkok,Wildlife,438914,99866176.23,4.5,No,Off-Peak,13.7563,100.5018
2022-10,Australia,Gold Coast,Wildlife,397483,41671849.03,4.7,Yes,Off-Peak,-28.0167,153.4
2024-12,France,Lyon,Beach,141435,42005074.92,4.2,No,Shoulder,45.764,4.8357
2025-07,France,Cannes,Luxury,375774,150758309.89,4.5,No,Shoulder,43.5528,7.0174
2025-01,USA,Orlando,Nature,113633,15596148.01,4.1,Yes,Off-Peak,28.5383,-81.3792
2023-06,Switzerland,Geneva,Nature,125465,47510070.85,4.7,Yes,Shoulder,46.2044,6.1432
2023-06,USA,New York,Urban,194179,81743316.69,3.8,Yes,Peak,40.7128,-74.006
2022-05,Brazil,Salvador,Adventure,425252,150606632.5,4.9,Yes,Shoulder,-12.9777,-38.5016
2024-03,Switzerland,Zurich,Wildlife,399468,82342943.34,3.9,No,Shoulder,47.3769,8.5417
2022-10,Brazil,Rio de Janeiro,Adventure,60164,21607375.69,3.3,Yes,Off-Peak,-22.9068,-43.1729
2024-08,Thailand,Chiang Mai,Wildlife,449611,104870858.89,3.6,Yes,Off-Peak,18.7883,98.9853
2025-08,UAE,Dubai,Wildlife,302005,83040991.96,3.8,Yes,Off-Peak,25.2048,55.2708
2023-02,Brazil,Rio de Janeiro,Urban,13060,5612795.05,4.6,No,Off-Peak,-22.9068,-43.1729
2024-08,Australia,Sydney,Luxury,13105,1900317.74,3.9,Yes,Shoulder,-33.8688,151.2093
2022-05,Switzerland,Lucerne,Luxury,376371,150116632.44,3.3,Yes,Off-Peak,47.0502,8.3093
2025-01,France,Lyon,Luxury,455137,155891074.68,4.0,Yes,Off-Peak,45.764,4.8357
2025-04,India,Mumbai,Wildlife,185222,71838276.36,4.9,Yes,Off-Peak,19.076,72.8777
2025-02,France,Nice,Luxury,461839,126482064.65,3.9,No,Shoulder,43.7102,7.262
2022-11,Australia,Melbourne,Historical,354247,95249513.68,3.4,Yes,Off-Peak,-37.8136,144.9631
2022-07,Australia,Melbourne,Adventure,252745,44156634.66,3.5,Yes,Shoulder,-37.8136,144.9631
2024-06,France,Nice,Wildlife,523119,173685649.7,4.8,No,Shoulder,43.7102,7.262
2022-05,Australia,Melbourne,Wildlife,466124,113555722.87,3.7,No,Shoulder,-37.8136,144.9631
2022-05,India,Mumbai,Urban,536981,134698848.58,3.3,No,Off-Peak,19.076,72.8777
2024-01,France,Paris,Wildlife,536699,158176938.67,4.9,Yes,Off-Peak,48.8566,2.3522
2023-09,Brazil,Salvador,Wildlife,202383,53733880.9,4.9,No,Peak,-12.9777,-38.5016
2025-06,Australia,Sydney,Adventure,534057,50459086.8,4.5,No,Shoulder,-33.8688,151.2093
2023-12,Switzerland,Lucerne,Religious,171457,71949634.58,3.9,No,Shoulder,47.0502,8.3093
2022-05,Brazil,Rio de Janeiro,Religious,355905,40917401.52,4.4,No,Off-Peak,-22.9068,-43.1729
2022-06,Brazil,Rio de Janeiro,Adventure,354555,148628104.57,3.8,No,Peak,-22.9068,-43.1729
2023-08,Brazil,Salvador,Luxury,93834,29847892.34,3.8,Yes,Shoulder,-12.9777,-38.5016
2024-09,Switzerland,Zurich,Religious,448973,38946297.12,3.8,Yes,Off-Peak,47.3769,8.5417
2022-09,Thailand,Bangkok,Adventure,242547,26328739.09,4.7,Yes,Shoulder,13.7563,100.5018
2022-03,Switzerland,Lucerne,Religious,557108,225219447.15,4.3,No,Peak,47.0502,8.3093
2025-11,Italy,Venice,Wildlife,178580,17173359.7,3.9,Yes,Off-Peak,45.4408,12.3155
2023-03,Brazil,Sao Paulo,Nature,475735,92531942.62,4.7,No,Peak,-23.5505,-46.6333
2023-07,Australia,Perth,Luxury,489106,130139111.69,4.0,Yes,Peak,-31.9505,115.8605
2022-04,Brazil,Rio de Janeiro,Wildlife,267147,107773316.22,4.2,Yes,Shoulder,-22.9068,-43.1729
2022-06,Switzerland,Zurich,Adventure,303910,54987281.43,4.8,Yes,Off-Peak,47.3769,8.5417
2023-11,France,Nice,Beach,478041,111628240.75,3.9,No,Peak,43.7102,7.262
2023-03,UAE,Dubai,Beach,398124,78794076.02,3.4,No,Peak,25.2048,55.2708
2024-07,Italy,Rome,Adventure,305814,110328892.09,4.0,Yes,Peak,41.9028,12.4964
2022-10,India,Delhi,Luxury,231130,27998889.04,3.7,No,Peak,28.6139,77.209
2025-05,India,Kerala,Wildlife,445218,45963703.44,4.7,No,Shoulder,10.8505,76.2711
2025-01,Switzerland,Zurich,Nature,545410,188636266.87,3.7,Yes,Shoulder,47.3769,8.5417
2022-12,Australia,Melbourne,Historical,441802,120916474.08,3.8,Yes,Off-Peak,-37.8136,144.9631
2023-12,Thailand,Bangkok,Urban,410674,146408212.75,3.8,Yes,Off-Peak,13.7563,100.5018
2022-09,Japan,Tokyo,Beach,353671,74394923.7,3.8,Yes,Shoulder,35.6762,139.6503
2025-05,Thailand,Chiang Mai,Adventure,506776,192703673.21,3.3,No,Peak,18.7883,98.9853
2023-01,USA,Las Vegas,Beach,50934,10022306.27,3.8,No,Shoulder,36.1699,-115.1398
2025-06,Thailand,Phuket,Nature,43399,8066182.9,4.8,Yes,Shoulder,7.8804,98.3923
2023-12,Australia,Gold Coast,Luxury,135521,55442997.84,4.5,No,Off-Peak,-28.0167,153.4
2023-12,Italy,Milan,Urban,526691,198259550.3,4.5,Yes,Off-Peak,45.4642,9.19
2023-07,Brazil,Rio de Janeiro,Religious,576971,68060206.46,3.8,No,Off-Peak,-22.9068,-43.1729
2022-11,Thailand,Chiang Mai,Wildlife,451815,94913854.17,3.3,No,Shoulder,18.7883,98.9853
2022-05,UAE,Abu Dhabi,Luxury,65144,13968509.91,4.6,Yes,Peak,24.4539,54.3773
2022-09,Italy,Milan,Historical,41489,6941868.57,4.4,No,Off-Peak,45.4642,9.19
2025-08,Brazil,Rio de Janeiro,Wildlife,165891,71509755.11,3.9,Yes,Shoulder,-22.9068,-43.1729
2023-09,Italy,Florence,Urban,422368,72797790.64,3.4,Yes,Off-Peak,43.7696,11.2558
2022-08,Switzerland,Geneva,Urban,593956,217825557.77,4.5,Yes,Shoulder,46.2044,6.1432
2022-08,USA,San Francisco,Adventure,214902,85003567.92,4.0,No,Peak,37.7749,-122.4194
2024-12,Australia,Gold Coast,Urban,73093,29952979.46,4.7,Yes,Off-Peak,-28.0167,153.4
2023-01,Switzerland,Zurich,Adventure,132257,22165266.48,4.1,No,Shoulder,47.3769,8.5417
2024-12,Brazil,Sao Paulo,Adventure,495110,151712048.91,3.4,No,Off-Peak,-23.5505,-46.6333
2024-03,Thailand,Chiang Mai,Historical,435749,55065997.42,3.8,Yes,Off-Peak,18.7883,98.9853
2023-11,Thailand,Chiang Mai,Adventure,547491,221649134.11,4.6,Yes,Peak,18.7883,98.9853
2022-08,UAE,Sharjah,Adventure,63104,12149165.81,3.5,Yes,Off-Peak,25.3463,55.4209
2023-05,Switzerland,Geneva,Nature,87690,27619817.85,4.2,Yes,Shoulder,46.2044,6.1432
2025-06,USA,New York,Adventure,531986,159047388.81,4.2,Yes,Shoulder,40.7128,-74.006
2025-01,Brazil,Salvador,Beach,359019,138343454.8,3.3,Yes,Shoulder,-12.9777,-38.5016
2025-01,Brazil,Sao Paulo,Luxury,226048,69781044.21,3.3,No,Shoulder,-23.5505,-46.6333
2025-08,USA,San Francisco,Luxury,261773,49750098.03,3.3,Yes,Peak,37.7749,-122.4194
2024-06,Thailand,Phuket,Nature,512774,105565424.5,3.5,No,Shoulder,7.8804,98.3923
2023-12,Australia,Perth,Historical,142118,28149721.27,4.0,No,Off-Peak,-31.9505,115.8605
2022-04,Japan,Kyoto,Urban,106514,45778908.79,4.8,No,Peak,35.0116,135.7681
2023-01,Italy,Florence,Adventure,332905,88006183.4,4.1,No,Off-Peak,43.7696,11.2558
2024-02,Thailand,Bangkok,Wildlife,99423,43514867.4,3.6,No,Peak,13.7563,100.5018
2025-03,India,Delhi,Wildlife,523934,97308638.22,3.2,Yes,Off-Peak,28.6139,77.209
2024-02,Italy,Florence,Religious,388545,37587721.28,3.3,Yes,Off-Peak,43.7696,11.2558
2024-01,Switzerland,Geneva,Wildlife,82103,29789392.28,3.7,Yes,Peak,46.2044,6.1432
2023-10,France,Cannes,Religious,396326,142414640.94,3.6,No,Shoulder,43.5528,7.0174
2022-09,India,Goa,Religious,45804,17289515.25,4.1,Yes,Shoulder,15.2993,74.124
2025-04,Switzerland,Zurich,Religious,348897,48889456.23,5.0,No,Shoulder,47.3769,8.5417
2023-08,Australia,Perth,Wildlife,595268,227289435.29,3.9,Yes,Off-Peak,-31.9505,115.8605
2025-03,Brazil,Sao Paulo,Wildlife,32941,5871610.11,4.4,Yes,Shoulder,-23.5505,-46.6333
2024-10,India,Varanasi,Luxury,183794,24752826.76,4.4,Yes,Shoulder,25.3176,82.9739
2024-05,France,Nice,Religious,24857,5840120.09,3.9,Yes,Off-Peak,43.7102,7.262
2025-12,Switzerland,Lucerne,Beach,499514,170402625.45,4.1,No,Shoulder,47.0502,8.3093
2023-09,Thailand,Chiang Mai,Adventure,400129,100062462.48,4.2,No,Shoulder,18.7883,98.9853
2023-04,USA,San Francisco,Urban,206603,59190119.24,3.6,No,Off-Peak,37.7749,-122.4194
2024-07,Japan,Nara,Religious,337441,96973932.39,4.9,No,Off-Peak,34.6851,135.8048
2023-11,France,Cannes,Adventure,418697,78492071.99,3.7,Yes,Off-Peak,43.5528,7.0174
2025-12,Thailand,Chiang Mai,Wildlife,273900,43598065.09,4.7,No,Shoulder,18.7883,98.9853
2025-04,USA,Las Vegas,Nature,119532,20285712.87,4.4,Yes,Shoulder,36.1699,-115.1398
2024-03,Japan,Tokyo,Religious,110065,38018925.35,3.4,Yes,Peak,35.6762,139.6503
2025-06,Switzerland,Zurich,Wildlife,431673,110791445.01,3.6,No,Off-Peak,47.3769,8.5417
2025-06,USA,New York,Nature,98806,27468694.67,4.5,Yes,Peak,40.7128,-74.006
2024-02,UAE,Dubai,Wildlife,43105,6419856.27,4.5,No,Peak,25.2048,55.2708
2023-10,India,Delhi,Urban,117512,29155803.48,4.4,No,Peak,28.6139,77.209
2023-01,Switzerland,Geneva,Historical,291090,58902968.49,4.5,No,Shoulder,46.2044,6.1432
2023-07,Italy,Rome,Nature,358487,51956638.72,4.7,No,Off-Peak,41.9028,12.4964
2024-02,Switzerland,Geneva,Historical,95951,14236158.18,3.5,No,Peak,46.2044,6.1432
2023-04,India,Delhi,Wildlife,407206,146142145.52,4.9,No,Shoulder,28.6139,77.209
2025-06,Brazil,Rio de Janeiro,Religious,279258,93921273.28,3.3,Yes,Off-Peak,-22.9068,-43.1729
2025-08,USA,Las Vegas,Urban,430110,144262093.87,4.3,No,Off-Peak,36.1699,-115.1398
2022-09,Brazil,Rio de Janeiro,Wildlife,234772,32088322.12,4.5,No,Off-Peak,-22.9068,-43.1729
2025-07,Switzerland,Geneva,Nature,568628,205779683.43,4.4,Yes,Shoulder,46.2044,6.1432
2022-05,Thailand,Chiang Mai,Historical,384358,39531403.87,4.2,Yes,Shoulder,18.7883,98.9853
2023-09,Switzerland,Zurich,Wildlife,177529,21837630.71,3.6,No,Peak,47.3769,8.5417
2024-06,Switzerland,Geneva,Adventure,63338,17095034.0,4.0,Yes,Shoulder,46.2044,6.1432
2025-11,Thailand,Chiang Mai,Beach,328139,74323819.08,4.7,Yes,Shoulder,18.7883,98.9853
2023-11,France,Paris,Historical,449278,125901397.01,3.3,Yes,Off-Peak,48.8566,2.3522
2022-12,India,Delhi,Adventure,433728,157597776.43,5.0,No,Off-Peak,28.6139,77.209
2024-01,UAE,Abu Dhabi,Historical,400833,133321156.73,4.4,Yes,Shoulder,24.4539,54.3773
2024-11,Australia,Sydney,Luxury,192143,52968395.07,4.5,Yes,Peak,-33.8688,151.2093
2025-08,India,Delhi,Luxury,490494,135776310.05,4.7,Yes,Off-Peak,28.6139,77.209
2023-01,Australia,Melbourne,Historical,294039,27028184.41,4.4,Yes,Peak,-37.8136,144.9631
2025-03,Japan,Tokyo,Beach,110797,27165562.4,4.4,Yes,Peak,35.6762,139.6503
2023-03,India,Mysuru,Nature,465285,167094411.16,4.6,Yes,Shoulder,12.2958,76.6394
2025-01,USA,Las Vegas,Religious,339394,56900928.95,4.8,Yes,Off-Peak,36.1699,-115.1398
2024-12,USA,Orlando,Adventure,68918,21476052.17,4.0,No,Peak,28.5383,-81.3792
2023-09,Australia,Perth,Luxury,554939,128221927.55,3.7,Yes,Shoulder,-31.9505,115.8605
2023-08,Thailand,Bangkok,Adventure,241290,91240719.96,4.8,No,Off-Peak,13.7563,100.5018
2024-01,Switzerland,Lucerne,Nature,145606,25386171.51,3.8,Yes,Off-Peak,47.0502,8.3093
2025-11,Australia,Sydney,Nature,566654,56137591.7,3.9,Yes,Peak,-33.8688,151.2093
2023-02,Japan,Kyoto,Religious,507681,97565916.01,4.8,Yes,Peak,35.0116,135.7681
2025-09,France,Cannes,Nature,259377,58814736.49,3.6,No,Off-Peak,43.5528,7.0174
2025-06,UAE,Abu Dhabi,Religious,564572,109592596.78,3.8,No,Off-Peak,24.4539,54.3773
2023-02,France,Cannes,Religious,340788,66719865.52,3.3,Yes,Shoulder,43.5528,7.0174
2024-12,Italy,Rome,Luxury,278441,52686925.22,3.6,Yes,Off-Peak,41.9028,12.4964
2024-12,Brazil,Rio de Janeiro,Religious,528555,92608597.42,4.7,No,Off-Peak,-22.9068,-43.1729
2022-09,Italy,Florence,Wildlife,182487,27025900.59,4.8,Yes,Shoulder,43.7696,11.2558
2022-01,India,Jaipur,Luxury,55871,7311942.04,4.3,Yes,Shoulder,26.9124,75.7873
2024-09,Italy,Rome,Wildlife,234344,51106736.96,4.3,No,Shoulder,41.9028,12.4964
2024-11,Thailand,Bangkok,Luxury,11933,1006964.51,4.2,No,Shoulder,13.7563,100.5018
2025-09,USA,New York,Luxury,531611,201098898.14,4.8,Yes,Peak,40.7128,-74.006
2023-01,Switzerland,Zurich,Urban,257674,98335954.58,3.7,No,Peak,47.3769,8.5417
2025-01,Australia,Perth,Nature,486294,217074941.3,3.6,Yes,Shoulder,-31.9505,115.8605
2024-01,India,Jaipur,Luxury,429965,122324841.55,3.3,Yes,Shoulder,26.9124,75.7873
2024-04,Italy,Rome,Religious,529139,153115339.8,4.7,Yes,Shoulder,41.9028,12.4964
2025-09,India,Kerala,Wildlife,226686,40872657.65,4.9,No,Shoulder,10.8505,76.2711
2022-12,Brazil,Salvador,Religious,39500,3388843.06,3.6,Yes,Shoulder,-12.9777,-38.5016
2022-11,UAE,Dubai,Nature,318814,92353239.41,4.7,No,Off-Peak,25.2048,55.2708
2025-12,Italy,Rome,Religious,530119,52941754.56,4.0,Yes,Off-Peak,41.9028,12.4964
2023-09,Brazil,Salvador,Beach,420973,132448836.63,4.6,No,Off-Peak,-12.9777,-38.5016
2024-01,Japan,Osaka,Luxury,584902,86988381.89,4.3,No,Peak,34.6937,135.5023
2025-10,Brazil,Sao Paulo,Historical,263421,29069577.78,3.5,Yes,Shoulder,-23.5505,-46.6333
2022-07,UAE,Abu Dhabi,Historical,383221,31394319.78,3.8,No,Off-Peak,24.4539,54.3773
2022-12,France,Nice,Luxury,96537,23755068.16,4.2,No,Peak,43.7102,7.262
2024-12,India,Jaipur,Historical,376106,113156035.51,4.6,No,Peak,26.9124,75.7873
2022-06,USA,San Francisco,Nature,411637,120043788.06,3.5,No,Peak,37.7749,-122.4194
2023-06,Italy,Florence,Wildlife,320759,42980385.64,3.5,No,Off-Peak,43.7696,11.2558
2023-12,USA,San Francisco,Urban,85657,36777882.2,4.5,No,Shoulder,37.7749,-122.4194
2022-07,Brazil,Rio de Janeiro,Adventure,485102,93490535.13,4.9,No,Shoulder,-22.9068,-43.1729
2023-10,UAE,Abu Dhabi,Luxury,466607,178115988.17,4.7,Yes,Off-Peak,24.4539,54.3773
2023-09,Australia,Melbourne,Adventure,507278,221626009.69,4.9,No,Shoulder,-37.8136,144.9631
2023-09,Thailand,Chiang Mai,Luxury,259200,47617905.25,4.6,No,Peak,18.7883,98.9853
2022-12,Brazil,Rio de Janeiro,Beach,577133,249674491.86,4.0,Yes,Off-Peak,-22.9068,-43.1729
2025-08,USA,New York,Wildlife,434016,57071487.46,3.7,No,Shoulder,40.7128,-74.006
2022-05,Italy,Milan,Wildlife,400303,178758998.38,4.1,No,Shoulder,45.4642,9.19
2024-11,Switzerland,Lucerne,Beach,443620,165278056.89,3.8,Yes,Peak,47.0502,8.3093
2025-06,Japan,Osaka,Beach,179418,51742627.6,4.4,No,Off-Peak,34.6937,135.5023
2022-07,UAE,Dubai,Urban,16060,2603974.81,4.5,Yes,Off-Peak,25.2048,55.2708
2025-08,Australia,Perth,Adventure,490556,101858034.06,3.2,Yes,Off-Peak,-31.9505,115.8605
2025-11,UAE,Dubai,Adventure,126707,26466761.06,3.8,Yes,Shoulder,25.2048,55.2708
2022-07,Thailand,Phuket,Wildlife,504292,175058794.77,4.0,Yes,Off-Peak,7.8804,98.3923
2023-10,India,Jaipur,Historical,28682,9480592.83,3.5,Yes,Shoulder,26.9124,75.7873
2024-12,Italy,Venice,Luxury,352067,153019292.14,3.6,No,Shoulder,45.4408,12.3155
2024-02,Italy,Venice,Beach,458125,161641937.32,4.8,No,Shoulder,45.4408,12.3155
2025-10,UAE,Abu Dhabi,Nature,9666,1509251.73,4.6,Yes,Shoulder,24.4539,54.3773
2023-09,France,Nice,Nature,388561,96865792.35,3.7,No,Shoulder,43.7102,7.262
2025-02,Australia,Perth,Historical,416612,86960304.25,4.7,Yes,Shoulder,-31.9505,115.8605
2023-09,USA,New York,Historical,145454,24475822.22,3.4,No,Shoulder,40.7128,-74.006
2025-03,Italy,Milan,Adventure,443555,129818895.24,4.0,No,Shoulder,45.4642,9.19
2024-12,Switzerland,Lucerne,Adventure,186649,48746661.98,3.5,No,Off-Peak,47.0502,8.3093
2022-01,Brazil,Rio de Janeiro,Wildlife,381479,49789816.77,4.7,No,Off-Peak,-22.9068,-43.1729
2024-08,Thailand,Phuket,Adventure,470412,52021984.13,3.3,Yes,Off-Peak,7.8804,98.3923
2024-11,India,Delhi,Urban,240765,34245768.75,4.0,No,Shoulder,28.6139,77.209
2023-06,Switzerland,Zurich,Religious,124754,35000489.5,4.6,No,Shoulder,47.3769,8.5417
2025-12,Japan,Nara,Nature,112391,21371407.82,5.0,No,Off-Peak,34.6851,135.8048
2022-08,Australia,Sydney,Nature,465398,73372285.39,4.5,No,Shoulder,-33.8688,151.2093
2022-11,Brazil,Salvador,Adventure,453965,168146023.29,4.7,Yes,Shoulder,-12.9777,-38.5016
2022-11,Australia,Gold Coast,Religious,569939,252044156.95,3.7,No,Shoulder,-28.0167,153.4
2022-04,France,Nice,Urban,436589,174988192.97,3.4,Yes,Peak,43.7102,7.262
2025-08,Italy,Florence,Luxury,264579,69081505.09,4.2,No,Shoulder,43.7696,11.2558
2022-05,UAE,Abu Dhabi,Historical,478947,109705102.65,4.5,No,Off-Peak,24.4539,54.3773
2025-11,Thailand,Phuket,Historical,7593,2660927.49,4.0,No,Peak,7.8804,98.3923
2024-04,Switzerland,Geneva,Nature,233411,61397486.93,3.8,No,Off-Peak,46.2044,6.1432
2025-01,Switzerland,Lucerne,Wildlife,141937,52754058.6,4.8,Yes,Peak,47.0502,8.3093
2022-08,France,Cannes,Adventure,22072,5369583.48,3.2,No,Peak,43.5528,7.0174
2023-06,Italy,Florence,Historical,171699,55320996.59,3.7,No,Shoulder,43.7696,11.2558
2025-05,Italy,Rome,Urban,420594,146625669.41,4.6,No,Shoulder,41.9028,12.4964
2023-02,France,Paris,Wildlife,6139,668152.35,4.3,No,Peak,48.8566,2.3522
2024-04,India,Mumbai,Adventure,131451,33749924.54,3.6,Yes,Shoulder,19.076,72.8777
2023-12,France,Paris,Urban,333572,43610482.45,4.6,Yes,Shoulder,48.8566,2.3522
2025-01,Italy,Rome,Beach,561278,171648981.93,3.5,No,Shoulder,41.9028,12.4964
2025-04,Japan,Kyoto,Wildlife,436709,173891468.44,3.4,Yes,Peak,35.0116,135.7681
2024-04,France,Cannes,Religious,373611,139244208.71,3.6,Yes,Peak,43.5528,7.0174
2025-09,Switzerland,Lucerne,Beach,303761,119596804.81,4.4,No,Peak,47.0502,8.3093
2023-01,Switzerland,Lucerne,Luxury,539273,102111643.98,3.3,Yes,Off-Peak,47.0502,8.3093
2024-08,UAE,Dubai,Historical,257792,71012932.45,5.0,No,Off-Peak,25.2048,55.2708
2023-12,Italy,Milan,Adventure,446307,161656232.31,4.9,Yes,Peak,45.4642,9.19
2023-05,Brazil,Rio de Janeiro,Nature,19463,1843845.58,3.3,No,Shoulder,-22.9068,-43.1729
2025-09,USA,San Francisco,Luxury,449150,49630307.14,4.2,Yes,Off-Peak,37.7749,-122.4194
2024-09,France,Lyon,Nature,87860,38701974.36,3.5,No,Off-Peak,45.764,4.8357
2023-08,Brazil,Salvador,Luxury,74326,26020387.95,4.7,Yes,Peak,-12.9777,-38.5016
2024-06,France,Cannes,Beach,126620,24619653.92,4.5,Yes,Peak,43.5528,7.0174
2022-11,India,Agra,Wildlife,16901,7311642.93,4.1,No,Peak,27.1767,78.0081
2025-11,Australia,Melbourne,Historical,286819,104812039.86,3.3,No,Off-Peak,-37.8136,144.9631
2025-10,Switzerland,Zurich,Historical,280722,73991189.0,4.1,Yes,Off-Peak,47.3769,8.5417
2022-11,Brazil,Rio de Janeiro,Urban,390548,142992008.13,4.8,Yes,Peak,-22.9068,-43.1729
2022-01,Switzerland,Zurich,Nature,51177,4964842.8,3.9,Yes,Peak,47.3769,8.5417
2023-09,India,Mysuru,Nature,240421,56262106.24,4.5,No,Peak,12.2958,76.6394
2024-09,Brazil,Sao Paulo,Beach,130200,19055734.73,4.6,Yes,Off-Peak,-23.5505,-46.6333
2023-08,France,Cannes,Religious,301020,33702994.89,4.0,No,Peak,43.5528,7.0174
2024-06,USA,Orlando,Religious,259367,77531448.01,4.1,Yes,Shoulder,28.5383,-81.3792
2022-01,Switzerland,Zurich,Luxury,162880,14471365.92,4.2,Yes,Off-Peak,47.3769,8.5417
2022-07,India,Mysuru,Nature,327448,90385917.08,3.6,No,Peak,12.2958,76.6394
2022-03,Italy,Florence,Nature,102545,42248167.21,4.1,No,Off-Peak,43.7696,11.2558
2022-09,France,Paris,Luxury,534979,57610432.94,4.2,No,Shoulder,48.8566,2.3522
2023-05,Italy,Venice,Religious,310844,131373716.25,3.9,No,Off-Peak,45.4408,12.3155
2022-05,Thailand,Phuket,Nature,249959,32585000.98,4.6,Yes,Peak,7.8804,98.3923
2024-06,France,Nice,Religious,476404,109768076.14,4.2,Yes,Off-Peak,43.7102,7.262
2022-08,USA,San Francisco,Historical,282880,39127308.01,4.4,Yes,Peak,37.7749,-122.4194
2025-10,Australia,Melbourne,Nature,100643,44112632.2,3.9,Yes,Shoulder,-37.8136,144.9631
2022-02,USA,Orlando,Luxury,187313,74213875.64,4.2,Yes,Peak,28.5383,-81.3792
2022-08,Thailand,Bangkok,Beach,151583,15585400.0,4.6,Yes,Peak,13.7563,100.5018
2025-08,Japan,Nara,Historical,395321,116801466.17,3.7,Yes,Peak,34.6851,135.8048
2022-09,France,Nice,Historical,469971,194981027.56,4.7,No,Peak,43.7102,7.262
2022-11,India,Varanasi,Luxury,58097,22310619.01,3.9,Yes,Off-Peak,25.3176,82.9739
2023-02,UAE,Dubai,Adventure,376136,68360180.79,4.0,Yes,Peak,25.2048,55.2708
2025-06,Brazil,Salvador,Urban,262724,69514115.76,4.8,No,Peak,-12.9777,-38.5016
2022-09,France,Lyon,Luxury,406620,62537907.34,4.8,Yes,Shoulder,45.764,4.8357
2025-10,Switzerland,Zurich,Religious,406078,104558280.1,4.6,No,Shoulder,47.3769,8.5417
2023-06,Switzerland,Geneva,Adventure,412247,36955180.7,4.3,Yes,Off-Peak,46.2044,6.1432
2023-11,India,Varanasi,Nature,560149,246674242.86,3.4,Yes,Off-Peak,25.3176,82.9739
2023-03,Switzerland,Lucerne,Luxury,63624,13442333.33,4.7,Yes,Peak,47.0502,8.3093
2025-02,Japan,Osaka,Beach,381211,129717551.47,3.8,Yes,Shoulder,34.6937,135.5023
2023-08,Japan,Nara,Adventure,573458,149937174.79,3.4,Yes,Shoulder,34.6851,135.8048
2024-07,Japan,Tokyo,Beach,557021,112931316.31,4.3,Yes,Off-Peak,35.6762,139.6503
2022-02,Italy,Florence,Adventure,67448,20035117.79,4.9,Yes,Shoulder,43.7696,11.2558
2025-10,Australia,Sydney,Luxury,396738,117762219.2,3.8,No,Peak,-33.8688,151.2093
2025-06,Italy,Milan,Religious,515866,74519416.97,4.9,No,Peak,45.4642,9.19
2023-08,Brazil,Rio de Janeiro,Urban,401764,51071795.71,4.5,No,Shoulder,-22.9068,-43.1729
2025-04,India,Agra,Nature,338674,107247660.52,3.4,No,Peak,27.1767,78.0081
2023-11,Australia,Sydney,Religious,254556,36177077.23,4.8,Yes,Shoulder,-33.8688,151.2093
2023-05,Australia,Perth,Nature,16949,2920823.19,3.3,No,Peak,-31.9505,115.8605
2024-05,India,Goa,Luxury,409684,179674159.48,4.8,No,Off-Peak,15.2993,74.124
2024-07,Australia,Perth,Nature,111355,15610067.87,3.3,Yes,Off-Peak,-31.9505,115.8605
2022-07,India,Mumbai,Historical,278812,57566044.43,4.8,Yes,Shoulder,19.076,72.8777
2025-03,France,Paris,Wildlife,359366,122424036.23,4.0,Yes,Shoulder,48.8566,2.3522
2022-07,UAE,Dubai,Religious,61157,9543774.69,3.5,No,Shoulder,25.2048,55.2708
2022-07,USA,Orlando,Beach,254087,57264557.65,4.2,No,Peak,28.5383,-81.3792
2024-04,India,Mumbai,Historical,9000,1700849.67,4.4,No,Peak,19.076,72.8777
2022-11,France,Paris,Urban,222005,98017726.71,4.1,Yes,Off-Peak,48.8566,2.3522
2025-07,UAE,Abu Dhabi,Urban,517855,58890804.46,4.2,Yes,Off-Peak,24.4539,54.3773
2024-05,UAE,Abu Dhabi,Beach,200646,35598514.54,4.0,Yes,Off-Peak,24.4539,54.3773
2025-09,Brazil,Rio de Janeiro,Historical,163471,18261624.19,3.8,No,Shoulder,-22.9068,-43.1729
2024-10,Japan,Tokyo,Luxury,410910,179683649.56,4.4,No,Shoulder,35.6762,139.6503
2022-06,Japan,Nara,Luxury,318369,131813541.68,4.5,Yes,Peak,34.6851,135.8048
2023-02,Thailand,Bangkok,Nature,180284,22839967.13,4.0,No,Peak,13.7563,100.5018
2025-11,Italy,Florence,Historical,340281,38179580.31,4.2,No,Off-Peak,43.7696,11.2558
2025-09,Switzerland,Geneva,Luxury,17964,2184996.74,3.5,Yes,Peak,46.2044,6.1432
2024-11,Brazil,Rio de Janeiro,Religious,304990,123466240.34,3.7,No,Shoulder,-22.9068,-43.1729
2022-12,Brazil,Sao Paulo,Urban,44285,10145709.65,4.3,No,Peak,-23.5505,-46.6333
2022-04,UAE,Abu Dhabi,Wildlife,254119,106910136.06,4.8,Yes,Off-Peak,24.4539,54.3773
2024-08,USA,Orlando,Historical,298964,131491469.93,3.6,No,Shoulder,28.5383,-81.3792
2025-11,Thailand,Phuket,Luxury,287507,87356782.11,3.4,No,Peak,7.8804,98.3923
2024-10,UAE,Sharjah,Religious,512993,196874624.82,4.1,Yes,Peak,25.3463,55.4209
2024-10,USA,San Francisco,Beach,147239,21244058.39,4.8,Yes,Peak,37.7749,-122.4194
2022-04,Japan,Tokyo,Religious,483621,164776716.09,3.7,No,Shoulder,35.6762,139.6503
2025-08,UAE,Sharjah,Beach,134890,22866160.94,4.1,No,Peak,25.3463,55.4209
2023-11,Thailand,Chiang Mai,Religious,583115,81927679.29,4.8,Yes,Off-Peak,18.7883,98.9853
2022-11,India,Mysuru,Nature,57062,22661097.07,4.4,Yes,Off-Peak,12.2958,76.6394
2025-08,UAE,Sharjah,Beach,26026,6647455.94,3.4,Yes,Shoulder,25.3463,55.4209
2025-03,India,Kerala,Urban,269650,92682474.87,4.5,No,Off-Peak,10.8505,76.2711
2023-05,UAE,Abu Dhabi,Nature,486294,122875924.56,4.4,No,Shoulder,24.4539,54.3773
2025-07,France,Paris,Religious,541361,155770744.99,4.3,No,Off-Peak,48.8566,2.3522
2023-10,France,Cannes,Urban,71938,22805788.78,4.8,No,Shoulder,43.5528,7.0174
2024-10,USA,Las Vegas,Nature,162212,66974772.91,4.6,No,Shoulder,36.1699,-115.1398
2025-06,Australia,Melbourne,Wildlife,31691,14231273.5,3.7,No,Off-Peak,-37.8136,144.9631
2025-02,UAE,Sharjah,Nature,42034,8699852.99,4.5,No,Shoulder,25.3463,55.4209
2025-07,Australia,Gold Coast,Adventure,183243,34577972.34,4.0,No,Shoulder,-28.0167,153.4
2025-06,Switzerland,Zurich,Historical,356936,57907083.37,3.6,No,Off-Peak,47.3769,8.5417
2025-02,Australia,Gold Coast,Urban,278216,69996761.96,3.4,Yes,Shoulder,-28.0167,153.4
2024-07,Brazil,Salvador,Nature,79675,21127947.88,4.8,No,Shoulder,-12.9777,-38.5016
2022-10,USA,San Francisco,Adventure,61688,27584943.11,3.8,No,Peak,37.7749,-122.4194
2024-08,Australia,Melbourne,Religious,89736,28130632.04,3.5,Yes,Peak,-37.8136,144.9631
2022-11,Thailand,Phuket,Adventure,224553,58640561.64,4.6,Yes,Peak,7.8804,98.3923
2024-02,Brazil,Sao Paulo,Luxury,455268,199030103.79,3.9,Yes,Shoulder,-23.5505,-46.6333
2023-09,Japan,Osaka,Nature,19760,1711788.38,3.2,Yes,Peak,34.6937,135.5023
2022-07,Australia,Gold Coast,Luxury,140193,37324212.85,3.8,Yes,Peak,-28.0167,153.4
2025-11,USA,Orlando,Religious,483073,116157866.56,4.4,Yes,Off-Peak,28.5383,-81.3792
2022-11,Thailand,Phuket,Luxury,202579,17639799.65,3.6,Yes,Peak,7.8804,98.3923
2023-12,India,Agra,Beach,134144,29353551.06,4.4,Yes,Shoulder,27.1767,78.0081
2022-04,India,Jaipur,Historical,25700,6019118.85,3.9,No,Off-Peak,26.9124,75.7873
2023-08,Italy,Venice,Luxury,14756,4792983.32,4.4,No,Shoulder,45.4408,12.3155
2024-03,Brazil,Salvador,Historical,148826,40076813.45,4.3,No,Peak,-12.9777,-38.5016
2025-03,France,Cannes,Nature,213296,78459824.28,4.7,Yes,Off-Peak,43.5528,7.0174
2022-03,UAE,Abu Dhabi,Wildlife,173163,72179871.33,4.4,No,Off-Peak,24.4539,54.3773
2025-07,Japan,Tokyo,Historical,18368,7632741.88,4.7,No,Peak,35.6762,139.6503
2023-05,France,Paris,Nature,111210,27691062.78,5.0,No,Off-Peak,48.8566,2.3522
2022-03,India,Jaipur,Urban,188188,40136628.56,4.4,No,Shoulder,26.9124,75.7873
2022-01,France,Paris,Adventure,53118,17286794.17,3.5,No,Off-Peak,48.8566,2.3522
2023-12,Brazil,Sao Paulo,Religious,102466,15130302.27,3.9,No,Off-Peak,-23.5505,-46.6333
2024-03,UAE,Sharjah,Adventure,506476,61704440.01,4.5,Yes,Peak,25.3463,55.4209
2025-01,France,Cannes,Wildlife,511121,75168729.22,3.9,No,Shoulder,43.5528,7.0174
2024-08,India,Agra,Historical,511545,208919967.29,4.0,Yes,Off-Peak,27.1767,78.0081
2025-12,Australia,Sydney,Nature,555311,245348259.18,4.4,No,Shoulder,-33.8688,151.2093
2024-04,Switzerland,Lucerne,Nature,104868,27088870.52,4.4,No,Peak,47.0502,8.3093
2022-01,Switzerland,Lucerne,Adventure,62216,16615405.06,4.0,No,Peak,47.0502,8.3093
2023-04,France,Cannes,Religious,341208,149774503.17,3.3,Yes,Shoulder,43.5528,7.0174
2022-06,UAE,Abu Dhabi,Wildlife,251415,61433226.16,4.2,Yes,Off-Peak,24.4539,54.3773
2024-08,Thailand,Phuket,Beach,129473,15274969.34,3.9,Yes,Peak,7.8804,98.3923
2024-09,Brazil,Salvador,Nature,324394,104519913.51,4.0,No,Off-Peak,-12.9777,-38.5016
2023-10,India,Kerala,Wildlife,481535,166208298.85,3.9,No,Peak,10.8505,76.2711
2023-10,France,Nice,Religious,7303,2826677.55,4.9,No,Shoulder,43.7102,7.262
2022-03,Switzerland,Geneva,Adventure,116486,30542185.69,4.7,No,Peak,46.2044,6.1432
2022-08,USA,Las Vegas,Luxury,201653,32217720.02,4.7,Yes,Shoulder,36.1699,-115.1398
2022-03,Australia,Sydney,Historical,439603,160760053.86,4.0,Yes,Off-Peak,-33.8688,151.2093
2024-04,India,Goa,Wildlife,585099,246921855.34,4.6,Yes,Shoulder,15.2993,74.124
2022-07,Brazil,Rio de Janeiro,Luxury,139618,45136135.68,4.3,No,Shoulder,-22.9068,-43.1729
2023-06,UAE,Abu Dhabi,Luxury,265297,115809995.66,4.9,No,Peak,24.4539,54.3773
2023-08,Italy,Milan,Religious,542179,186180750.87,4.9,Yes,Peak,45.4642,9.19
2025-08,Japan,Osaka,Adventure,367066,162644791.25,4.4,Yes,Shoulder,34.6937,135.5023
2025-10,Switzerland,Lucerne,Historical,343041,124004779.36,4.2,No,Shoulder,47.0502,8.3093
2022-01,Switzerland,Geneva,Historical,447904,40020532.47,3.5,Yes,Peak,46.2044,6.1432
2025-08,USA,Las Vegas,Urban,305538,40996631.86,3.3,No,Peak,36.1699,-115.1398
2024-05,Switzerland,Zurich,Historical,381105,117365198.12,4.4,Yes,Shoulder,47.3769,8.5417
2024-09,Switzerland,Geneva,Urban,254136,85487880.89,3.3,No,Off-Peak,46.2044,6.1432
2024-12,UAE,Sharjah,Beach,332841,28223964.19,3.7,No,Peak,25.3463,55.4209
2023-07,Australia,Melbourne,Wildlife,207897,30279695.45,4.4,Yes,Peak,-37.8136,144.9631
2022-03,Switzerland,Zurich,Luxury,400521,73404096.92,3.7,Yes,Shoulder,47.3769,8.5417
2024-06,USA,New York,Adventure,351620,33325846.71,4.9,Yes,Shoulder,40.7128,-74.006
2024-08,Brazil,Salvador,Religious,320783,34312840.48,4.5,Yes,Peak,-12.9777,-38.5016
2022-11,Switzerland,Zurich,Luxury,534678,150212254.13,3.9,No,Peak,47.3769,8.5417
2023-12,Japan,Osaka,Urban,352148,56634116.08,4.6,No,Shoulder,34.6937,135.5023
2024-05,India,Jaipur,Nature,367814,152519110.34,4.3,Yes,Peak,26.9124,75.7873
2024-01,Australia,Perth,Urban,123881,34672781.27,3.7,No,Shoulder,-31.9505,115.8605
2022-03,Switzerland,Geneva,Urban,515451,212553536.83,3.5,Yes,Peak,46.2044,6.1432
2023-02,Italy,Rome,Nature,73652,29463143.36,4.0,Yes,Peak,41.9028,12.4964
2025-06,Switzerland,Lucerne,Historical,461379,164412224.64,3.5,No,Shoulder,47.0502,8.3093
2022-05,Australia,Sydney,Beach,96772,14114883.33,3.7,Yes,Shoulder,-33.8688,151.2093
2024-01,Japan,Osaka,Wildlife,432433,135429534.69,4.0,Yes,Off-Peak,34.6937,135.5023
2025-12,France,Paris,Beach,71309,24197022.81,3.3,Yes,Off-Peak,48.8566,2.3522
2024-05,USA,New York,Luxury,300192,67901000.51,4.4,No,Peak,40.7128,-74.006
2025-12,Switzerland,Zurich,Luxury,148006,55473397.96,4.7,No,Shoulder,47.3769,8.5417
2022-01,Italy,Florence,Adventure,396255,49768442.72,3.2,No,Shoulder,43.7696,11.2558
2023-02,Switzerland,Zurich,Religious,324491,51380770.97,4.8,Yes,Peak,47.3769,8.5417
2023-01,Italy,Venice,Historical,270018,39720310.52,4.6,Yes,Shoulder,45.4408,12.3155
2022-05,Thailand,Chiang Mai,Urban,581365,190992089.1,3.7,Yes,Shoulder,18.7883,98.9853
2023-11,Brazil,Sao Paulo,Adventure,351922,115563920.9,3.6,No,Shoulder,-23.5505,-46.6333
2024-08,France,Nice,Wildlife,338222,68147690.89,4.4,Yes,Shoulder,43.7102,7.262
2024-04,Brazil,Sao Paulo,Adventure,336699,27537869.32,3.6,Yes,Shoulder,-23.5505,-46.6333
2022-09,UAE,Abu Dhabi,Religious,381948,154619332.62,4.0,No,Off-Peak,24.4539,54.3773
2022-12,Thailand,Chiang Mai,Historical,119119,46630729.73,4.7,Yes,Shoulder,18.7883,98.9853
2025-11,Japan,Osaka,Historical,85176,34928881.95,4.7,Yes,Shoulder,34.6937,135.5023
2022-03,Brazil,Sao Paulo,Urban,228095,64113775.11,5.0,No,Shoulder,-23.5505,-46.6333
2023-03,Italy,Florence,Urban,416564,53960061.8,4.1,Yes,Off-Peak,43.7696,11.2558
2025-04,Australia,Sydney,Adventure,255484,92016713.29,3.5,Yes,Peak,-33.8688,151.2093
2025-12,Brazil,Salvador,Wildlife,158300,67672434.05,3.3,No,Peak,-12.9777,-38.5016
2023-03,France,Lyon,Beach,392380,128456058.56,4.1,No,Off-Peak,45.764,4.8357
2022-03,Thailand,Phuket,Religious,53693,6346150.43,4.9,No,Shoulder,7.8804,98.3923
2025-06,USA,Las Vegas,Luxury,399956,86054456.11,4.4,Yes,Shoulder,36.1699,-115.1398
2024-10,USA,San Francisco,Luxury,238726,50269074.03,4.8,No,Off-Peak,37.7749,-122.4194
2022-09,Brazil,Rio de Janeiro,Wildlife,531214,75046808.6,3.3,No,Peak,-22.9068,-43.1729
2023-12,Italy,Venice,Historical,170001,55184121.15,3.9,No,Shoulder,45.4408,12.3155
2024-07,France,Cannes,Nature,507073,151408261.97,4.4,No,Peak,43.5528,7.0174
2025-01,Japan,Tokyo,Adventure,139097,18061453.03,4.1,Yes,Peak,35.6762,139.6503
2024-10,Italy,Florence,Luxury,193783,58476400.57,4.2,Yes,Shoulder,43.7696,11.2558
2024-05,USA,New York,Wildlife,232114,93054940.74,3.5,No,Shoulder,40.7128,-74.006
2023-05,Italy,Venice,Adventure,540617,188107206.86,3.8,No,Shoulder,45.4408,12.3155
2024-01,Brazil,Rio de Janeiro,Luxury,245977,31711080.19,3.2,No,Peak,-22.9068,-43.1729
2024-07,Brazil,Rio de Janeiro,Beach,191040,77326969.65,4.2,Yes,Peak,-22.9068,-43.1729
2025-03,Thailand,Chiang Mai,Beach,141659,58346298.21,4.6,No,Shoulder,18.7883,98.9853
2025-09,UAE,Abu Dhabi,Luxury,50548,8335866.38,4.6,No,Off-Peak,24.4539,54.3773
2024-04,Brazil,Salvador,Adventure,107463,18717010.22,4.6,Yes,Off-Peak,-12.9777,-38.5016
2023-05,Brazil,Salvador,Nature,433497,35557027.03,4.5,Yes,Shoulder,-12.9777,-38.5016
2022-01,Switzerland,Zurich,Luxury,550009,177203035.22,4.4,No,Off-Peak,47.3769,8.5417
2024-04,Australia,Sydney,Urban,167297,29558380.44,4.2,No,Shoulder,-33.8688,151.2093
2024-03,USA,San Francisco,Wildlife,218588,31941445.0,4.2,No,Off-Peak,37.7749,-122.4194
2025-12,USA,Orlando,Adventure,422469,167445419.77,4.4,Yes,Off-Peak,28.5383,-81.3792
2024-09,Italy,Rome,Luxury,229875,85249147.31,4.6,Yes,Peak,41.9028,12.4964
2022-06,UAE,Sharjah,Adventure,10547,2684395.06,4.3,Yes,Peak,25.3463,55.4209
2022-06,USA,Las Vegas,Beach,393848,137083933.74,4.9,No,Shoulder,36.1699,-115.1398
2022-12,Switzerland,Geneva,Wildlife,65254,15818852.36,3.6,No,Peak,46.2044,6.1432
2025-08,India,Kerala,Beach,182715,38937260.7,4.4,Yes,Peak,10.8505,76.2711
2025-07,USA,San Francisco,Luxury,375281,86320956.39,3.6,Yes,Shoulder,37.7749,-122.4194
2023-07,France,Paris,Religious,581289,121236995.36,4.7,Yes,Shoulder,48.8566,2.3522
2025-01,Japan,Nara,Beach,428579,75691241.66,3.9,Yes,Shoulder,34.6851,135.8048
2022-08,France,Lyon,Urban,361480,146096417.26,4.7,No,Shoulder,45.764,4.8357
2024-07,Thailand,Phuket,Nature,595525,214546882.89,4.9,No,Shoulder,7.8804,98.3923
2024-07,Thailand,Chiang Mai,Historical,33679,5907071.39,3.9,Yes,Shoulder,18.7883,98.9853
2023-11,Japan,Osaka,Beach,437459,148431091.74,3.7,No,Peak,34.6937,135.5023
2022-05,UAE,Sharjah,Adventure,363605,93201239.98,3.8,No,Peak,25.3463,55.4209
2023-04,Japan,Nara,Nature,214365,86370814.9,3.6,Yes,Peak,34.6851,135.8048
2022-07,Brazil,Sao Paulo,Historical,168573,70879823.22,4.4,No,Shoulder,-23.5505,-46.6333
2023-12,India,Goa,Religious,510719,133893126.58,5.0,No,Off-Peak,15.2993,74.124
2023-03,Italy,Florence,Adventure,422206,42235302.64,4.6,No,Shoulder,43.7696,11.2558
2025-08,India,Mumbai,Adventure,417842,104110570.99,3.4,No,Off-Peak,19.076,72.8777
2024-01,India,Goa,Historical,225989,45290770.51,4.3,No,Peak,15.2993,74.124
2023-06,Switzerland,Geneva,Wildlife,253658,110253698.28,3.8,Yes,Off-Peak,46.2044,6.1432
2025-09,UAE,Dubai,Religious,444450,95591797.06,3.9,No,Peak,25.2048,55.2708
2022-07,Brazil,Rio de Janeiro,Urban,244669,92365582.61,4.2,No,Peak,-22.9068,-43.1729
2022-01,Italy,Venice,Adventure,500962,118208319.83,3.4,No,Off-Peak,45.4408,12.3155
2025-01,USA,Orlando,Beach,594444,135181739.46,4.4,Yes,Peak,28.5383,-81.3792
2024-05,USA,San Francisco,Religious,105979,18664446.56,3.8,No,Off-Peak,37.7749,-122.4194
2023-11,India,Mysuru,Nature,132126,38770510.39,4.4,Yes,Off-Peak,12.2958,76.6394
2024-08,Australia,Gold Coast,Wildlife,540239,221046353.54,3.9,No,Off-Peak,-28.0167,153.4
2024-03,Italy,Venice,Luxury,358777,141391606.73,3.3,Yes,Off-Peak,45.4408,12.3155
2025-06,Japan,Osaka,Urban,337270,115636523.56,4.3,No,Off-Peak,34.6937,135.5023
2024-05,Thailand,Phuket,Luxury,551240,78225200.34,4.7,Yes,Shoulder,7.8804,98.3923
2023-02,Japan,Osaka,Adventure,88953,20184046.44,3.4,No,Shoulder,34.6937,135.5023
2024-10,India,Goa,Historical,421297,49904108.19,4.3,Yes,Shoulder,15.2993,74.124
2023-04,UAE,Abu Dhabi,Urban,245497,59893745.46,3.4,Yes,Peak,24.4539,54.3773
2024-07,India,Mumbai,Wildlife,345998,152496255.96,4.2,No,Shoulder,19.076,72.8777
2022-12,Thailand,Bangkok,Wildlife,570484,178839650.52,4.3,No,Shoulder,13.7563,100.5018
2024-07,Switzerland,Geneva,Nature,369032,139398839.07,4.0,No,Off-Peak,46.2044,6.1432
2022-01,USA,Las Vegas,Beach,323319,88468810.91,4.6,Yes,Off-Peak,36.1699,-115.1398
2022-01,USA,San Francisco,Wildlife,566091,243631006.19,4.1,Yes,Off-Peak,37.7749,-122.4194
2024-12,USA,Las Vegas,Religious,12568,1882325.23,4.8,No,Off-Peak,36.1699,-115.1398
2024-01,Japan,Kyoto,Nature,413654,73341971.86,4.0,Yes,Shoulder,35.0116,135.7681
2023-07,Brazil,Salvador,Urban,290071,67521112.93,4.7,Yes,Peak,-12.9777,-38.5016
2025-04,USA,New York,Wildlife,482461,87175698.74,4.3,Yes,Off-Peak,40.7128,-74.006
2024-11,India,Agra,Beach,57042,8487673.42,3.4,No,Peak,27.1767,78.0081
2023-03,Thailand,Chiang Mai,Historical,13602,1846511.85,4.1,No,Off-Peak,18.7883,98.9853
2024-06,USA,San Francisco,Beach,394438,79752207.86,4.7,Yes,Peak,37.7749,-122.4194
2024-11,USA,San Francisco,Wildlife,79852,11753686.04,4.8,No,Off-Peak,37.7749,-122.4194
2024-01,India,Jaipur,Wildlife,266055,45615132.6,5.0,Yes,Off-Peak,26.9124,75.7873
2024-01,France,Nice,Urban,500793,213537955.54,3.5,Yes,Shoulder,43.7102,7.262
2023-05,Switzerland,Lucerne,Wildlife,133074,42084972.47,3.6,Yes,Shoulder,47.0502,8.3093
2025-05,Japan,Tokyo,Luxury,252428,50503267.54,3.5,No,Shoulder,35.6762,139.6503
2022-01,France,Cannes,Beach,259897,76669224.74,4.4,Yes,Off-Peak,43.5528,7.0174
2024-08,France,Nice,Historical,170358,56865418.32,3.8,Yes,Peak,43.7102,7.262
2022-07,Australia,Melbourne,Adventure,567407,147810582.46,3.8,No,Off-Peak,-37.8136,144.9631
2023-11,Japan,Tokyo,Adventure,401119,69296359.45,3.3,No,Shoulder,35.6762,139.6503
2025-01,USA,San Francisco,Adventure,203994,57350791.84,3.8,No,Off-Peak,37.7749,-122.4194
2022-05,Brazil,Salvador,Adventure,173132,42637590.55,4.7,No,Off-Peak,-12.9777,-38.5016
2022-02,India,Mysuru,Religious,199546,73258550.75,3.6,Yes,Shoulder,12.2958,76.6394
2024-10,Switzerland,Geneva,Wildlife,204092,74151035.12,3.5,No,Off-Peak,46.2044,6.1432
2022-08,UAE,Sharjah,Historical,342666,93748003.31,3.3,Yes,Peak,25.3463,55.4209
2024-08,India,Kerala,Nature,117255,13664760.17,4.2,No,Shoulder,10.8505,76.2711
2022-04,Thailand,Chiang Mai,Religious,273371,44195187.04,4.5,Yes,Peak,18.7883,98.9853
2025-05,Thailand,Bangkok,Beach,495795,105873372.66,4.5,No,Off-Peak,13.7563,100.5018
2022-03,India,Delhi,Historical,559718,217589759.24,3.3,Yes,Shoulder,28.6139,77.209
2024-11,France,Paris,Luxury,247239,37110661.14,4.1,Yes,Shoulder,48.8566,2.3522
2025-05,Italy,Milan,Religious,115639,38110248.86,4.5,No,Peak,45.4642,9.19
2024-02,Italy,Venice,Religious,581680,188049463.48,4.2,No,Off-Peak,45.4408,12.3155
2024-03,Australia,Gold Coast,Luxury,394776,152256157.88,3.8,Yes,Shoulder,-28.0167,153.4
2024-12,Switzerland,Zurich,Urban,398282,84914981.62,4.0,No,Peak,47.3769,8.5417
2024-10,India,Delhi,Adventure,22094,9888444.63,3.7,No,Peak,28.6139,77.209
2025-09,Japan,Osaka,Urban,27755,11659083.67,4.1,Yes,Peak,34.6937,135.5023
2022-10,India,Varanasi,Adventure,377932,67289139.65,4.8,Yes,Peak,25.3176,82.9739
2025-01,USA,Orlando,Luxury,101369,29453171.13,3.6,Yes,Shoulder,28.5383,-81.3792
2024-08,Australia,Perth,Historical,186301,55934182.26,3.7,No,Peak,-31.9505,115.8605
2024-04,India,Mumbai,Luxury,369831,156879000.6,3.4,Yes,Shoulder,19.076,72.8777
2022-04,Brazil,Rio de Janeiro,Urban,406066,111270952.51,3.8,Yes,Off-Peak,-22.9068,-43.1729
2022-10,Switzerland,Lucerne,Beach,236522,77873695.27,5.0,No,Shoulder,47.0502,8.3093
2023-03,Brazil,Salvador,Luxury,99458,18620498.99,3.9,Yes,Off-Peak,-12.9777,-38.5016
2024-12,France,Cannes,Luxury,56706,10045266.67,3.9,No,Shoulder,43.5528,7.0174
2024-12,Italy,Venice,Nature,509283,132672604.86,4.4,Yes,Shoulder,45.4408,12.3155
2023-04,Brazil,Salvador,Nature,554713,59081523.49,4.6,No,Shoulder,-12.9777,-38.5016
2025-07,Brazil,Rio de Janeiro,Luxury,122996,29114385.97,3.8,No,Off-Peak,-22.9068,-43.1729
2023-08,Brazil,Salvador,Adventure,30382,13533091.0,4.3,No,Shoulder,-12.9777,-38.5016
2023-03,Italy,Milan,Nature,52057,17365325.76,3.5,Yes,Peak,45.4642,9.19
2023-07,India,Kerala,Beach,159850,33090613.69,4.6,No,Off-Peak,10.8505,76.2711
2023-02,Thailand,Bangkok,Nature,352997,54858028.48,4.1,No,Shoulder,13.7563,100.5018
2025-09,Thailand,Chiang Mai,Beach,153213,33606423.95,4.8,Yes,Off-Peak,18.7883,98.9853
2023-01,Italy,Rome,Urban,302809,30172355.69,4.4,Yes,Peak,41.9028,12.4964
2025-07,UAE,Sharjah,Religious,289489,115733198.1,3.2,No,Peak,25.3463,55.4209
2023-09,UAE,Sharjah,Wildlife,109442,43854056.84,4.2,Yes,Peak,25.3463,55.4209
2025-10,Switzerland,Geneva,Beach,592923,56154782.25,4.9,No,Off-Peak,46.2044,6.1432
2022-02,Thailand,Phuket,Religious,169631,56520235.22,3.8,No,Peak,7.8804,98.3923
2025-05,Switzerland,Geneva,Urban,70021,28366248.72,4.8,Yes,Shoulder,46.2044,6.1432
2023-10,USA,Las Vegas,Luxury,164077,53007495.12,3.4,No,Shoulder,36.1699,-115.1398
2024-03,Brazil,Salvador,Nature,243475,71087995.82,4.0,No,Shoulder,-12.9777,-38.5016
2022-09,Australia,Perth,Nature,573573,184354896.42,4.2,Yes,Peak,-31.9505,115.8605
2022-10,USA,Las Vegas,Adventure,455955,90039074.38,4.2,Yes,Peak,36.1699,-115.1398
2023-09,Australia,Melbourne,Luxury,35915,15646103.59,3.7,No,Peak,-37.8136,144.9631
2022-12,Japan,Tokyo,Beach,142935,51757559.5,4.3,No,Shoulder,35.6762,139.6503
2025-03,Brazil,Salvador,Nature,247128,40884258.2,3.2,Yes,Shoulder,-12.9777,-38.5016
2025-03,Thailand,Bangkok,Wildlife,531725,182619397.2,3.9,No,Off-Peak,13.7563,100.5018
2023-01,Thailand,Bangkok,Nature,176742,16246996.81,4.6,Yes,Off-Peak,13.7563,100.5018
2023-02,UAE,Dubai,Historical,217686,31677434.81,4.9,No,Shoulder,25.2048,55.2708
2024-06,Thailand,Chiang Mai,Nature,345677,82338741.4,4.6,No,Shoulder,18.7883,98.9853
2024-10,Australia,Perth,Beach,567203,154642318.8,4.0,Yes,Peak,-31.9505,115.8605
2025-12,Switzerland,Lucerne,Beach,419828,120217475.51,4.1,Yes,Peak,47.0502,8.3093
2023-08,USA,San Francisco,Urban,422375,105888758.1,4.0,Yes,Shoulder,37.7749,-122.4194
2025-06,Switzerland,Zurich,Wildlife,491097,55721387.45,4.1,Yes,Shoulder,47.3769,8.5417
2024-03,Switzerland,Zurich,Religious,417160,102966670.99,3.5,Yes,Off-Peak,47.3769,8.5417
2025-09,France,Lyon,Adventure,344817,119237251.82,3.4,Yes,Shoulder,45.764,4.8357
2022-06,Thailand,Chiang Mai,Luxury,385573,134543122.44,5.0,Yes,Off-Peak,18.7883,98.9853
2022-11,Switzerland,Geneva,Religious,51038,14761816.9,4.4,Yes,Peak,46.2044,6.1432
2024-03,Italy,Venice,Urban,58802,11438269.3,4.6,No,Off-Peak,45.4408,12.3155
2023-01,Italy,Rome,Beach,142962,44367873.76,3.7,No,Off-Peak,41.9028,12.4964
2025-03,Thailand,Chiang Mai,Wildlife,11029,1853037.34,4.3,No,Off-Peak,18.7883,98.9853
2025-03,UAE,Abu Dhabi,Beach,88262,15052543.36,4.2,Yes,Peak,24.4539,54.3773
2025-06,Italy,Venice,Religious,62738,5871447.98,4.7,No,Off-Peak,45.4408,12.3155
2024-03,France,Paris,Adventure,119176,16648176.21,3.7,Yes,Off-Peak,48.8566,2.3522
2022-06,Brazil,Sao Paulo,Urban,42581,8492528.58,4.8,Yes,Off-Peak,-23.5505,-46.6333
2024-07,Switzerland,Zurich,Adventure,312057,39053495.14,4.7,No,Shoulder,47.3769,8.5417
2025-09,UAE,Sharjah,Nature,225038,68965119.74,3.4,Yes,Off-Peak,25.3463,55.4209
2024-04,Brazil,Salvador,Religious,306137,53902831.82,4.2,No,Peak,-12.9777,-38.5016
2024-10,Brazil,Salvador,Wildlife,525509,137802463.5,3.5,Yes,Shoulder,-12.9777,-38.5016
2022-08,USA,Las Vegas,Beach,6657,1677615.16,4.6,Yes,Shoulder,36.1699,-115.1398
2023-10,UAE,Abu Dhabi,Religious,52702,15144116.64,4.3,Yes,Shoulder,24.4539,54.3773
2022-05,Japan,Osaka,Urban,271776,51937773.68,4.2,Yes,Peak,34.6937,135.5023
2025-11,Australia,Gold Coast,Beach,420287,163010761.07,3.5,No,Shoulder,-28.0167,153.4
2025-06,Thailand,Phuket,Adventure,42285,10916014.13,4.3,No,Off-Peak,7.8804,98.3923
2024-10,UAE,Sharjah,Urban,63743,18423561.34,4.4,Yes,Peak,25.3463,55.4209
2023-11,Brazil,Salvador,Historical,352832,154807480.96,3.7,Yes,Off-Peak,-12.9777,-38.5016
2022-11,UAE,Sharjah,Luxury,565226,84405309.79,3.4,No,Shoulder,25.3463,55.4209
2024-03,Australia,Sydney,Historical,289685,76450809.12,3.6,No,Off-Peak,-33.8688,151.2093
2022-08,Japan,Osaka,Religious,188514,69831104.12,4.6,Yes,Off-Peak,34.6937,135.5023
2024-09,Switzerland,Zurich,Adventure,511109,76859713.31,4.9,No,Off-Peak,47.3769,8.5417
2025-08,Italy,Rome,Adventure,546218,85165890.36,3.3,No,Shoulder,41.9028,12.4964
2023-08,Switzerland,Zurich,Beach,9309,3111154.95,4.3,Yes,Off-Peak,47.3769,8.5417
2024-10,Thailand,Bangkok,Urban,113111,9989702.98,4.6,Yes,Off-Peak,13.7563,100.5018
2023-06,Japan,Kyoto,Religious,305487,111787232.45,4.4,No,Peak,35.0116,135.7681
2022-01,Italy,Florence,Historical,125020,19557332.48,3.8,No,Off-Peak,43.7696,11.2558
2022-11,Italy,Florence,Historical,261717,51089696.29,4.8,No,Peak,43.7696,11.2558
2025-08,Italy,Rome,Beach,498602,59429848.23,3.3,No,Off-Peak,41.9028,12.4964
2023-08,Italy,Milan,Religious,377899,144528807.38,4.5,Yes,Off-Peak,45.4642,9.19
2025-09,Brazil,Rio de Janeiro,Wildlife,102429,11880464.06,3.8,No,Off-Peak,-22.9068,-43.1729
2025-04,Japan,Kyoto,Urban,155703,65046297.81,3.9,No,Off-Peak,35.0116,135.7681
2022-05,Thailand,Phuket,Wildlife,36734,4473033.47,4.1,Yes,Off-Peak,7.8804,98.3923
2022-07,Australia,Melbourne,Luxury,537623,205637878.27,4.6,No,Shoulder,-37.8136,144.9631
2024-06,France,Lyon,Luxury,563624,168240808.09,3.6,Yes,Shoulder,45.764,4.8357
2022-05,Italy,Milan,Religious,407460,63990824.51,4.4,No,Off-Peak,45.4642,9.19
2025-09,Brazil,Sao Paulo,Nature,575977,82964659.44,4.4,No,Peak,-23.5505,-46.6333
2023-09,Brazil,Salvador,Historical,490394,188384133.91,3.5,No,Peak,-12.9777,-38.5016
2023-09,Brazil,Rio de Janeiro,Wildlife,402316,128196373.16,3.3,Yes,Peak,-22.9068,-43.1729
2022-10,Brazil,Salvador,Adventure,5193,1285789.58,3.7,No,Peak,-12.9777,-38.5016
2025-01,Japan,Osaka,Urban,319295,134054600.96,4.9,No,Peak,34.6937,135.5023
2024-02,Brazil,Rio de Janeiro,Adventure,540218,213616737.92,3.3,Yes,Peak,-22.9068,-43.1729
2023-07,Switzerland,Geneva,Beach,120027,20049218.03,4.5,No,Shoulder,46.2044,6.1432
2024-01,Australia,Perth,Luxury,430756,121341359.79,4.4,No,Peak,-31.9505,115.8605
2024-03,Japan,Nara,Adventure,382789,71479806.31,4.8,Yes,Peak,34.6851,135.8048
2022-10,India,Jaipur,Wildlife,21470,6944103.89,5.0,Yes,Peak,26.9124,75.7873
2025-09,Italy,Milan,Luxury,483180,150076644.5,4.0,No,Shoulder,45.4642,9.19
2023-03,Thailand,Phuket,Adventure,377566,89545662.1,3.2,No,Shoulder,7.8804,98.3923
2024-11,Japan,Osaka,Religious,435794,40259039.38,3.3,No,Shoulder,34.6937,135.5023
2025-09,Australia,Sydney,Historical,509923,67601699.39,4.5,No,Off-Peak,-33.8688,151.2093
2025-04,Switzerland,Zurich,Historical,553779,94549780.15,4.3,Yes,Shoulder,47.3769,8.5417
2025-04,Switzerland,Lucerne,Beach,332679,137837742.62,4.2,Yes,Off-Peak,47.0502,8.3093
2025-01,Thailand,Chiang Mai,Religious,497025,117186546.34,4.9,No,Off-Peak,18.7883,98.9853
2025-11,Italy,Rome,Urban,323841,33266428.24,4.1,Yes,Shoulder,41.9028,12.4964
2023-07,India,Delhi,Wildlife,33624,3716419.08,4.1,No,Off-Peak,28.6139,77.209
2023-05,Italy,Florence,Beach,293586,104025972.54,4.3,Yes,Shoulder,43.7696,11.2558
2023-05,Thailand,Phuket,Nature,188919,49009338.66,4.6,Yes,Off-Peak,7.8804,98.3923
2024-08,France,Nice,Luxury,166638,60828882.63,3.6,No,Shoulder,43.7102,7.262
2022-04,Italy,Venice,Urban,366838,131888919.34,3.4,Yes,Off-Peak,45.4408,12.3155
2024-07,UAE,Abu Dhabi,Nature,321006,70790263.48,4.5,No,Off-Peak,24.4539,54.3773
2023-07,Italy,Milan,Wildlife,17439,3859974.68,3.8,Yes,Peak,45.4642,9.19
2024-04,Switzerland,Lucerne,Urban,376015,76683724.68,3.7,Yes,Off-Peak,47.0502,8.3093
2025-08,Brazil,Sao Paulo,Nature,488507,171805947.43,4.3,Yes,Shoulder,-23.5505,-46.6333
2024-12,Australia,Melbourne,Beach,333487,109696109.31,4.7,Yes,Off-Peak,-37.8136,144.9631
2023-11,France,Paris,Nature,472604,164628173.59,3.7,Yes,Peak,48.8566,2.3522
2025-03,Brazil,Rio de Janeiro,Nature,64645,27906012.75,4.3,Yes,Peak,-22.9068,-43.1729
2025-07,Brazil,Rio de Janeiro,Adventure,399220,164287255.22,4.5,No,Off-Peak,-22.9068,-43.1729
2025-05,Thailand,Chiang Mai,Wildlife,84392,35562560.49,3.7,No,Shoulder,18.7883,98.9853
2022-05,Australia,Gold Coast,Urban,174833,64256232.9,3.9,No,Peak,-28.0167,153.4
2024-05,USA,Orlando,Historical,191572,50179806.64,4.9,No,Peak,28.5383,-81.3792
2024-11,Thailand,Bangkok,Luxury,155861,25062917.06,4.4,No,Shoulder,13.7563,100.5018
2022-05,USA,New York,Historical,41554,12108731.18,3.7,No,Peak,40.7128,-74.006
2022-03,Thailand,Bangkok,Luxury,5909,1055238.07,4.5,No,Shoulder,13.7563,100.5018
2024-04,India,Varanasi,Luxury,506365,198646071.39,4.6,Yes,Shoulder,25.3176,82.9739
2025-09,Japan,Tokyo,Wildlife,408097,50949013.05,4.2,No,Off-Peak,35.6762,139.6503
2025-05,USA,San Francisco,Historical,62875,13529535.79,4.7,No,Peak,37.7749,-122.4194
2022-12,Thailand,Phuket,Beach,217987,95473901.67,4.4,No,Shoulder,7.8804,98.3923
2024-08,UAE,Dubai,Historical,381712,155558800.2,4.0,Yes,Peak,25.2048,55.2708
2025-11,India,Kerala,Nature,31596,8247062.92,3.3,No,Off-Peak,10.8505,76.2711
2022-03,Switzerland,Geneva,Religious,22215,2237942.38,4.6,Yes,Off-Peak,46.2044,6.1432
2024-06,France,Nice,Adventure,553530,196054267.49,3.6,Yes,Peak,43.7102,7.262
2024-07,Italy,Milan,Beach,24989,4242945.88,4.4,Yes,Peak,45.4642,9.19
2024-06,India,Delhi,Adventure,107018,41638595.34,3.3,Yes,Peak,28.6139,77.209
2022-05,Thailand,Chiang Mai,Nature,236287,56165004.43,4.7,No,Off-Peak,18.7883,98.9853
2023-02,France,Nice,Beach,342211,102472190.09,3.8,Yes,Off-Peak,43.7102,7.262
2025-09,Italy,Milan,Religious,181214,51602654.5,4.0,Yes,Peak,45.4642,9.19
2022-02,France,Cannes,Wildlife,170416,18723156.85,3.2,Yes,Shoulder,43.5528,7.0174
2025-09,Brazil,Sao Paulo,Wildlife,441440,148400024.78,3.6,No,Shoulder,-23.5505,-46.6333
2022-12,Thailand,Phuket,Beach,255875,76921303.49,4.5,Yes,Shoulder,7.8804,98.3923
2022-01,USA,Orlando,Nature,444128,67065130.67,5.0,Yes,Shoulder,28.5383,-81.3792
2025-05,Australia,Melbourne,Nature,491765,89637860.05,3.5,Yes,Shoulder,-37.8136,144.9631
2022-11,Thailand,Phuket,Beach,189888,18986942.38,3.9,Yes,Off-Peak,7.8804,98.3923
2022-03,USA,Orlando,Historical,480159,169954317.47,4.9,Yes,Peak,28.5383,-81.3792
2022-08,India,Varanasi,Historical,544915,224057765.38,4.5,No,Off-Peak,25.3176,82.9739
2022-08,Japan,Osaka,Religious,246238,40451821.95,3.6,No,Peak,34.6937,135.5023
2024-07,UAE,Dubai,Wildlife,82101,8218766.72,4.0,Yes,Shoulder,25.2048,55.2708
2023-12,Thailand,Bangkok,Adventure,411145,102524708.91,3.5,No,Off-Peak,13.7563,100.5018
2022-03,Japan,Osaka,Beach,138391,25439523.15,3.4,No,Off-Peak,34.6937,135.5023
2023-03,UAE,Dubai,Urban,365265,110801425.99,4.6,Yes,Shoulder,25.2048,55.2708
2024-03,Switzerland,Zurich,Wildlife,95674,38175231.92,3.6,No,Off-Peak,47.3769,8.5417
2025-12,USA,New York,Nature,453906,77934586.37,4.0,Yes,Shoulder,40.7128,-74.006
2022-03,Italy,Rome,Beach,443065,197948680.09,4.5,Yes,Off-Peak,41.9028,12.4964
2025-09,Switzerland,Geneva,Historical,507550,125569548.08,3.6,Yes,Shoulder,46.2044,6.1432
2023-11,UAE,Dubai,Urban,144158,24283860.05,5.0,Yes,Off-Peak,25.2048,55.2708
2025-01,USA,Las Vegas,Beach,486592,214721219.59,4.0,Yes,Shoulder,36.1699,-115.1398
2025-05,UAE,Dubai,Wildlife,393414,133935342.7,3.2,Yes,Off-Peak,25.2048,55.2708
2024-04,Australia,Sydney,Urban,315997,106895573.87,4.3,Yes,Shoulder,-33.8688,151.2093
2024-09,France,Lyon,Religious,62474,25523866.73,3.4,No,Off-Peak,45.764,4.8357
2023-12,Brazil,Rio de Janeiro,Adventure,388329,124196888.89,4.5,Yes,Peak,-22.9068,-43.1729
2022-08,Australia,Melbourne,Wildlife,570847,201412303.16,4.6,Yes,Shoulder,-37.8136,144.9631
2023-06,Japan,Osaka,Luxury,374844,68425438.26,3.3,No,Off-Peak,34.6937,135.5023
2022-08,Thailand,Chiang Mai,Wildlife,557266,190939034.76,4.4,No,Off-Peak,18.7883,98.9853
2023-01,Brazil,Sao Paulo,Wildlife,73815,8289737.3,3.9,Yes,Off-Peak,-23.5505,-46.6333
2023-06,France,Paris,Historical,177769,60071768.21,4.1,Yes,Shoulder,48.8566,2.3522
2025-08,India,Delhi,Adventure,441770,112803680.94,4.0,Yes,Off-Peak,28.6139,77.209
2023-03,Japan,Tokyo,Religious,28107,6529985.19,3.8,No,Off-Peak,35.6762,139.6503
2024-12,Brazil,Salvador,Wildlife,560919,139928325.63,4.2,No,Peak,-12.9777,-38.5016
2023-12,USA,Las Vegas,Urban,512765,187060467.86,3.3,No,Off-Peak,36.1699,-115.1398
2025-10,Thailand,Bangkok,Urban,173600,25596241.75,3.5,Yes,Peak,13.7563,100.5018
2023-09,Japan,Tokyo,Adventure,48150,11706651.53,3.9,Yes,Shoulder,35.6762,139.6503
2022-10,India,Mumbai,Religious,365549,89895358.92,5.0,No,Peak,19.076,72.8777
2022-10,India,Mysuru,Wildlife,528676,223783357.72,3.5,No,Shoulder,12.2958,76.6394
2025-01,USA,San Francisco,Adventure,308905,116099838.98,4.5,No,Off-Peak,37.7749,-122.4194
2022-09,France,Cannes,Historical,47027,9122787.21,3.9,Yes,Off-Peak,43.5528,7.0174
2022-04,Australia,Sydney,Nature,347220,102731854.1,3.6,No,Peak,-33.8688,151.2093
2024-05,India,Jaipur,Historical,569566,251213131.7,3.9,No,Off-Peak,26.9124,75.7873
2022-04,Brazil,Salvador,Religious,541405,122951158.39,4.5,No,Off-Peak,-12.9777,-38.5016
2023-07,UAE,Abu Dhabi,Religious,17782,3734244.23,5.0,Yes,Peak,24.4539,54.3773
2024-05,Thailand,Chiang Mai,Urban,440798,61977268.7,4.5,No,Shoulder,18.7883,98.9853
2022-10,UAE,Dubai,Nature,95259,18308353.16,5.0,No,Peak,25.2048,55.2708
2022-01,Brazil,Sao Paulo,Luxury,97744,30922117.85,3.7,Yes,Shoulder,-23.5505,-46.6333
2023-01,Thailand,Chiang Mai,Adventure,148578,57640088.88,3.7,No,Peak,18.7883,98.9853
2024-12,USA,Orlando,Wildlife,523101,85303378.39,4.6,Yes,Off-Peak,28.5383,-81.3792
2025-06,USA,San Francisco,Urban,135208,31685725.15,4.1,Yes,Peak,37.7749,-122.4194
2022-05,France,Lyon,Religious,522000,153987042.84,4.2,No,Shoulder,45.764,4.8357
2023-12,Thailand,Chiang Mai,Beach,130392,51211930.7,3.5,Yes,Peak,18.7883,98.9853
2023-11,Australia,Perth,Adventure,147079,14644462.11,3.9,No,Peak,-31.9505,115.8605
2025-05,USA,Orlando,Historical,560338,151364441.51,4.6,Yes,Peak,28.5383,-81.3792
2023-09,Brazil,Rio de Janeiro,Religious,575123,221953848.45,4.4,No,Off-Peak,-22.9068,-43.1729
2025-02,Australia,Sydney,Religious,565380,217460120.52,3.2,No,Off-Peak,-33.8688,151.2093
2022-11,Thailand,Phuket,Historical,361844,58117284.02,4.1,Yes,Shoulder,7.8804,98.3923
2024-11,Brazil,Salvador,Historical,556186,130380073.85,4.8,Yes,Peak,-12.9777,-38.5016
2023-08,India,Varanasi,Religious,370124,48647312.09,4.0,No,Peak,25.3176,82.9739
2023-03,USA,New York,Adventure,129357,51357526.66,3.5,Yes,Off-Peak,40.7128,-74.006
2022-06,Italy,Venice,Luxury,141543,47502214.46,4.6,Yes,Peak,45.4408,12.3155
2023-01,Thailand,Phuket,Historical,49582,4568153.52,4.4,Yes,Off-Peak,7.8804,98.3923
2022-05,France,Lyon,Urban,50383,16475592.51,4.6,Yes,Shoulder,45.764,4.8357
2025-07,Japan,Kyoto,Religious,198757,18052278.03,3.5,No,Shoulder,35.0116,135.7681
2024-09,Australia,Gold Coast,Nature,173356,46254226.4,3.3,Yes,Shoulder,-28.0167,153.4
2022-11,Japan,Kyoto,Beach,300548,132308612.39,3.4,Yes,Shoulder,35.0116,135.7681
2024-05,Thailand,Phuket,Historical,199118,29253213.67,3.8,No,Off-Peak,7.8804,98.3923
2022-08,Japan,Kyoto,Religious,432376,54365963.31,3.4,Yes,Off-Peak,35.0116,135.7681
2025-11,Australia,Gold Coast,Beach,589195,65065828.87,4.1,No,Off-Peak,-28.0167,153.4
2025-08,Thailand,Chiang Mai,Wildlife,332162,54332790.96,3.9,No,Peak,18.7883,98.9853
2022-12,France,Cannes,Beach,390290,175446138.91,4.1,Yes,Off-Peak,43.5528,7.0174
2022-08,Thailand,Chiang Mai,Adventure,94135,21282063.48,4.5,Yes,Shoulder,18.7883,98.9853
2023-01,Italy,Rome,Religious,386377,59539727.42,4.7,No,Peak,41.9028,12.4964
2023-06,Japan,Nara,Urban,528354,190118723.65,4.6,No,Off-Peak,34.6851,135.8048
2024-08,Thailand,Chiang Mai,Urban,429089,57724663.8,4.0,Yes,Off-Peak,18.7883,98.9853
2025-05,Thailand,Phuket,Adventure,247034,22479526.26,4.5,Yes,Off-Peak,7.8804,98.3923
2025-03,India,Agra,Religious,406219,55453995.99,4.3,Yes,Peak,27.1767,78.0081
2023-01,Switzerland,Geneva,Urban,493659,160426584.88,4.1,No,Shoulder,46.2044,6.1432
2024-04,Australia,Sydney,Historical,38133,8463354.49,3.8,No,Off-Peak,-33.8688,151.2093
2022-12,Thailand,Bangkok,Urban,39455,16071563.59,3.5,No,Peak,13.7563,100.5018
2022-08,USA,San Francisco,Wildlife,516133,167345326.73,4.4,No,Off-Peak,37.7749,-122.4194
2022-04,Switzerland,Zurich,Luxury,536297,95168404.05,4.3,No,Shoulder,47.3769,8.5417
2022-04,Australia,Gold Coast,Beach,341050,101793692.66,3.4,No,Off-Peak,-28.0167,153.4
2024-01,Brazil,Rio de Janeiro,Historical,362833,86504768.16,5.0,No,Off-Peak,-22.9068,-43.1729
2023-04,India,Kerala,Urban,264642,79190603.18,4.8,Yes,Off-Peak,10.8505,76.2711
2022-02,France,Lyon,Religious,183026,17173278.34,4.4,No,Shoulder,45.764,4.8357
2022-02,Switzerland,Geneva,Wildlife,284570,84675515.6,5.0,No,Shoulder,46.2044,6.1432
2024-08,UAE,Abu Dhabi,Historical,107472,36069716.84,3.6,No,Shoulder,24.4539,54.3773
2023-12,Australia,Melbourne,Luxury,319070,49344396.27,4.3,Yes,Shoulder,-37.8136,144.9631
2022-04,Japan,Osaka,Urban,283035,126970702.92,3.9,Yes,Shoulder,34.6937,135.5023
2023-06,France,Paris,Historical,358200,103727007.62,4.2,No,Peak,48.8566,2.3522
2024-09,Australia,Sydney,Urban,321509,77219028.28,4.2,Yes,Off-Peak,-33.8688,151.2093
2024-06,UAE,Abu Dhabi,Adventure,545403,221396383.51,4.3,Yes,Shoulder,24.4539,54.3773
2023-06,Thailand,Bangkok,Luxury,494994,210776016.42,4.5,Yes,Shoulder,13.7563,100.5018
2022-10,Japan,Osaka,Nature,489952,66474179.78,4.4,No,Off-Peak,34.6937,135.5023
2025-05,UAE,Abu Dhabi,Nature,72557,28515465.76,3.7,No,Shoulder,24.4539,54.3773
2024-02,Italy,Florence,Nature,252600,30821411.69,3.5,Yes,Off-Peak,43.7696,11.2558
2024-04,Thailand,Phuket,Luxury,592019,189067873.96,3.3,Yes,Off-Peak,7.8804,98.3923
2023-06,Italy,Rome,Adventure,275948,87858728.81,3.3,No,Peak,41.9028,12.4964
2025-03,India,Jaipur,Urban,334153,133946419.14,4.8,No,Off-Peak,26.9124,75.7873
2023-04,France,Cannes,Historical,152388,44384551.8,4.1,Yes,Shoulder,43.5528,7.0174
2024-08,Brazil,Salvador,Historical,269039,45222344.85,3.4,No,Off-Peak,-12.9777,-38.5016
2025-12,Brazil,Salvador,Nature,413892,176373882.11,3.6,Yes,Peak,-12.9777,-38.5016
2024-03,Japan,Osaka,Urban,465823,185990535.25,3.3,No,Shoulder,34.6937,135.5023
2024-04,France,Lyon,Wildlife,577255,192002647.54,4.9,Yes,Off-Peak,45.764,4.8357
2023-08,Thailand,Chiang Mai,Beach,390602,124522787.86,4.8,Yes,Shoulder,18.7883,98.9853
2024-12,India,Kerala,Luxury,270271,52548613.67,4.9,No,Shoulder,10.8505,76.2711
2024-01,France,Nice,Beach,468892,195350707.35,3.9,No,Off-Peak,43.7102,7.262
2023-02,France,Nice,Adventure,316870,132730377.73,4.3,No,Peak,43.7102,7.262
2024-07,USA,New York,Luxury,520576,220101600.18,3.8,No,Peak,40.7128,-74.006
2022-05,Italy,Florence,Religious,535930,126330543.38,4.5,No,Off-Peak,43.7696,11.2558
2025-05,India,Goa,Wildlife,197664,73664855.7,3.4,No,Peak,15.2993,74.124
2022-08,USA,Orlando,Adventure,91226,15723103.91,4.5,Yes,Shoulder,28.5383,-81.3792
2024-07,UAE,Abu Dhabi,Adventure,478421,84418129.61,4.4,No,Off-Peak,24.4539,54.3773
2023-12,Japan,Tokyo,Adventure,439631,99177608.81,3.9,Yes,Peak,35.6762,139.6503
2024-06,India,Kerala,Nature,98298,17384961.79,4.7,Yes,Off-Peak,10.8505,76.2711
2022-10,Brazil,Sao Paulo,Historical,277795,120694193.61,3.5,Yes,Peak,-23.5505,-46.6333
2025-08,Switzerland,Geneva,Wildlife,480747,59540308.81,4.5,Yes,Off-Peak,46.2044,6.1432
2022-09,USA,San Francisco,Luxury,405633,160973411.35,4.3,No,Shoulder,37.7749,-122.4194
2024-03,Japan,Nara,Adventure,194131,17597208.92,5.0,Yes,Shoulder,34.6851,135.8048
2025-02,Thailand,Bangkok,Wildlife,392593,43861789.18,4.0,No,Shoulder,13.7563,100.5018
2025-10,UAE,Sharjah,Luxury,227526,77842940.62,4.5,No,Peak,25.3463,55.4209
2023-10,France,Paris,Nature,59644,15164188.58,3.8,Yes,Peak,48.8566,2.3522
2024-02,USA,San Francisco,Religious,322201,41540780.11,4.8,Yes,Shoulder,37.7749,-122.4194
2024-09,Italy,Florence,Wildlife,183117,77682071.04,4.8,Yes,Peak,43.7696,11.2558
2023-05,Australia,Perth,Historical,153683,30107998.87,5.0,No,Off-Peak,-31.9505,115.8605
2023-05,Australia,Perth,Urban,301668,81836462.98,4.0,Yes,Off-Peak,-31.9505,115.8605
2025-07,Thailand,Bangkok,Wildlife,587667,58585821.77,3.5,Yes,Peak,13.7563,100.5018
2022-11,India,Varanasi,Wildlife,277864,67098334.92,5.0,No,Peak,25.3176,82.9739
2024-08,Thailand,Phuket,Wildlife,593098,155632333.52,4.7,Yes,Peak,7.8804,98.3923
2023-07,Australia,Sydney,Adventure,218630,85032389.88,4.5,No,Shoulder,-33.8688,151.2093
2024-10,Brazil,Rio de Janeiro,Adventure,9326,2182983.7,3.3,No,Shoulder,-22.9068,-43.1729
2023-07,France,Lyon,Historical,32223,7277333.42,4.3,Yes,Off-Peak,45.764,4.8357
2024-06,Italy,Rome,Wildlife,90000,22320048.65,4.9,Yes,Off-Peak,41.9028,12.4964
2025-11,India,Varanasi,Adventure,345698,54691407.42,3.3,No,Off-Peak,25.3176,82.9739
2025-03,India,Jaipur,Luxury,578734,66116814.18,3.7,Yes,Off-Peak,26.9124,75.7873
2022-11,France,Paris,Luxury,223337,82280084.83,3.7,Yes,Peak,48.8566,2.3522
2025-12,USA,San Francisco,Urban,458360,189935987.11,4.3,No,Shoulder,37.7749,-122.4194
2023-01,France,Lyon,Wildlife,542555,132824893.49,3.9,No,Shoulder,45.764,4.8357
2024-04,Brazil,Sao Paulo,Religious,99604,30591484.08,4.0,No,Peak,-23.5505,-46.6333
2025-08,India,Mumbai,Nature,491041,156944525.1,4.5,No,Shoulder,19.076,72.8777
2024-06,Switzerland,Zurich,Luxury,309824,33863068.69,4.6,No,Peak,47.3769,8.5417
2024-10,Italy,Florence,Luxury,265732,50310562.45,3.3,Yes,Peak,43.7696,11.2558
2024-04,Switzerland,Zurich,Luxury,540456,62130397.03,4.4,No,Off-Peak,47.3769,8.5417
2022-02,USA,New York,Historical,532899,188641440.47,4.0,Yes,Off-Peak,40.7128,-74.006
2025-10,India,Jaipur,Urban,441471,86599018.3,4.5,No,Shoulder,26.9124,75.7873
2023-02,USA,Orlando,Adventure,201284,21928200.19,5.0,No,Shoulder,28.5383,-81.3792
2022-02,France,Cannes,Beach,565333,127836219.68,3.2,No,Off-Peak,43.5528,7.0174
2023-08,UAE,Sharjah,Religious,515365,172928173.72,4.9,No,Off-Peak,25.3463,55.4209
2022-01,France,Nice,Nature,146677,17807706.35,3.2,Yes,Peak,43.7102,7.262
2025-06,Japan,Nara,Nature,157205,37924407.0,4.3,Yes,Peak,34.6851,135.8048
2024-07,USA,San Francisco,Luxury,160362,14123438.38,3.5,Yes,Shoulder,37.7749,-122.4194
2022-02,Thailand,Phuket,Wildlife,499392,148086567.33,3.6,No,Peak,7.8804,98.3923
2025-05,Australia,Sydney,Luxury,112650,49837505.32,4.7,No,Peak,-33.8688,151.2093
2024-09,Thailand,Phuket,Wildlife,514713,85342061.46,3.3,Yes,Off-Peak,7.8804,98.3923
2022-05,Brazil,Sao Paulo,Urban,585130,240116616.5,4.0,No,Peak,-23.5505,-46.6333
2024-05,Thailand,Chiang Mai,Luxury,368608,32326391.59,3.7,Yes,Off-Peak,18.7883,98.9853
2024-09,Australia,Perth,Nature,248377,73875695.75,4.4,No,Peak,-31.9505,115.8605
2025-08,USA,San Francisco,Religious,442110,165574565.51,4.6,Yes,Shoulder,37.7749,-122.4194
2025-07,Japan,Osaka,Wildlife,95378,12186039.32,3.6,No,Peak,34.6937,135.5023
2023-04,UAE,Abu Dhabi,Nature,323402,92501797.32,5.0,No,Off-Peak,24.4539,54.3773
2024-09,Australia,Melbourne,Beach,188201,71238172.03,3.8,Yes,Shoulder,-37.8136,144.9631
2023-03,Japan,Tokyo,Wildlife,594280,104233260.52,3.8,No,Peak,35.6762,139.6503
2025-09,Switzerland,Geneva,Historical,163522,55821475.61,4.9,No,Off-Peak,46.2044,6.1432
2024-12,France,Paris,Beach,111816,29933491.96,3.5,Yes,Peak,48.8566,2.3522
2025-10,Australia,Melbourne,Wildlife,311313,112672560.01,4.1,Yes,Peak,-37.8136,144.9631
2022-08,Australia,Gold Coast,Nature,149464,36240555.59,3.9,Yes,Peak,-28.0167,153.4
2024-09,Thailand,Phuket,Adventure,305687,34095266.89,3.9,No,Off-Peak,7.8804,98.3923
2024-03,Japan,Kyoto,Nature,560378,73441965.61,4.0,No,Off-Peak,35.0116,135.7681
2022-02,Switzerland,Lucerne,Wildlife,384347,51451069.75,3.2,Yes,Peak,47.0502,8.3093
2022-11,Australia,Gold Coast,Luxury,426161,43785179.6,4.6,Yes,Shoulder,-28.0167,153.4
2024-02,India,Delhi,Urban,444673,154289918.91,3.8,No,Peak,28.6139,77.209
2024-05,USA,Las Vegas,Nature,428559,175025428.61,4.3,No,Shoulder,36.1699,-115.1398
2023-08,Australia,Perth,Historical,211879,19848605.17,3.8,Yes,Shoulder,-31.9505,115.8605
2022-06,Switzerland,Geneva,Urban,229116,62524443.59,4.6,Yes,Peak,46.2044,6.1432
2023-08,India,Delhi,Luxury,258063,114882741.6,3.4,Yes,Off-Peak,28.6139,77.209
2022-04,USA,Orlando,Historical,134827,33171843.8,4.2,Yes,Off-Peak,28.5383,-81.3792
2025-10,Australia,Melbourne,Nature,598071,125370477.86,3.7,Yes,Shoulder,-37.8136,144.9631
2022-07,UAE,Sharjah,Religious,264662,71746473.98,3.5,No,Off-Peak,25.3463,55.4209
2024-03,France,Nice,Historical,451370,51515754.66,4.0,Yes,Off-Peak,43.7102,7.262
2023-12,Japan,Nara,Luxury,86865,25855245.59,4.1,No,Off-Peak,34.6851,135.8048
2024-05,Brazil,Sao Paulo,Wildlife,448990,157476631.29,4.0,Yes,Peak,-23.5505,-46.6333
2025-10,Switzerland,Zurich,Wildlife,513312,65638498.76,4.5,Yes,Shoulder,47.3769,8.5417
2022-03,Japan,Nara,Adventure,501349,215232002.24,3.9,Yes,Shoulder,34.6851,135.8048
2023-12,UAE,Dubai,Urban,131737,12502419.94,3.5,No,Off-Peak,25.2048,55.2708
2024-08,Australia,Gold Coast,Beach,313261,116766587.16,3.5,No,Peak,-28.0167,153.4
2022-12,USA,Orlando,Wildlife,231053,18662550.27,4.2,Yes,Peak,28.5383,-81.3792
2025-01,UAE,Abu Dhabi,Wildlife,329745,136219735.75,4.6,No,Shoulder,24.4539,54.3773
2024-09,Brazil,Rio de Janeiro,Wildlife,150251,54363989.45,4.4,Yes,Shoulder,-22.9068,-43.1729
2024-01,Australia,Sydney,Nature,434526,179498534.17,3.8,Yes,Shoulder,-33.8688,151.2093
2025-06,Thailand,Chiang Mai,Historical,295848,118458374.12,4.5,No,Shoulder,18.7883,98.9853
2025-04,France,Paris,Beach,206774,89780927.25,4.1,No,Shoulder,48.8566,2.3522
2022-12,India,Jaipur,Beach,562695,102262014.68,3.6,No,Peak,26.9124,75.7873
2024-02,Switzerland,Lucerne,Beach,340996,89288106.13,4.9,No,Off-Peak,47.0502,8.3093
2024-10,Italy,Milan,Religious,30225,6690124.33,3.4,Yes,Shoulder,45.4642,9.19
2022-12,Italy,Florence,Urban,156030,56837474.97,3.5,No,Shoulder,43.7696,11.2558
2022-12,Italy,Rome,Beach,346092,119028386.57,3.7,Yes,Off-Peak,41.9028,12.4964
2023-05,Italy,Milan,Luxury,344966,147777804.77,4.8,Yes,Peak,45.4642,9.19
2024-09,Japan,Kyoto,Luxury,521926,225086908.4,3.7,No,Off-Peak,35.0116,135.7681
2024-07,Switzerland,Geneva,Beach,73637,16993409.47,3.6,Yes,Off-Peak,46.2044,6.1432
2023-04,Switzerland,Lucerne,Adventure,111440,21475240.39,3.9,Yes,Shoulder,47.0502,8.3093
2023-12,Switzerland,Zurich,Adventure,154282,56983864.65,4.2,No,Shoulder,47.3769,8.5417
2024-06,Thailand,Bangkok,Urban,6049,1945550.6,3.5,Yes,Off-Peak,13.7563,100.5018
2023-11,USA,Orlando,Nature,403619,119676622.31,4.1,Yes,Peak,28.5383,-81.3792
2023-08,Switzerland,Lucerne,Historical,78332,17723618.7,3.4,Yes,Shoulder,47.0502,8.3093
2023-02,Switzerland,Geneva,Religious,457945,186408662.98,4.9,No,Shoulder,46.2044,6.1432
2025-07,Thailand,Phuket,Religious,262874,54257989.52,4.0,No,Peak,7.8804,98.3923
2022-01,Italy,Rome,Beach,504676,165988627.57,3.9,No,Off-Peak,41.9028,12.4964
2024-11,Switzerland,Zurich,Beach,86288,35399799.68,4.7,No,Shoulder,47.3769,8.5417
2025-03,France,Lyon,Religious,399659,89163076.76,4.7,Yes,Peak,45.764,4.8357
2024-05,Thailand,Phuket,Beach,207365,33585391.75,3.2,No,Shoulder,7.8804,98.3923
2025-04,Australia,Melbourne,Urban,99336,37659605.02,3.6,No,Off-Peak,-37.8136,144.9631
2025-10,India,Delhi,Nature,521777,43119702.44,5.0,No,Peak,28.6139,77.209
2024-12,USA,San Francisco,Nature,183758,59563357.78,4.2,Yes,Peak,37.7749,-122.4194
2022-09,Brazil,Rio de Janeiro,Urban,73209,31144459.91,4.7,No,Peak,-22.9068,-43.1729
2024-06,India,Delhi,Beach,592324,252933860.7,4.4,Yes,Off-Peak,28.6139,77.209
2022-08,UAE,Abu Dhabi,Wildlife,292347,76993279.09,4.1,Yes,Shoulder,24.4539,54.3773
2024-03,Japan,Tokyo,Wildlife,296433,58400125.1,3.9,No,Peak,35.6762,139.6503
2025-09,Brazil,Rio de Janeiro,Luxury,241588,104940271.31,4.9,Yes,Peak,-22.9068,-43.1729
2025-05,Australia,Gold Coast,Historical,70896,6402824.66,4.0,Yes,Shoulder,-28.0167,153.4
2022-07,Australia,Gold Coast,Wildlife,264159,44429670.56,3.8,Yes,Off-Peak,-28.0167,153.4
2025-03,Switzerland,Zurich,Wildlife,81452,29543982.0,4.3,Yes,Peak,47.3769,8.5417
2023-09,India,Goa,Historical,400727,148100327.5,3.3,No,Peak,15.2993,74.124
2022-07,USA,San Francisco,Beach,73986,21228468.5,3.7,No,Off-Peak,37.7749,-122.4194
2025-03,France,Cannes,Beach,249435,61800554.7,4.0,No,Shoulder,43.5528,7.0174
2025-06,Brazil,Rio de Janeiro,Beach,361113,89559058.23,3.8,Yes,Peak,-22.9068,-43.1729
2025-02,France,Paris,Nature,75825,31438326.21,3.4,No,Off-Peak,48.8566,2.3522
2022-12,UAE,Abu Dhabi,Nature,471222,61701290.9,3.3,Yes,Off-Peak,24.4539,54.3773
2025-06,Brazil,Sao Paulo,Religious,543051,105970781.47,4.8,Yes,Peak,-23.5505,-46.6333
2023-07,Thailand,Phuket,Religious,364557,160040629.31,4.1,Yes,Peak,7.8804,98.3923
2023-11,Japan,Tokyo,Nature,447563,197513573.56,4.4,Yes,Peak,35.6762,139.6503
2025-09,Australia,Melbourne,Wildlife,503833,152113255.01,3.8,No,Shoulder,-37.8136,144.9631
2022-11,USA,San Francisco,Historical,349582,86728418.81,4.6,Yes,Off-Peak,37.7749,-122.4194
2025-09,Japan,Tokyo,Nature,238858,60339973.63,3.6,No,Shoulder,35.6762,139.6503
2024-02,Australia,Perth,Adventure,220289,84954717.1,3.2,Yes,Peak,-31.9505,115.8605
2022-08,Australia,Sydney,Adventure,586636,110001993.42,3.5,No,Peak,-33.8688,151.2093
2023-07,India,Kerala,Adventure,212434,34203927.17,3.7,Yes,Off-Peak,10.8505,76.2711
2023-01,Switzerland,Zurich,Beach,192214,27899602.03,3.7,Yes,Peak,47.3769,8.5417
2023-10,Italy,Milan,Nature,121359,23407333.13,3.6,No,Shoulder,45.4642,9.19
2022-08,Italy,Milan,Adventure,73553,29907205.51,3.4,Yes,Peak,45.4642,9.19
2023-09,Switzerland,Geneva,Luxury,397435,175460863.63,3.6,Yes,Shoulder,46.2044,6.1432
2023-07,Brazil,Rio de Janeiro,Adventure,566479,113999267.03,3.3,No,Peak,-22.9068,-43.1729
2023-02,Switzerland,Lucerne,Historical,517743,191733762.82,4.6,Yes,Peak,47.0502,8.3093
2023-12,Switzerland,Geneva,Wildlife,538891,146573057.66,3.5,No,Shoulder,46.2044,6.1432
2024-07,Thailand,Chiang Mai,Urban,523827,154549432.72,4.3,Yes,Peak,18.7883,98.9853
2023-04,Japan,Kyoto,Luxury,479040,77067801.31,4.0,No,Shoulder,35.0116,135.7681
2024-12,Italy,Florence,Historical,271893,35265124.82,3.4,No,Shoulder,43.7696,11.2558
2024-06,Australia,Melbourne,Religious,48141,11441087.38,4.0,No,Off-Peak,-37.8136,144.9631
2024-01,Thailand,Phuket,Beach,291281,42654991.71,3.6,Yes,Off-Peak,7.8804,98.3923
2024-09,France,Lyon,Historical,531138,196931693.14,4.9,Yes,Peak,45.764,4.8357
2024-11,France,Lyon,Nature,45140,9185556.72,4.4,No,Off-Peak,45.764,4.8357
2025-10,USA,Las Vegas,Urban,149562,12437207.25,3.7,No,Off-Peak,36.1699,-115.1398
2024-07,UAE,Sharjah,Adventure,17468,6991086.01,3.6,Yes,Off-Peak,25.3463,55.4209
2023-10,Japan,Nara,Historical,488814,95728203.81,3.5,No,Peak,34.6851,135.8048
2022-02,Thailand,Phuket,Religious,590573,77608133.07,4.8,No,Shoulder,7.8804,98.3923
2023-10,India,Varanasi,Nature,376890,88600999.79,4.4,No,Shoulder,25.3176,82.9739
2025-02,Switzerland,Geneva,Beach,346919,100607775.62,3.3,Yes,Peak,46.2044,6.1432
2023-02,Australia,Perth,Luxury,404841,41930362.81,3.9,No,Peak,-31.9505,115.8605
2022-06,Australia,Perth,Adventure,324443,38477601.68,4.2,Yes,Shoulder,-31.9505,115.8605
2022-12,Brazil,Sao Paulo,Nature,33142,3503496.6,4.9,No,Peak,-23.5505,-46.6333
2022-05,Japan,Osaka,Wildlife,554868,56184644.63,4.1,Yes,Off-Peak,34.6937,135.5023
2022-08,UAE,Abu Dhabi,Adventure,169663,47249044.58,4.1,Yes,Off-Peak,24.4539,54.3773
2023-08,Japan,Kyoto,Luxury,220667,84431951.38,4.4,Yes,Shoulder,35.0116,135.7681
2024-09,Brazil,Sao Paulo,Wildlife,217832,39626507.84,3.2,Yes,Off-Peak,-23.5505,-46.6333
2024-10,France,Cannes,Religious,263830,109967493.97,4.8,No,Off-Peak,43.5528,7.0174
2023-07,Brazil,Rio de Janeiro,Wildlife,100528,20940915.39,4.7,No,Off-Peak,-22.9068,-43.1729
2023-04,Brazil,Rio de Janeiro,Adventure,440214,181802619.38,4.5,No,Off-Peak,-22.9068,-43.1729
2025-09,Italy,Rome,Beach,417668,70455264.37,4.8,No,Shoulder,41.9028,12.4964
2025-09,Switzerland,Geneva,Nature,74986,31211609.82,3.9,Yes,Off-Peak,46.2044,6.1432
2023-09,France,Paris,Luxury,533896,131790259.58,3.7,Yes,Off-Peak,48.8566,2.3522
2024-01,India,Jaipur,Religious,489341,174207476.55,4.7,No,Peak,26.9124,75.7873
2025-10,India,Delhi,Adventure,125253,25179715.07,4.5,No,Off-Peak,28.6139,77.209
2025-07,France,Paris,Nature,580069,199558336.07,4.0,No,Off-Peak,48.8566,2.3522
2025-03,Italy,Venice,Historical,23943,3485563.12,3.4,No,Peak,45.4408,12.3155
2022-10,France,Paris,Wildlife,291525,61946784.57,3.6,Yes,Shoulder,48.8566,2.3522
2025-09,Switzerland,Zurich,Beach,468531,182495364.98,4.7,Yes,Off-Peak,47.3769,8.5417
2025-03,USA,San Francisco,Beach,59961,5876533.99,3.9,Yes,Peak,37.7749,-122.4194
2022-06,Australia,Melbourne,Beach,214700,50674054.43,5.0,No,Peak,-37.8136,144.9631
2025-07,France,Nice,Adventure,106295,36978356.77,3.3,Yes,Off-Peak,43.7102,7.262
2024-11,Australia,Melbourne,Luxury,222180,94960086.23,3.4,Yes,Peak,-37.8136,144.9631
2022-01,Australia,Gold Coast,Luxury,187055,60227467.79,3.2,Yes,Off-Peak,-28.0167,153.4
2025-06,Japan,Tokyo,Religious,296983,28586814.04,4.8,No,Off-Peak,35.6762,139.6503
2025-10,Brazil,Sao Paulo,Adventure,111759,19358654.45,3.4,No,Shoulder,-23.5505,-46.6333
2023-10,UAE,Sharjah,Adventure,144388,45493883.25,4.8,No,Shoulder,25.3463,55.4209
2022-02,Thailand,Bangkok,Wildlife,356383,78930786.61,4.4,Yes,Shoulder,13.7563,100.5018
2023-03,Brazil,Salvador,Beach,18937,5833524.09,4.8,No,Peak,-12.9777,-38.5016
2022-04,UAE,Dubai,Adventure,88246,19288258.48,3.7,Yes,Off-Peak,25.2048,55.2708
2025-11,Japan,Tokyo,Wildlife,254628,90017258.11,3.8,No,Off-Peak,35.6762,139.6503
2022-02,India,Mysuru,Nature,307467,120947030.98,3.8,Yes,Peak,12.2958,76.6394
2025-08,Switzerland,Zurich,Nature,265401,80942894.87,3.9,No,Peak,47.3769,8.5417
2022-05,Thailand,Chiang Mai,Wildlife,11336,1200419.15,3.5,Yes,Peak,18.7883,98.9853
2025-02,Italy,Rome,Nature,187112,31329050.46,3.3,No,Off-Peak,41.9028,12.4964
2024-04,Italy,Venice,Adventure,261822,79637077.35,3.7,No,Shoulder,45.4408,12.3155
2022-06,Japan,Osaka,Religious,509544,115845060.28,3.5,No,Off-Peak,34.6937,135.5023
2022-10,Switzerland,Lucerne,Wildlife,459484,40126783.0,3.9,Yes,Off-Peak,47.0502,8.3093
2024-12,Brazil,Salvador,Adventure,165221,28946378.38,4.0,No,Off-Peak,-12.9777,-38.5016
2022-05,UAE,Sharjah,Religious,509201,66482733.39,4.0,Yes,Peak,25.3463,55.4209
2025-11,India,Goa,Religious,530021,138779572.63,4.9,No,Shoulder,15.2993,74.124
2023-08,Australia,Perth,Historical,518331,119864772.74,3.3,Yes,Off-Peak,-31.9505,115.8605
2024-04,Brazil,Rio de Janeiro,Urban,208663,76239208.69,4.6,No,Shoulder,-22.9068,-43.1729
2025-09,Thailand,Chiang Mai,Beach,391065,125467473.74,4.9,Yes,Peak,18.7883,98.9853
2025-05,Thailand,Bangkok,Beach,383970,129806597.77,4.4,No,Shoulder,13.7563,100.5018
2023-05,Thailand,Chiang Mai,Nature,159525,48303412.41,4.9,Yes,Peak,18.7883,98.9853
2024-02,France,Paris,Historical,408017,110922973.74,3.5,No,Peak,48.8566,2.3522
2024-09,UAE,Abu Dhabi,Luxury,321900,95555858.98,4.5,Yes,Peak,24.4539,54.3773
2023-06,Brazil,Sao Paulo,Nature,154645,65585909.55,3.9,No,Peak,-23.5505,-46.6333
2022-07,Italy,Milan,Historical,6655,2437627.64,4.0,No,Shoulder,45.4642,9.19
2022-12,USA,San Francisco,Religious,183922,27398495.13,3.4,No,Peak,37.7749,-122.4194
2025-01,Switzerland,Zurich,Nature,477552,71005332.71,3.3,Yes,Peak,47.3769,8.5417
2025-05,USA,San Francisco,Historical,467139,187460048.44,3.5,No,Peak,37.7749,-122.4194
2022-05,UAE,Dubai,Religious,295206,26856856.22,3.6,No,Shoulder,25.2048,55.2708
2023-06,France,Paris,Beach,69022,22512853.49,4.6,Yes,Peak,48.8566,2.3522
2025-03,Japan,Tokyo,Urban,398914,169493572.54,4.1,No,Shoulder,35.6762,139.6503
2025-08,UAE,Abu Dhabi,Religious,393796,177127353.7,4.7,No,Shoulder,24.4539,54.3773
2023-11,UAE,Abu Dhabi,Religious,65022,24599121.48,3.2,No,Shoulder,24.4539,54.3773
2024-10,Italy,Rome,Urban,133864,57814913.52,4.6,Yes,Off-Peak,41.9028,12.4964
2024-09,Thailand,Chiang Mai,Luxury,503282,163206557.67,3.2,No,Peak,18.7883,98.9853
2025-08,Australia,Sydney,Wildlife,346337,57636261.04,4.1,Yes,Off-Peak,-33.8688,151.2093
2025-11,UAE,Abu Dhabi,Luxury,110335,20823447.33,3.6,Yes,Shoulder,24.4539,54.3773
2022-03,Brazil,Salvador,Adventure,534149,141139403.27,3.4,No,Peak,-12.9777,-38.5016
2025-07,Thailand,Bangkok,Nature,510590,86821601.53,3.5,Yes,Peak,13.7563,100.5018
2022-11,UAE,Sharjah,Religious,35641,14754659.47,4.6,Yes,Shoulder,25.3463,55.4209
2025-07,USA,San Francisco,Adventure,134077,56501708.9,4.3,No,Peak,37.7749,-122.4194
2025-06,Australia,Melbourne,Religious,72808,15980906.0,4.5,No,Shoulder,-37.8136,144.9631
2023-03,Switzerland,Geneva,Urban,249703,30664848.62,3.4,Yes,Off-Peak,46.2044,6.1432
2025-01,Brazil,Rio de Janeiro,Religious,126746,16115052.05,3.8,No,Shoulder,-22.9068,-43.1729
2025-02,India,Delhi,Nature,69891,27497487.36,5.0,No,Off-Peak,28.6139,77.209
2024-02,Italy,Venice,Beach,116763,32596538.61,4.0,Yes,Off-Peak,45.4408,12.3155
2022-10,Japan,Nara,Urban,482924,64698370.66,4.4,Yes,Shoulder,34.6851,135.8048
2025-09,Australia,Gold Coast,Historical,531781,96346720.65,4.7,No,Shoulder,-28.0167,153.4
2025-10,Japan,Nara,Luxury,310654,31612355.35,4.7,Yes,Shoulder,34.6851,135.8048
2022-12,Japan,Kyoto,Wildlife,60119,20989726.5,3.7,Yes,Peak,35.0116,135.7681
2024-04,Switzerland,Geneva,Wildlife,358800,160174165.21,4.6,No,Peak,46.2044,6.1432
2023-07,Switzerland,Lucerne,Nature,301788,102429927.89,4.2,Yes,Peak,47.0502,8.3093
2024-06,Australia,Sydney,Adventure,323844,95063836.67,4.0,No,Off-Peak,-33.8688,151.2093
2025-12,Italy,Venice,Nature,233732,82289555.84,3.2,Yes,Shoulder,45.4408,12.3155
2025-08,Italy,Milan,Adventure,452858,191384391.02,3.4,No,Peak,45.4642,9.19
2025-06,India,Jaipur,Religious,545472,163398965.54,4.9,No,Peak,26.9124,75.7873
2024-02,India,Jaipur,Wildlife,257555,49449312.29,4.3,Yes,Shoulder,26.9124,75.7873
2024-06,UAE,Sharjah,Luxury,98964,17994617.68,4.4,No,Peak,25.3463,55.4209
2022-08,France,Paris,Wildlife,91651,29082828.33,4.8,Yes,Peak,48.8566,2.3522
2023-06,Brazil,Salvador,Historical,507790,189866324.05,3.5,No,Shoulder,-12.9777,-38.5016
2022-07,UAE,Abu Dhabi,Religious,136319,14108249.22,4.8,Yes,Off-Peak,24.4539,54.3773
2024-11,India,Mysuru,Wildlife,588071,60956332.03,4.7,Yes,Peak,12.2958,76.6394
2022-01,France,Nice,Wildlife,193678,72859688.0,3.4,Yes,Shoulder,43.7102,7.262
2024-12,Japan,Kyoto,Urban,97086,38352517.45,3.3,Yes,Shoulder,35.0116,135.7681
2022-11,USA,Orlando,Luxury,575873,254264138.35,4.4,Yes,Off-Peak,28.5383,-81.3792
2024-05,India,Delhi,Adventure,565046,165850292.39,4.5,No,Shoulder,28.6139,77.209
2025-09,Switzerland,Lucerne,Historical,225032,73173270.35,3.3,Yes,Peak,47.0502,8.3093
2022-09,Italy,Florence,Nature,230667,68960151.27,3.7,No,Peak,43.7696,11.2558
2024-01,Switzerland,Geneva,Adventure,278336,63466722.75,3.3,No,Shoulder,46.2044,6.1432
2024-11,UAE,Sharjah,Nature,155202,16467937.45,4.5,Yes,Shoulder,25.3463,55.4209
2022-10,Australia,Melbourne,Religious,445073,199039372.49,4.0,Yes,Shoulder,-37.8136,144.9631
2022-08,Japan,Tokyo,Historical,288246,96006764.36,3.9,No,Shoulder,35.6762,139.6503
2023-06,France,Lyon,Adventure,354718,142410936.55,3.6,Yes,Peak,45.764,4.8357
2022-07,UAE,Dubai,Historical,402024,58301764.81,4.5,No,Shoulder,25.2048,55.2708
2023-11,Thailand,Bangkok,Urban,559654,158981262.03,4.3,Yes,Peak,13.7563,100.5018
2023-11,Australia,Perth,Luxury,194448,49864029.56,3.4,Yes,Shoulder,-31.9505,115.8605
2025-07,Switzerland,Lucerne,Adventure,168044,22314218.73,4.2,No,Peak,47.0502,8.3093
2025-10,Australia,Melbourne,Wildlife,443560,65535402.08,5.0,No,Shoulder,-37.8136,144.9631
2024-10,USA,Orlando,Nature,453544,87497413.48,4.7,No,Off-Peak,28.5383,-81.3792
2022-05,Australia,Sydney,Nature,88335,37948784.1,3.5,Yes,Peak,-33.8688,151.2093
2024-04,USA,San Francisco,Adventure,16214,4174662.37,4.1,Yes,Off-Peak,37.7749,-122.4194
2025-10,India,Kerala,Luxury,12644,4298440.76,4.5,Yes,Shoulder,10.8505,76.2711
2025-03,Switzerland,Lucerne,Wildlife,49413,21589504.83,4.4,Yes,Peak,47.0502,8.3093
2024-09,France,Lyon,Religious,144794,62611666.96,4.0,No,Peak,45.764,4.8357
2025-08,Australia,Sydney,Nature,359375,139343620.56,4.7,Yes,Off-Peak,-33.8688,151.2093
2023-05,USA,San Francisco,Nature,312804,25282913.17,4.3,No,Peak,37.7749,-122.4194
2025-04,USA,New York,Wildlife,490550,49679857.58,3.2,No,Off-Peak,40.7128,-74.006
2022-01,USA,Orlando,Religious,117369,48047655.31,3.5,No,Peak,28.5383,-81.3792
2023-01,France,Cannes,Historical,520947,143659328.77,4.8,No,Peak,43.5528,7.0174
2025-07,Thailand,Bangkok,Urban,168190,27525174.17,3.9,No,Off-Peak,13.7563,100.5018
2023-06,UAE,Dubai,Historical,567484,253135670.5,4.4,No,Peak,25.2048,55.2708
2022-01,Italy,Florence,Religious,460040,187200957.32,4.5,Yes,Peak,43.7696,11.2558
2024-02,USA,New York,Luxury,145173,51572980.47,4.8,Yes,Shoulder,40.7128,-74.006
2022-08,Japan,Nara,Luxury,283711,74035832.0,4.1,Yes,Off-Peak,34.6851,135.8048
2022-09,UAE,Sharjah,Historical,412737,179268634.32,4.6,Yes,Peak,25.3463,55.4209
2022-04,Australia,Sydney,Religious,252993,60459272.61,4.3,Yes,Off-Peak,-33.8688,151.2093
2024-08,Thailand,Phuket,Historical,300932,108796837.3,3.6,Yes,Shoulder,7.8804,98.3923
2023-06,Switzerland,Zurich,Historical,266584,106564746.17,5.0,Yes,Shoulder,47.3769,8.5417
2025-10,UAE,Dubai,Historical,501912,170360794.48,4.1,Yes,Peak,25.2048,55.2708
2023-03,Brazil,Salvador,Historical,160950,20754414.09,3.3,Yes,Peak,-12.9777,-38.5016
2022-06,UAE,Dubai,Beach,214341,47311591.85,4.1,Yes,Peak,25.2048,55.2708
2022-04,Australia,Perth,Luxury,507472,161494371.25,3.7,No,Off-Peak,-31.9505,115.8605
2023-04,USA,Orlando,Religious,443382,182313937.13,3.5,Yes,Peak,28.5383,-81.3792
2024-07,Australia,Melbourne,Urban,304176,126579292.89,3.4,Yes,Off-Peak,-37.8136,144.9631
2023-08,Thailand,Phuket,Historical,355520,41186377.57,3.2,Yes,Off-Peak,7.8804,98.3923
2025-03,Australia,Gold Coast,Religious,559552,94090527.28,3.7,No,Peak,-28.0167,153.4
2022-03,France,Nice,Nature,131200,19861472.92,4.0,Yes,Peak,43.7102,7.262
2023-08,Switzerland,Lucerne,Wildlife,364554,162652514.11,3.6,Yes,Peak,47.0502,8.3093
2024-12,Italy,Venice,Urban,443527,181795978.77,4.6,No,Off-Peak,45.4408,12.3155
2024-04,Thailand,Chiang Mai,Historical,128133,33140784.09,4.1,Yes,Peak,18.7883,98.9853
2023-07,Brazil,Sao Paulo,Beach,140197,60796019.82,3.3,Yes,Shoulder,-23.5505,-46.6333
2024-09,UAE,Abu Dhabi,Historical,563335,79566416.4,4.6,No,Shoulder,24.4539,54.3773
2023-02,UAE,Abu Dhabi,Adventure,289682,23560474.99,4.2,Yes,Shoulder,24.4539,54.3773
2023-05,Thailand,Chiang Mai,Urban,555579,219684703.12,3.7,No,Shoulder,18.7883,98.9853
2022-03,France,Nice,Nature,239807,45079404.1,4.4,No,Peak,43.7102,7.262
2023-02,USA,New York,Historical,266103,21426077.56,3.8,No,Off-Peak,40.7128,-74.006
2024-03,France,Lyon,Urban,145101,29036886.9,3.3,Yes,Off-Peak,45.764,4.8357
2023-05,Japan,Osaka,Beach,190320,53067652.06,5.0,Yes,Shoulder,34.6937,135.5023
2025-05,UAE,Sharjah,Nature,274845,105054939.09,3.6,No,Peak,25.3463,55.4209
2022-10,Brazil,Salvador,Wildlife,419673,69555580.18,4.5,No,Peak,-12.9777,-38.5016
2022-12,Thailand,Bangkok,Wildlife,525052,77949413.34,4.8,Yes,Shoulder,13.7563,100.5018
2025-06,Thailand,Chiang Mai,Urban,194170,17045699.35,3.5,Yes,Off-Peak,18.7883,98.9853
2022-10,Brazil,Rio de Janeiro,Historical,77827,18504627.04,4.0,No,Peak,-22.9068,-43.1729
2025-03,Switzerland,Zurich,Historical,17361,3816187.35,3.2,Yes,Shoulder,47.3769,8.5417
2022-06,India,Agra,Urban,265406,35239327.87,4.3,Yes,Peak,27.1767,78.0081
2023-01,France,Lyon,Adventure,94092,24252910.16,4.2,No,Peak,45.764,4.8357
2022-10,USA,Orlando,Nature,507171,51058901.52,4.4,Yes,Peak,28.5383,-81.3792
2023-07,India,Jaipur,Historical,576098,155126308.28,4.7,Yes,Peak,26.9124,75.7873
2024-04,Japan,Tokyo,Luxury,242686,32648379.82,4.4,Yes,Shoulder,35.6762,139.6503
2024-08,UAE,Sharjah,Adventure,122869,54871351.59,3.6,No,Off-Peak,25.3463,55.4209
2023-12,France,Lyon,Historical,129099,53107068.55,4.3,Yes,Off-Peak,45.764,4.8357
2025-08,Switzerland,Geneva,Luxury,195175,26462102.32,4.4,No,Shoulder,46.2044,6.1432
2023-06,USA,Orlando,Wildlife,113970,37022098.53,4.9,Yes,Peak,28.5383,-81.3792
2022-10,Italy,Venice,Luxury,340812,83593445.57,4.6,No,Peak,45.4408,12.3155
2022-10,France,Cannes,Historical,297003,59260938.05,3.4,No,Off-Peak,43.5528,7.0174
2024-07,Australia,Perth,Luxury,449420,136014694.65,4.3,Yes,Shoulder,-31.9505,115.8605
2024-12,Japan,Nara,Wildlife,443996,124024279.26,4.1,Yes,Off-Peak,34.6851,135.8048
2025-01,France,Cannes,Nature,557542,189644859.28,3.6,Yes,Peak,43.5528,7.0174
2024-07,India,Mumbai,Adventure,590498,248442890.99,3.3,No,Off-Peak,19.076,72.8777
2022-10,Italy,Florence,Luxury,487752,82783240.51,4.7,Yes,Shoulder,43.7696,11.2558
2024-01,Italy,Rome,Beach,155026,52331404.04,4.0,Yes,Shoulder,41.9028,12.4964
2025-03,France,Paris,Adventure,504988,46039109.69,3.9,Yes,Peak,48.8566,2.3522
2022-10,France,Paris,Adventure,441726,112115780.4,3.5,No,Off-Peak,48.8566,2.3522
2024-05,UAE,Sharjah,Beach,358723,66759984.68,3.5,Yes,Shoulder,25.3463,55.4209
2024-02,Italy,Venice,Luxury,16395,5435996.88,4.8,No,Shoulder,45.4408,12.3155
2024-04,Switzerland,Geneva,Adventure,243356,43944305.38,3.4,No,Peak,46.2044,6.1432
2023-03,Japan,Nara,Luxury,63716,9427846.0,4.5,Yes,Shoulder,34.6851,135.8048
2025-06,Thailand,Phuket,Luxury,333403,128721517.68,3.5,No,Shoulder,7.8804,98.3923
2022-07,UAE,Dubai,Historical,288031,31334654.38,4.3,No,Peak,25.2048,55.2708
2024-11,Japan,Osaka,Historical,175666,18298792.02,4.3,No,Peak,34.6937,135.5023
2023-04,Switzerland,Zurich,Urban,38939,4340318.55,4.2,Yes,Shoulder,47.3769,8.5417
2023-09,Thailand,Bangkok,Historical,55382,23764326.61,3.2,No,Off-Peak,13.7563,100.5018
2023-09,UAE,Sharjah,Luxury,209350,72959439.31,5.0,Yes,Off-Peak,25.3463,55.4209
2022-07,UAE,Sharjah,Adventure,533040,47314530.66,4.6,No,Shoulder,25.3463,55.4209
2022-10,India,Delhi,Wildlife,174054,18996002.58,4.3,Yes,Peak,28.6139,77.209
2024-10,Italy,Venice,Religious,530986,130392998.43,3.4,No,Off-Peak,45.4408,12.3155
2025-10,Brazil,Sao Paulo,Luxury,46956,7910721.1,5.0,Yes,Peak,-23.5505,-46.6333
2022-07,Brazil,Salvador,Beach,526690,69928806.62,4.8,Yes,Off-Peak,-12.9777,-38.5016
2022-11,France,Cannes,Urban,333957,46668760.67,3.7,No,Off-Peak,43.5528,7.0174
2025-10,France,Paris,Wildlife,192890,33840489.82,4.1,No,Off-Peak,48.8566,2.3522
2022-03,Italy,Rome,Religious,516976,205669184.78,3.9,Yes,Off-Peak,41.9028,12.4964
2022-06,Australia,Gold Coast,Luxury,396835,106033795.75,3.7,Yes,Shoulder,-28.0167,153.4
2022-01,India,Kerala,Adventure,593041,234626068.2,3.7,Yes,Shoulder,10.8505,76.2711
2024-01,UAE,Dubai,Wildlife,238886,78255639.41,3.8,No,Shoulder,25.2048,55.2708
2022-06,Switzerland,Geneva,Adventure,119419,41887158.33,4.9,No,Off-Peak,46.2044,6.1432
2022-05,Japan,Nara,Religious,349688,72279359.48,4.3,Yes,Shoulder,34.6851,135.8048
2024-06,Thailand,Bangkok,Beach,296897,83629962.41,4.9,Yes,Shoulder,13.7563,100.5018
2025-03,Japan,Osaka,Luxury,37844,3901265.89,4.7,No,Off-Peak,34.6937,135.5023
2022-02,Japan,Tokyo,Luxury,226766,40782459.32,4.3,Yes,Peak,35.6762,139.6503
2022-06,France,Lyon,Urban,429745,173314903.31,4.0,No,Shoulder,45.764,4.8357
2022-04,Japan,Osaka,Historical,198020,81412742.32,4.0,No,Peak,34.6937,135.5023
2024-07,Japan,Osaka,Wildlife,444459,123620638.5,4.6,No,Off-Peak,34.6937,135.5023
2024-12,Brazil,Sao Paulo,Nature,15413,1676768.31,4.4,Yes,Off-Peak,-23.5505,-46.6333
2024-06,Australia,Sydney,Adventure,162817,43113110.79,3.8,No,Off-Peak,-33.8688,151.2093
2024-05,Switzerland,Lucerne,Adventure,8855,2786566.04,4.4,Yes,Peak,47.0502,8.3093
2025-09,Japan,Kyoto,Adventure,445586,134722500.69,3.6,Yes,Peak,35.0116,135.7681
2023-12,Brazil,Rio de Janeiro,Beach,393241,75391949.93,3.8,Yes,Shoulder,-22.9068,-43.1729
2024-03,Thailand,Chiang Mai,Luxury,483148,101528586.41,4.7,No,Shoulder,18.7883,98.9853
2024-06,Australia,Sydney,Luxury,189354,41289577.0,4.2,Yes,Shoulder,-33.8688,151.2093
2025-07,UAE,Abu Dhabi,Luxury,303873,95604425.0,4.5,Yes,Peak,24.4539,54.3773
2025-04,France,Paris,Luxury,22224,2630429.57,4.5,Yes,Shoulder,48.8566,2.3522
2025-07,Thailand,Chiang Mai,Urban,39220,15497035.66,3.6,No,Shoulder,18.7883,98.9853
2024-07,UAE,Dubai,Historical,210059,44055057.08,4.6,No,Off-Peak,25.2048,55.2708
2023-03,UAE,Dubai,Urban,397842,71219837.65,4.4,No,Off-Peak,25.2048,55.2708
2022-03,Japan,Tokyo,Beach,439694,39445530.15,4.6,No,Off-Peak,35.6762,139.6503
2024-12,Italy,Milan,Luxury,258578,39118804.46,4.4,Yes,Shoulder,45.4642,9.19
2025-11,UAE,Dubai,Adventure,414376,94955933.32,3.8,Yes,Off-Peak,25.2048,55.2708
2024-09,Japan,Tokyo,Historical,137466,43113900.83,4.6,No,Shoulder,35.6762,139.6503
2022-06,Italy,Florence,Historical,218660,19567202.31,3.2,Yes,Peak,43.7696,11.2558
2022-06,Brazil,Salvador,Luxury,575081,51387659.13,4.5,No,Shoulder,-12.9777,-38.5016
2025-06,Australia,Melbourne,Nature,256366,48673989.05,4.2,Yes,Shoulder,-37.8136,144.9631
2023-06,UAE,Abu Dhabi,Historical,59262,25242120.32,4.3,Yes,Peak,24.4539,54.3773
2022-07,Thailand,Chiang Mai,Adventure,133643,24658646.9,4.8,Yes,Peak,18.7883,98.9853
2024-02,Thailand,Phuket,Historical,223074,58374823.95,3.2,Yes,Off-Peak,7.8804,98.3923
2024-01,France,Nice,Religious,445304,140009885.46,4.0,Yes,Peak,43.7102,7.262
2025-07,USA,New York,Beach,192356,23730313.72,3.8,No,Off-Peak,40.7128,-74.006
2022-01,Brazil,Salvador,Adventure,578028,157828791.45,3.7,Yes,Peak,-12.9777,-38.5016
2022-02,Brazil,Rio de Janeiro,Adventure,566988,90737026.31,3.9,Yes,Peak,-22.9068,-43.1729
2022-06,Australia,Melbourne,Adventure,235436,42145044.48,4.1,Yes,Off-Peak,-37.8136,144.9631
2024-06,Switzerland,Lucerne,Wildlife,313617,75689247.61,4.9,Yes,Off-Peak,47.0502,8.3093
2024-02,Italy,Venice,Historical,299736,88706825.59,4.6,No,Peak,45.4408,12.3155
2024-05,Japan,Nara,Luxury,459527,138153125.56,3.7,No,Shoulder,34.6851,135.8048
2023-01,France,Cannes,Religious,455167,99392714.97,4.3,Yes,Off-Peak,43.5528,7.0174
2023-05,Italy,Rome,Luxury,541196,102061562.45,4.7,No,Off-Peak,41.9028,12.4964
2023-09,India,Jaipur,Luxury,193643,72157512.11,3.8,Yes,Peak,26.9124,75.7873
2023-09,Australia,Gold Coast,Historical,157085,13126683.9,4.4,No,Peak,-28.0167,153.4
2023-03,Thailand,Chiang Mai,Historical,342181,76192973.38,4.3,Yes,Peak,18.7883,98.9853
2025-01,Switzerland,Geneva,Luxury,83458,27740505.4,4.0,No,Peak,46.2044,6.1432
2024-08,Japan,Tokyo,Beach,522927,233432570.82,4.0,Yes,Off-Peak,35.6762,139.6503
2023-04,Italy,Florence,Beach,406455,75382631.21,4.4,Yes,Off-Peak,43.7696,11.2558
2022-03,USA,Las Vegas,Beach,427377,87541447.89,3.2,No,Peak,36.1699,-115.1398
2023-06,UAE,Sharjah,Religious,320619,115059304.02,3.9,No,Off-Peak,25.3463,55.4209
2023-08,Brazil,Rio de Janeiro,Wildlife,417433,109590585.22,4.4,Yes,Off-Peak,-22.9068,-43.1729
2023-03,Brazil,Rio de Janeiro,Beach,35710,13763309.49,3.4,No,Shoulder,-22.9068,-43.1729
2022-06,UAE,Dubai,Nature,183458,63828694.11,4.7,Yes,Shoulder,25.2048,55.2708
2022-08,India,Delhi,Beach,50168,21594494.45,3.3,No,Shoulder,28.6139,77.209
2025-09,Brazil,Sao Paulo,Adventure,288023,121602622.42,4.3,Yes,Peak,-23.5505,-46.6333
2025-05,Australia,Melbourne,Wildlife,438370,143455286.14,4.1,Yes,Shoulder,-37.8136,144.9631
2023-06,Thailand,Chiang Mai,Religious,518911,189858259.14,4.1,Yes,Off-Peak,18.7883,98.9853
2024-12,USA,New York,Nature,375157,121553827.15,4.5,Yes,Shoulder,40.7128,-74.006
2022-04,France,Paris,Nature,523631,44433964.97,3.6,No,Peak,48.8566,2.3522
2023-02,Thailand,Bangkok,Religious,361987,130815059.2,3.8,No,Shoulder,13.7563,100.5018
2023-03,Italy,Rome,Religious,141378,31479653.44,4.0,Yes,Off-Peak,41.9028,12.4964
2024-04,Japan,Tokyo,Adventure,296334,98951381.06,4.9,Yes,Peak,35.6762,139.6503
2023-04,Thailand,Bangkok,Beach,120552,49524724.2,3.5,Yes,Off-Peak,13.7563,100.5018
2023-05,Switzerland,Geneva,Historical,374053,158210674.9,3.4,No,Peak,46.2044,6.1432
2024-04,Italy,Milan,Religious,531584,52981976.13,3.7,Yes,Peak,45.4642,9.19
2023-01,UAE,Sharjah,Urban,448116,67260582.46,3.5,No,Shoulder,25.3463,55.4209
2024-04,Brazil,Sao Paulo,Historical,548810,182221051.83,4.4,Yes,Peak,-23.5505,-46.6333
2025-01,France,Paris,Urban,42421,7141314.0,4.2,No,Peak,48.8566,2.3522
2024-02,Brazil,Salvador,Luxury,429211,50424815.91,4.5,No,Off-Peak,-12.9777,-38.5016
2023-11,Japan,Kyoto,Urban,218464,74532431.91,3.7,Yes,Peak,35.0116,135.7681
2025-09,Italy,Milan,Nature,325155,46492629.86,4.4,Yes,Peak,45.4642,9.19
2022-01,Australia,Perth,Wildlife,153723,36637009.08,3.2,No,Peak,-31.9505,115.8605
2024-07,Italy,Rome,Beach,374249,97556877.6,3.6,Yes,Peak,41.9028,12.4964
2024-10,India,Delhi,Adventure,244376,87815835.53,4.6,Yes,Off-Peak,28.6139,77.209
2025-12,Australia,Perth,Religious,519496,231811299.37,3.7,No,Off-Peak,-31.9505,115.8605
2023-11,Australia,Perth,Urban,19219,6587468.81,4.8,No,Peak,-31.9505,115.8605
2024-03,USA,New York,Nature,160084,51861734.38,3.5,No,Peak,40.7128,-74.006
2023-02,Japan,Nara,Historical,381879,57939285.86,4.9,Yes,Off-Peak,34.6851,135.8048
2022-12,Switzerland,Geneva,Urban,557501,232378187.91,3.8,No,Off-Peak,46.2044,6.1432
2023-08,Brazil,Sao Paulo,Nature,294666,28054263.39,4.1,No,Shoulder,-23.5505,-46.6333
2025-01,France,Cannes,Religious,482131,90019237.04,4.9,No,Shoulder,43.5528,7.0174
2024-10,Italy,Milan,Urban,162525,50513452.51,4.4,No,Off-Peak,45.4642,9.19
2022-01,USA,New York,Wildlife,314043,29882022.01,3.7,Yes,Peak,40.7128,-74.006
2024-04,Thailand,Phuket,Religious,10337,3352224.25,3.2,No,Peak,7.8804,98.3923
2025-07,Australia,Gold Coast,Adventure,531378,230014164.37,4.5,Yes,Shoulder,-28.0167,153.4
2023-07,Japan,Nara,Nature,89638,8236887.38,4.9,Yes,Shoulder,34.6851,135.8048
2022-07,UAE,Abu Dhabi,Urban,423500,178069819.03,4.3,Yes,Shoulder,24.4539,54.3773
2025-02,UAE,Sharjah,Adventure,343144,114208218.77,3.6,Yes,Off-Peak,25.3463,55.4209
2023-08,Switzerland,Zurich,Historical,320686,60934712.27,4.9,No,Shoulder,47.3769,8.5417
2022-07,Italy,Milan,Adventure,463115,127278551.51,4.4,No,Off-Peak,45.4642,9.19
2024-03,Australia,Perth,Luxury,494215,123887381.37,4.8,Yes,Off-Peak,-31.9505,115.8605
2023-04,France,Nice,Religious,322078,40933440.04,4.2,No,Peak,43.7102,7.262
2025-07,UAE,Dubai,Beach,427515,107408395.17,4.6,No,Peak,25.2048,55.2708
2025-06,France,Paris,Historical,288298,58636606.8,3.4,No,Shoulder,48.8566,2.3522
2022-04,Thailand,Chiang Mai,Historical,352401,124741139.61,4.4,Yes,Shoulder,18.7883,98.9853
2025-12,Japan,Kyoto,Wildlife,594351,77544391.06,4.8,Yes,Off-Peak,35.0116,135.7681
2025-04,USA,New York,Nature,513512,62875579.87,3.2,Yes,Shoulder,40.7128,-74.006
2022-07,France,Nice,Wildlife,219217,19537246.45,4.1,No,Peak,43.7102,7.262
2024-07,France,Lyon,Adventure,429209,164601760.61,4.7,No,Shoulder,45.764,4.8357
2024-04,Thailand,Chiang Mai,Adventure,134180,42319426.16,3.5,Yes,Peak,18.7883,98.9853
2023-01,Switzerland,Lucerne,Wildlife,578236,149053392.5,3.7,Yes,Shoulder,47.0502,8.3093
2024-02,Thailand,Phuket,Luxury,293548,99257825.65,3.4,No,Off-Peak,7.8804,98.3923
2024-06,Italy,Rome,Historical,302189,87259298.2,3.2,No,Peak,41.9028,12.4964
2023-11,Brazil,Sao Paulo,Adventure,49702,12580850.05,4.5,No,Peak,-23.5505,-46.6333
2024-09,Italy,Florence,Nature,529957,110797373.48,4.5,No,Shoulder,43.7696,11.2558
2023-11,France,Nice,Religious,163757,40940600.21,4.7,Yes,Off-Peak,43.7102,7.262
2025-06,USA,San Francisco,Wildlife,76523,16782520.21,4.0,Yes,Shoulder,37.7749,-122.4194
2023-05,Switzerland,Lucerne,Adventure,555957,188010436.6,4.3,No,Shoulder,47.0502,8.3093
2022-03,Brazil,Sao Paulo,Beach,75852,29980619.67,3.5,Yes,Shoulder,-23.5505,-46.6333
2023-09,France,Cannes,Nature,504555,223564035.13,4.7,Yes,Peak,43.5528,7.0174
2022-05,Italy,Milan,Beach,445460,136490877.79,3.4,Yes,Off-Peak,45.4642,9.19
2023-09,Australia,Sydney,Historical,187522,63481544.87,3.9,Yes,Peak,-33.8688,151.2093
2025-08,USA,San Francisco,Urban,463767,75795165.84,4.5,No,Shoulder,37.7749,-122.4194
2025-05,Japan,Tokyo,Historical,30420,4724519.73,4.7,Yes,Off-Peak,35.6762,139.6503
2022-05,UAE,Sharjah,Religious,578131,85888651.33,4.5,No,Peak,25.3463,55.4209
2023-11,Japan,Nara,Religious,530179,163738987.02,4.2,Yes,Peak,34.6851,135.8048
2022-05,Thailand,Phuket,Historical,399388,50746711.37,4.1,Yes,Peak,7.8804,98.3923
2025-03,Thailand,Bangkok,Religious,58979,5210247.15,4.7,No,Off-Peak,13.7563,100.5018
2022-05,UAE,Sharjah,Adventure,380290,166644022.1,3.3,Yes,Shoulder,25.3463,55.4209
2024-02,Brazil,Salvador,Beach,332406,93737959.8,4.8,No,Off-Peak,-12.9777,-38.5016
2024-03,India,Goa,Urban,359466,55425762.4,4.8,Yes,Peak,15.2993,74.124
2023-04,Japan,Osaka,Wildlife,70356,7526502.21,4.9,Yes,Off-Peak,34.6937,135.5023
2024-12,France,Cannes,Wildlife,89508,38510123.34,3.7,Yes,Peak,43.5528,7.0174
2023-03,India,Varanasi,Religious,537261,128760378.69,3.7,Yes,Peak,25.3176,82.9739
2024-11,India,Goa,Luxury,210703,70020452.24,4.5,No,Peak,15.2993,74.124
2024-04,UAE,Abu Dhabi,Luxury,136320,38623766.7,3.4,Yes,Shoulder,24.4539,54.3773
2023-10,Australia,Gold Coast,Luxury,208052,87316382.19,3.6,Yes,Shoulder,-28.0167,153.4
2025-12,India,Kerala,Beach,438130,195689595.79,3.2,Yes,Peak,10.8505,76.2711
2024-05,France,Paris,Adventure,137871,25445542.31,3.8,Yes,Off-Peak,48.8566,2.3522
2025-07,Italy,Milan,Historical,506954,163714916.11,3.3,Yes,Off-Peak,45.4642,9.19
2025-10,Australia,Melbourne,Urban,470087,201351417.7,4.6,No,Shoulder,-37.8136,144.9631
2025-09,Japan,Osaka,Historical,339347,33927603.45,4.8,No,Off-Peak,34.6937,135.5023
2024-10,France,Nice,Nature,148792,28691190.03,4.2,Yes,Off-Peak,43.7102,7.262
2025-09,Italy,Rome,Wildlife,251525,80605208.63,4.0,Yes,Peak,41.9028,12.4964
2023-06,Thailand,Bangkok,Luxury,288428,55133806.39,4.9,Yes,Off-Peak,13.7563,100.5018
2022-02,Brazil,Sao Paulo,Luxury,524419,116591665.23,3.3,Yes,Off-Peak,-23.5505,-46.6333
2022-04,Italy,Milan,Urban,563358,51594160.38,4.6,Yes,Shoulder,45.4642,9.19
2022-02,Australia,Gold Coast,Religious,232062,80883104.01,4.3,No,Shoulder,-28.0167,153.4
2024-01,India,Jaipur,Urban,585170,232692975.92,4.9,No,Off-Peak,26.9124,75.7873
2023-05,Brazil,Salvador,Adventure,549119,239038558.54,4.0,Yes,Peak,-12.9777,-38.5016
2022-06,India,Delhi,Nature,292721,106958937.81,3.7,No,Peak,28.6139,77.209
2023-06,Brazil,Sao Paulo,Urban,384264,141984674.35,4.7,Yes,Peak,-23.5505,-46.6333
2022-12,USA,Orlando,Wildlife,282366,70932592.3,4.0,No,Peak,28.5383,-81.3792
2023-02,Australia,Perth,Luxury,588646,59851399.86,4.9,No,Shoulder,-31.9505,115.8605
2024-05,Switzerland,Geneva,Adventure,72154,12660326.61,4.6,No,Off-Peak,46.2044,6.1432
2022-10,Italy,Venice,Beach,187971,31219879.31,4.4,Yes,Shoulder,45.4408,12.3155
2022-03,Switzerland,Geneva,Nature,337749,34619529.56,4.5,No,Off-Peak,46.2044,6.1432
2025-10,India,Mumbai,Beach,571693,172773725.7,3.8,Yes,Shoulder,19.076,72.8777
2022-05,Thailand,Bangkok,Nature,540859,84101145.37,4.2,No,Peak,13.7563,100.5018
2022-02,UAE,Abu Dhabi,Religious,155029,47218375.28,3.8,No,Shoulder,24.4539,54.3773
2025-04,Australia,Perth,Beach,313347,43654170.16,3.3,Yes,Shoulder,-31.9505,115.8605
2023-09,India,Jaipur,Religious,226752,96999457.93,3.9,Yes,Shoulder,26.9124,75.7873
2022-05,Italy,Milan,Nature,87255,25234048.48,5.0,No,Shoulder,45.4642,9.19
2025-07,France,Paris,Wildlife,500273,98687634.89,3.6,No,Peak,48.8566,2.3522
2023-03,Australia,Melbourne,Wildlife,384547,75556586.41,5.0,Yes,Off-Peak,-37.8136,144.9631
2023-11,UAE,Abu Dhabi,Historical,88561,37055263.16,4.4,Yes,Off-Peak,24.4539,54.3773
2024-11,UAE,Dubai,Nature,136366,50085303.65,3.9,Yes,Shoulder,25.2048,55.2708
2023-09,USA,Orlando,Historical,363163,40005020.75,4.0,Yes,Shoulder,28.5383,-81.3792
2022-12,Thailand,Chiang Mai,Wildlife,212727,18239113.66,3.4,No,Shoulder,18.7883,98.9853
2022-09,Thailand,Chiang Mai,Beach,110901,43088106.83,3.2,Yes,Peak,18.7883,98.9853
2023-11,Italy,Milan,Adventure,447875,102499542.74,4.2,No,Peak,45.4642,9.19
2025-11,Australia,Gold Coast,Beach,118006,12660679.75,4.9,No,Off-Peak,-28.0167,153.4
2023-07,Thailand,Chiang Mai,Wildlife,461854,156587934.44,4.5,Yes,Peak,18.7883,98.9853
2024-01,India,Mumbai,Religious,480557,116428006.89,4.1,No,Peak,19.076,72.8777
2023-10,Japan,Osaka,Beach,522255,150789952.47,4.8,No,Off-Peak,34.6937,135.5023
2022-12,Australia,Perth,Adventure,339053,32384897.79,4.9,Yes,Off-Peak,-31.9505,115.8605
2022-07,Switzerland,Geneva,Religious,334638,62032734.18,3.4,No,Off-Peak,46.2044,6.1432
2023-07,Thailand,Bangkok,Urban,182545,81389160.01,4.6,Yes,Shoulder,13.7563,100.5018
2023-02,USA,Las Vegas,Adventure,105638,9520048.62,4.8,Yes,Peak,36.1699,-115.1398
2023-02,Thailand,Bangkok,Urban,392491,168169914.09,4.2,No,Shoulder,13.7563,100.5018
2022-08,Italy,Milan,Historical,314268,76816487.44,4.0,No,Peak,45.4642,9.19
2023-11,Italy,Florence,Historical,127119,45175891.92,3.6,Yes,Off-Peak,43.7696,11.2558
2024-06,Italy,Florence,Historical,294520,100584360.41,3.8,Yes,Off-Peak,43.7696,11.2558
2024-12,France,Lyon,Beach,204647,88243283.3,4.3,Yes,Peak,45.764,4.8357
2025-08,Brazil,Sao Paulo,Nature,235906,42028030.96,3.5,Yes,Shoulder,-23.5505,-46.6333
2023-01,Thailand,Phuket,Historical,143193,61831900.2,4.7,Yes,Peak,7.8804,98.3923
2024-12,UAE,Dubai,Nature,519526,178039736.02,3.3,No,Shoulder,25.2048,55.2708
2025-05,UAE,Sharjah,Religious,251117,65081047.0,4.4,Yes,Off-Peak,25.3463,55.4209
2024-08,Japan,Osaka,Luxury,513622,154703757.79,4.2,No,Peak,34.6937,135.5023
2024-03,Japan,Tokyo,Wildlife,306225,61366542.88,4.4,Yes,Peak,35.6762,139.6503
2023-11,Thailand,Phuket,Luxury,124051,42274466.52,4.6,No,Off-Peak,7.8804,98.3923
2022-02,Brazil,Sao Paulo,Urban,251268,45010096.72,3.6,No,Peak,-23.5505,-46.6333
2025-08,Switzerland,Geneva,Religious,279312,64843610.66,4.7,No,Off-Peak,46.2044,6.1432
2024-08,USA,New York,Nature,286351,58914248.77,4.7,No,Off-Peak,40.7128,-74.006
2024-11,UAE,Dubai,Nature,179624,66179632.09,3.4,No,Peak,25.2048,55.2708
2025-11,Brazil,Salvador,Beach,25887,9756623.0,3.4,No,Off-Peak,-12.9777,-38.5016
2024-10,Switzerland,Zurich,Nature,56605,12112121.0,3.6,Yes,Shoulder,47.3769,8.5417
2023-07,UAE,Sharjah,Adventure,245474,102348395.64,3.8,Yes,Shoulder,25.3463,55.4209
2022-02,Japan,Tokyo,Historical,42827,11372913.22,4.6,Yes,Peak,35.6762,139.6503
2023-03,USA,Orlando,Nature,30422,2813970.05,4.5,No,Shoulder,28.5383,-81.3792
2022-06,UAE,Dubai,Historical,288114,30925980.96,4.5,No,Peak,25.2048,55.2708
2025-12,India,Agra,Luxury,105198,15978009.77,4.3,No,Off-Peak,27.1767,78.0081
2023-08,UAE,Sharjah,Urban,29570,7386440.7,3.4,No,Off-Peak,25.3463,55.4209
2023-03,USA,San Francisco,Luxury,102582,29499363.74,4.1,Yes,Off-Peak,37.7749,-122.4194
2023-12,India,Varanasi,Historical,417766,103330255.23,4.2,Yes,Off-Peak,25.3176,82.9739
2024-07,Japan,Nara,Historical,392786,124844229.16,3.8,Yes,Peak,34.6851,135.8048
2024-08,Switzerland,Zurich,Nature,222770,24736124.11,3.9,No,Shoulder,47.3769,8.5417
2024-08,Brazil,Rio de Janeiro,Urban,66795,15522334.81,4.5,Yes,Peak,-22.9068,-43.1729
2023-06,Australia,Perth,Nature,10842,3896224.86,4.6,No,Off-Peak,-31.9505,115.8605
2025-10,Japan,Osaka,Wildlife,488783,132137358.08,4.7,Yes,Peak,34.6937,135.5023
2024-01,UAE,Sharjah,Adventure,86269,31060987.91,3.5,Yes,Peak,25.3463,55.4209
2022-03,Japan,Nara,Luxury,124185,32687761.49,4.3,No,Peak,34.6851,135.8048
2022-01,Switzerland,Geneva,Urban,423807,52342628.04,5.0,No,Shoulder,46.2044,6.1432
2025-06,Australia,Gold Coast,Adventure,596198,78913667.99,4.1,Yes,Shoulder,-28.0167,153.4
2024-06,Australia,Gold Coast,Nature,500043,213215797.25,4.9,Yes,Peak,-28.0167,153.4
2022-01,Switzerland,Lucerne,Religious,501889,117458131.08,3.5,Yes,Peak,47.0502,8.3093
2025-09,USA,Las Vegas,Historical,213947,59682794.82,3.8,Yes,Shoulder,36.1699,-115.1398
2022-05,Thailand,Chiang Mai,Religious,169052,53326964.06,4.8,No,Shoulder,18.7883,98.9853
2023-07,India,Kerala,Luxury,292918,86777924.85,3.8,No,Off-Peak,10.8505,76.2711
2022-05,Switzerland,Lucerne,Adventure,217429,25678631.18,3.6,Yes,Off-Peak,47.0502,8.3093
2024-10,Brazil,Rio de Janeiro,Luxury,137858,27869272.68,4.6,No,Shoulder,-22.9068,-43.1729
2023-02,Brazil,Salvador,Adventure,501403,40607721.78,3.6,Yes,Peak,-12.9777,-38.5016
2022-11,Brazil,Rio de Janeiro,Wildlife,155295,62678182.17,3.8,Yes,Peak,-22.9068,-43.1729
2025-07,Switzerland,Geneva,Wildlife,451070,90675473.8,4.1,Yes,Peak,46.2044,6.1432
2024-01,Switzerland,Geneva,Wildlife,400637,84673389.52,4.7,No,Shoulder,46.2044,6.1432
2025-05,France,Nice,Urban,179185,61496048.45,4.7,No,Off-Peak,43.7102,7.262
2024-04,USA,New York,Religious,590005,86060838.1,4.8,No,Shoulder,40.7128,-74.006
2025-04,Australia,Perth,Nature,229164,50761944.34,3.5,Yes,Peak,-31.9505,115.8605
2023-01,Thailand,Phuket,Beach,556553,165234859.32,3.8,No,Off-Peak,7.8804,98.3923
2022-03,Switzerland,Zurich,Urban,291290,92461097.69,3.9,No,Off-Peak,47.3769,8.5417
2025-03,India,Goa,Wildlife,498679,130360265.61,4.1,Yes,Peak,15.2993,74.124
2025-10,Australia,Sydney,Adventure,165633,66623868.75,3.4,No,Peak,-33.8688,151.2093
2023-09,India,Varanasi,Historical,70352,27959250.52,3.7,Yes,Shoulder,25.3176,82.9739
2023-10,Brazil,Salvador,Religious,22484,9267061.54,3.5,No,Shoulder,-12.9777,-38.5016
2025-07,India,Mysuru,Beach,441604,45941527.27,4.7,Yes,Shoulder,12.2958,76.6394
2024-05,USA,New York,Beach,185968,33835839.61,3.6,No,Peak,40.7128,-74.006
2024-12,India,Delhi,Religious,292061,36085419.12,4.0,Yes,Shoulder,28.6139,77.209
2022-06,Thailand,Bangkok,Adventure,126909,44409728.26,3.5,Yes,Peak,13.7563,100.5018
2024-06,India,Kerala,Historical,397722,160903766.08,4.9,No,Shoulder,10.8505,76.2711
2022-04,Japan,Kyoto,Luxury,330569,112786230.96,3.5,Yes,Shoulder,35.0116,135.7681
2023-01,Australia,Perth,Urban,241936,98448687.66,3.5,No,Off-Peak,-31.9505,115.8605
2024-08,Thailand,Phuket,Religious,101901,29970875.6,3.8,No,Shoulder,7.8804,98.3923
2022-10,Italy,Rome,Nature,409415,183290831.63,4.0,No,Peak,41.9028,12.4964
2024-09,Australia,Gold Coast,Nature,100166,17583051.93,4.0,Yes,Peak,-28.0167,153.4
2024-07,Switzerland,Lucerne,Adventure,200481,50697904.46,3.8,No,Shoulder,47.0502,8.3093
2025-09,Brazil,Rio de Janeiro,Historical,343031,107336001.66,4.8,Yes,Peak,-22.9068,-43.1729
2023-10,UAE,Abu Dhabi,Historical,355971,53122001.53,3.8,Yes,Off-Peak,24.4539,54.3773
2024-05,Switzerland,Zurich,Wildlife,27806,8331307.63,4.5,No,Off-Peak,47.3769,8.5417
2025-03,Japan,Osaka,Religious,396344,102473278.37,3.9,Yes,Peak,34.6937,135.5023
2024-04,Switzerland,Zurich,Urban,446435,193294443.18,3.9,Yes,Peak,47.3769,8.5417
2025-03,Switzerland,Zurich,Nature,320183,138335941.21,4.2,Yes,Peak,47.3769,8.5417
2023-08,Australia,Sydney,Adventure,99789,37575663.79,4.0,Yes,Off-Peak,-33.8688,151.2093
2022-12,India,Agra,Urban,215141,41691076.87,3.5,Yes,Off-Peak,27.1767,78.0081
2025-08,France,Nice,Religious,166625,13634852.02,3.5,Yes,Off-Peak,43.7102,7.262
2025-09,Switzerland,Lucerne,Nature,418188,174697295.56,4.4,No,Shoulder,47.0502,8.3093
2022-09,Japan,Tokyo,Religious,411400,149061076.83,3.4,No,Off-Peak,35.6762,139.6503
2024-11,UAE,Sharjah,Historical,417982,87082728.7,4.4,Yes,Peak,25.3463,55.4209
2023-12,Brazil,Rio de Janeiro,Religious,251580,51761289.83,4.7,No,Peak,-22.9068,-43.1729
2023-01,Japan,Kyoto,Beach,529235,83701673.36,4.0,No,Off-Peak,35.0116,135.7681
2023-07,Italy,Milan,Urban,163070,36384462.28,4.7,Yes,Off-Peak,45.4642,9.19
2024-02,UAE,Dubai,Historical,176487,44478500.8,3.3,Yes,Shoulder,25.2048,55.2708
2023-09,UAE,Dubai,Adventure,173698,50829665.67,3.9,No,Peak,25.2048,55.2708
2024-04,Thailand,Chiang Mai,Beach,426216,81873182.47,3.7,Yes,Shoulder,18.7883,98.9853
2024-07,Thailand,Chiang Mai,Religious,395935,155342052.63,4.9,Yes,Peak,18.7883,98.9853
2025-08,UAE,Sharjah,Historical,407099,55220240.16,3.8,No,Peak,25.3463,55.4209
2024-04,Switzerland,Lucerne,Beach,482090,121468541.08,3.3,No,Off-Peak,47.0502,8.3093
2023-05,Australia,Sydney,Luxury,392235,80353593.77,3.7,Yes,Shoulder,-33.8688,151.2093
2023-11,USA,Las Vegas,Luxury,312484,27024249.86,3.8,Yes,Shoulder,36.1699,-115.1398
2024-11,France,Lyon,Luxury,43390,7462727.91,3.4,Yes,Peak,45.764,4.8357
2023-06,Italy,Milan,Religious,457041,200908608.79,4.4,Yes,Shoulder,45.4642,9.19
2022-03,Switzerland,Lucerne,Historical,485687,97544277.72,3.3,Yes,Off-Peak,47.0502,8.3093
2023-10,Switzerland,Lucerne,Urban,87590,20700676.05,3.2,No,Shoulder,47.0502,8.3093
2023-01,France,Cannes,Urban,127080,56947065.59,4.3,Yes,Shoulder,43.5528,7.0174
2023-02,India,Mumbai,Luxury,500890,90997236.69,4.4,Yes,Off-Peak,19.076,72.8777
2025-03,Switzerland,Lucerne,Luxury,52964,22065129.27,4.4,No,Peak,47.0502,8.3093
2024-03,UAE,Dubai,Adventure,24628,4474030.95,4.0,No,Peak,25.2048,55.2708
2025-10,Japan,Kyoto,Religious,23950,3874902.93,4.3,No,Shoulder,35.0116,135.7681
2024-11,UAE,Sharjah,Luxury,349721,89519157.39,4.2,No,Off-Peak,25.3463,55.4209
2022-10,Australia,Gold Coast,Wildlife,470969,186556338.73,4.1,Yes,Shoulder,-28.0167,153.4
2022-03,UAE,Abu Dhabi,Historical,427511,134072623.96,4.2,No,Peak,24.4539,54.3773
2023-07,Japan,Osaka,Religious,323801,79996558.3,4.0,Yes,Shoulder,34.6937,135.5023
2025-01,Brazil,Rio de Janeiro,Luxury,373706,87333376.18,4.6,No,Shoulder,-22.9068,-43.1729
2024-11,Thailand,Bangkok,Adventure,398514,87680521.12,4.9,Yes,Peak,13.7563,100.5018
2022-08,UAE,Dubai,Urban,226569,33099533.69,3.5,No,Shoulder,25.2048,55.2708
2024-03,UAE,Abu Dhabi,Urban,233330,46241174.7,3.9,Yes,Shoulder,24.4539,54.3773
2024-02,Australia,Perth,Wildlife,241033,86778250.12,3.7,No,Peak,-31.9505,115.8605
2022-01,Italy,Milan,Religious,307417,111372849.0,4.4,Yes,Off-Peak,45.4642,9.19
2024-03,Brazil,Salvador,Luxury,443409,66459796.69,3.3,Yes,Peak,-12.9777,-38.5016
2022-06,Brazil,Salvador,Luxury,532812,229019081.29,3.8,Yes,Peak,-12.9777,-38.5016
2025-08,Brazil,Salvador,Historical,499837,216021079.11,3.2,No,Shoulder,-12.9777,-38.5016
2024-06,Switzerland,Zurich,Religious,174218,60546371.77,3.6,No,Shoulder,47.3769,8.5417
2023-07,Japan,Osaka,Historical,144093,59214282.53,3.6,No,Off-Peak,34.6937,135.5023
2022-12,Japan,Nara,Wildlife,258633,68558313.43,3.4,No,Peak,34.6851,135.8048
2022-01,Japan,Nara,Beach,78234,26000970.62,3.9,No,Off-Peak,34.6851,135.8048
2025-10,France,Cannes,Historical,277660,95749411.51,4.3,Yes,Off-Peak,43.5528,7.0174
2023-07,Thailand,Chiang Mai,Luxury,67690,26160415.82,4.5,Yes,Off-Peak,18.7883,98.9853
2025-05,UAE,Sharjah,Wildlife,541409,129168145.91,3.4,Yes,Off-Peak,25.3463,55.4209
2023-12,Brazil,Rio de Janeiro,Luxury,182160,58822868.5,3.5,Yes,Off-Peak,-22.9068,-43.1729
2023-10,Japan,Osaka,Historical,106843,26662622.32,4.5,Yes,Off-Peak,34.6937,135.5023
2023-10,Australia,Gold Coast,Wildlife,471272,159684776.53,4.2,Yes,Peak,-28.0167,153.4
2023-03,Italy,Florence,Religious,32200,9290008.81,4.5,No,Shoulder,43.7696,11.2558
2025-10,Italy,Florence,Wildlife,503372,165666331.53,3.5,Yes,Peak,43.7696,11.2558
2023-05,Brazil,Sao Paulo,Nature,407890,36857650.44,3.6,No,Peak,-23.5505,-46.6333
2023-12,Brazil,Rio de Janeiro,Luxury,277022,71050742.21,4.8,No,Shoulder,-22.9068,-43.1729
2023-12,Italy,Florence,Luxury,553759,221615024.42,4.1,Yes,Shoulder,43.7696,11.2558
2024-01,Thailand,Bangkok,Beach,512509,167813682.84,3.3,Yes,Off-Peak,13.7563,100.5018
2023-06,Japan,Kyoto,Historical,162379,52042268.96,3.8,No,Shoulder,35.0116,135.7681
2023-12,India,Kerala,Beach,217368,49438558.89,3.4,No,Shoulder,10.8505,76.2711
2024-11,France,Lyon,Historical,585160,256921386.09,3.3,Yes,Peak,45.764,4.8357
2023-03,USA,Las Vegas,Wildlife,261992,38158964.41,5.0,No,Shoulder,36.1699,-115.1398
2025-11,USA,New York,Historical,204244,84816846.63,3.4,No,Peak,40.7128,-74.006
2025-02,Japan,Kyoto,Wildlife,260790,65661804.87,4.2,Yes,Off-Peak,35.0116,135.7681
2022-08,France,Nice,Wildlife,506532,56150539.73,3.6,Yes,Shoulder,43.7102,7.262
2025-02,Thailand,Phuket,Luxury,15068,6006428.28,3.4,No,Shoulder,7.8804,98.3923
2023-05,Japan,Nara,Luxury,5519,1669503.21,4.1,Yes,Off-Peak,34.6851,135.8048
2023-07,Switzerland,Geneva,Urban,544178,96729796.9,4.2,No,Off-Peak,46.2044,6.1432
2025-05,Switzerland,Lucerne,Wildlife,328804,39865486.4,4.6,Yes,Off-Peak,47.0502,8.3093
2024-07,India,Mumbai,Wildlife,539299,75695157.23,3.3,No,Shoulder,19.076,72.8777
2023-10,USA,New York,Adventure,469727,71224863.17,3.4,Yes,Peak,40.7128,-74.006
2024-10,USA,Orlando,Wildlife,340560,40213097.81,3.7,Yes,Shoulder,28.5383,-81.3792
2023-01,Italy,Florence,Luxury,168984,62650837.8,4.7,Yes,Off-Peak,43.7696,11.2558
2025-11,Switzerland,Geneva,Urban,442160,72791797.98,3.7,No,Off-Peak,46.2044,6.1432
2025-11,Italy,Florence,Religious,354933,137293613.31,3.8,No,Off-Peak,43.7696,11.2558
2022-01,Brazil,Sao Paulo,Luxury,442385,44443654.88,3.9,Yes,Off-Peak,-23.5505,-46.6333
2023-02,USA,New York,Urban,217035,41035859.94,3.9,No,Off-Peak,40.7128,-74.006
2024-12,UAE,Abu Dhabi,Nature,590176,221354720.41,4.3,No,Off-Peak,24.4539,54.3773
2022-11,France,Paris,Religious,259948,90320020.53,4.9,No,Peak,48.8566,2.3522
2023-04,UAE,Sharjah,Urban,515699,229570528.11,4.3,Yes,Peak,25.3463,55.4209
2024-11,India,Mumbai,Religious,294455,71289327.53,3.7,No,Peak,19.076,72.8777
2022-10,France,Lyon,Adventure,438877,130885882.8,4.2,Yes,Off-Peak,45.764,4.8357
2025-07,Japan,Osaka,Urban,578136,165329285.94,4.7,Yes,Peak,34.6937,135.5023
2024-05,France,Lyon,Nature,383776,56849433.79,4.0,No,Off-Peak,45.764,4.8357
2023-05,Australia,Melbourne,Beach,276608,36484560.99,4.4,No,Off-Peak,-37.8136,144.9631
2022-04,Thailand,Bangkok,Religious,559064,48076412.19,4.0,Yes,Shoulder,13.7563,100.5018
2025-01,Australia,Perth,Religious,301376,94848549.11,4.5,Yes,Shoulder,-31.9505,115.8605
2022-06,France,Nice,Wildlife,543444,166137161.21,5.0,Yes,Shoulder,43.7102,7.262
2024-05,UAE,Abu Dhabi,Adventure,493337,158195498.77,3.3,No,Off-Peak,24.4539,54.3773
2022-02,Switzerland,Lucerne,Luxury,458401,134152428.49,3.2,No,Peak,47.0502,8.3093
2024-04,India,Kerala,Adventure,343044,60298762.03,3.6,No,Shoulder,10.8505,76.2711
2025-01,Thailand,Chiang Mai,Religious,215062,88282974.25,4.5,Yes,Peak,18.7883,98.9853
2022-12,Italy,Venice,Historical,328466,29464405.79,4.3,Yes,Peak,45.4408,12.3155
2023-09,Switzerland,Geneva,Religious,77631,32879231.0,4.4,Yes,Off-Peak,46.2044,6.1432
2023-03,Italy,Milan,Nature,289245,105796499.98,3.2,No,Peak,45.4642,9.19
2025-12,UAE,Dubai,Nature,470517,103868570.54,4.0,No,Peak,25.2048,55.2708
2022-06,Japan,Nara,Adventure,135704,36298137.49,4.2,Yes,Peak,34.6851,135.8048
2025-12,Japan,Tokyo,Religious,517867,185076633.38,3.8,Yes,Peak,35.6762,139.6503
2023-05,France,Lyon,Historical,506197,217468220.47,3.2,No,Off-Peak,45.764,4.8357
2023-12,UAE,Dubai,Urban,376910,146813159.59,4.0,No,Peak,25.2048,55.2708
2022-02,France,Cannes,Urban,499258,174721713.28,4.8,Yes,Peak,43.5528,7.0174
2022-01,Japan,Kyoto,Adventure,597004,162319505.46,3.5,No,Peak,35.0116,135.7681
2023-12,India,Kerala,Luxury,312321,120119518.84,4.0,Yes,Shoulder,10.8505,76.2711
2022-08,Italy,Venice,Adventure,387801,35325819.56,3.6,No,Shoulder,45.4408,12.3155
2022-02,Australia,Gold Coast,Beach,341669,69251303.41,4.8,Yes,Shoulder,-28.0167,153.4
2024-11,Italy,Milan,Luxury,53758,19467161.39,4.5,Yes,Peak,45.4642,9.19
2023-03,France,Paris,Historical,370603,87223886.15,3.3,No,Off-Peak,48.8566,2.3522
2022-09,UAE,Sharjah,Beach,466809,91134853.36,4.0,No,Peak,25.3463,55.4209
2024-07,Australia,Gold Coast,Wildlife,106080,37873317.97,4.7,Yes,Peak,-28.0167,153.4
2023-03,Japan,Kyoto,Historical,154522,54851993.64,4.5,No,Shoulder,35.0116,135.7681
2023-05,France,Nice,Adventure,242212,84801134.25,3.7,No,Shoulder,43.7102,7.262
2025-01,Brazil,Salvador,Urban,547013,197559564.39,3.4,No,Off-Peak,-12.9777,-38.5016
2025-05,Italy,Rome,Beach,408733,152805689.09,5.0,Yes,Peak,41.9028,12.4964
2024-02,India,Kerala,Religious,174748,14737132.99,4.1,No,Peak,10.8505,76.2711
2023-02,Brazil,Sao Paulo,Wildlife,479065,148455367.68,4.2,Yes,Shoulder,-23.5505,-46.6333
2022-12,USA,Orlando,Urban,358637,73937933.73,4.8,No,Shoulder,28.5383,-81.3792
2023-05,France,Lyon,Historical,549287,202864366.36,4.0,Yes,Shoulder,45.764,4.8357
2024-06,Italy,Rome,Historical,243157,30273718.91,4.5,Yes,Off-Peak,41.9028,12.4964
2024-12,USA,San Francisco,Historical,462351,202291621.19,4.9,Yes,Off-Peak,37.7749,-122.4194
2025-08,Switzerland,Zurich,Nature,153592,56381657.78,3.6,No,Shoulder,47.3769,8.5417
2024-10,Brazil,Rio de Janeiro,Beach,595225,223861858.22,3.9,Yes,Shoulder,-22.9068,-43.1729
2022-11,Switzerland,Zurich,Historical,397662,131923117.18,4.3,Yes,Shoulder,47.3769,8.5417
2023-06,Italy,Milan,Beach,217018,94370494.95,4.9,No,Off-Peak,45.4642,9.19
2024-06,Switzerland,Geneva,Religious,504694,65794107.66,4.9,Yes,Peak,46.2044,6.1432
2025-11,USA,Orlando,Historical,223895,22817637.39,3.9,Yes,Off-Peak,28.5383,-81.3792
2022-11,Italy,Venice,Luxury,415243,93292593.23,3.5,No,Peak,45.4408,12.3155
2024-02,Japan,Osaka,Historical,152262,53080393.17,4.3,Yes,Peak,34.6937,135.5023
2023-09,Thailand,Bangkok,Beach,293851,92739359.35,4.1,Yes,Shoulder,13.7563,100.5018
2025-07,Brazil,Sao Paulo,Wildlife,248459,47347395.46,3.4,No,Peak,-23.5505,-46.6333
2022-03,France,Lyon,Luxury,290320,113239796.46,3.7,No,Off-Peak,45.764,4.8357
2023-07,Brazil,Rio de Janeiro,Nature,515975,141093644.53,3.4,No,Peak,-22.9068,-43.1729
2024-03,Thailand,Chiang Mai,Beach,458485,144918931.77,4.8,No,Shoulder,18.7883,98.9853
2023-10,USA,Orlando,Luxury,537491,175642405.1,3.7,No,Peak,28.5383,-81.3792
2023-04,India,Jaipur,Wildlife,514134,83245292.09,4.0,No,Peak,26.9124,75.7873
2024-01,Thailand,Chiang Mai,Luxury,598095,57164398.28,3.4,Yes,Shoulder,18.7883,98.9853
2023-12,France,Paris,Luxury,255205,97400241.24,4.5,Yes,Off-Peak,48.8566,2.3522
2022-03,Thailand,Phuket,Luxury,553159,210681363.2,4.3,No,Shoulder,7.8804,98.3923
2022-12,India,Kerala,Beach,599469,187809364.47,3.8,No,Off-Peak,10.8505,76.2711
2023-11,India,Varanasi,Religious,270828,56976801.83,4.9,No,Off-Peak,25.3176,82.9739
2025-09,India,Mumbai,Urban,485462,176895615.28,3.5,No,Shoulder,19.076,72.8777
2024-08,UAE,Abu Dhabi,Historical,185415,37730544.96,4.3,Yes,Off-Peak,24.4539,54.3773
2025-05,USA,New York,Luxury,99825,19543938.91,4.1,Yes,Off-Peak,40.7128,-74.006
2023-11,Japan,Osaka,Religious,514021,194393528.35,4.8,Yes,Peak,34.6937,135.5023
2023-01,Australia,Sydney,Urban,121895,50740892.86,4.5,No,Shoulder,-33.8688,151.2093
2025-04,Switzerland,Zurich,Historical,422303,64818973.5,3.4,No,Off-Peak,47.3769,8.5417
2023-11,Italy,Florence,Luxury,563710,72843702.68,3.9,No,Shoulder,43.7696,11.2558
2023-03,Brazil,Rio de Janeiro,Wildlife,344566,132888628.81,3.6,Yes,Shoulder,-22.9068,-43.1729
2023-03,USA,New York,Nature,523513,89405625.09,3.6,Yes,Peak,40.7128,-74.006
2022-02,India,Delhi,Wildlife,260517,101610583.02,3.9,Yes,Off-Peak,28.6139,77.209
2025-12,Italy,Milan,Urban,410907,140323094.22,5.0,No,Off-Peak,45.4642,9.19
2023-09,Australia,Gold Coast,Religious,251106,27246247.98,4.4,No,Shoulder,-28.0167,153.4
2024-09,Japan,Kyoto,Wildlife,106314,29564133.94,3.4,Yes,Shoulder,35.0116,135.7681
2023-06,Australia,Melbourne,Beach,492888,123364140.18,4.0,No,Peak,-37.8136,144.9631
2024-05,Italy,Rome,Beach,592159,243650573.2,4.1,Yes,Peak,41.9028,12.4964
2025-01,Australia,Sydney,Urban,294501,126788546.08,4.5,No,Off-Peak,-33.8688,151.2093
2025-07,Italy,Milan,Wildlife,230657,44894006.36,4.5,No,Off-Peak,45.4642,9.19
2024-11,Japan,Nara,Religious,156239,62372422.21,4.9,Yes,Shoulder,34.6851,135.8048
2025-04,Australia,Sydney,Historical,79462,21932754.18,4.5,Yes,Peak,-33.8688,151.2093
2022-02,Brazil,Rio de Janeiro,Wildlife,195041,68187666.48,3.8,Yes,Off-Peak,-22.9068,-43.1729
2024-03,Brazil,Salvador,Luxury,411271,138875347.01,3.4,No,Peak,-12.9777,-38.5016
2022-12,France,Lyon,Luxury,377409,152946460.41,4.1,Yes,Off-Peak,45.764,4.8357
2023-11,UAE,Dubai,Historical,242649,49912041.08,4.6,No,Peak,25.2048,55.2708
2022-04,Brazil,Rio de Janeiro,Religious,589191,67952234.34,3.2,Yes,Peak,-22.9068,-43.1729
2022-02,Australia,Perth,Religious,326140,129791552.02,4.9,Yes,Shoulder,-31.9505,115.8605
2024-11,Brazil,Sao Paulo,Nature,195617,86274240.52,3.4,Yes,Shoulder,-23.5505,-46.6333
2025-10,Australia,Melbourne,Adventure,467104,125049172.83,4.7,No,Peak,-37.8136,144.9631
2022-08,Brazil,Rio de Janeiro,Urban,568703,242245883.91,3.4,Yes,Shoulder,-22.9068,-43.1729
2024-08,Switzerland,Zurich,Nature,109565,33230653.29,5.0,No,Off-Peak,47.3769,8.5417
2022-08,Switzerland,Geneva,Historical,474694,97401160.59,3.9,Yes,Off-Peak,46.2044,6.1432
2023-11,Japan,Nara,Beach,48610,20374681.5,4.9,Yes,Shoulder,34.6851,135.8048
2025-01,France,Lyon,Luxury,557953,200897496.92,4.4,No,Off-Peak,45.764,4.8357
2023-07,Italy,Milan,Luxury,212661,48820179.95,3.9,No,Peak,45.4642,9.19
2024-12,Thailand,Bangkok,Wildlife,342132,104547121.84,3.8,No,Shoulder,13.7563,100.5018
2022-06,India,Goa,Urban,202215,82923162.24,4.5,Yes,Shoulder,15.2993,74.124
2022-02,Australia,Sydney,Beach,565245,247410129.74,3.9,No,Shoulder,-33.8688,151.2093
2024-10,India,Mysuru,Adventure,538069,144329404.16,4.4,Yes,Peak,12.2958,76.6394
2023-03,France,Cannes,Religious,199726,21369980.59,3.6,Yes,Shoulder,43.5528,7.0174
2024-01,Brazil,Rio de Janeiro,Nature,52431,21660224.39,3.4,No,Peak,-22.9068,-43.1729
2024-01,Japan,Osaka,Nature,190658,41479554.03,4.7,Yes,Peak,34.6937,135.5023
2024-04,Italy,Venice,Urban,275726,42959275.45,4.8,No,Off-Peak,45.4408,12.3155
2024-01,India,Mysuru,Urban,438732,171884084.81,3.5,No,Off-Peak,12.2958,76.6394
2022-03,Brazil,Rio de Janeiro,Wildlife,419678,53588117.82,4.4,Yes,Shoulder,-22.9068,-43.1729
2024-08,France,Paris,Historical,171643,25376159.02,3.8,No,Shoulder,48.8566,2.3522
2023-07,UAE,Abu Dhabi,Urban,567309,224959573.14,3.7,Yes,Off-Peak,24.4539,54.3773
2024-08,Japan,Tokyo,Nature,586697,74529622.49,5.0,No,Off-Peak,35.6762,139.6503
2022-03,France,Paris,Luxury,244751,36286044.47,4.6,Yes,Peak,48.8566,2.3522
2024-05,UAE,Sharjah,Adventure,393918,95938261.21,4.6,Yes,Peak,25.3463,55.4209
2022-10,Australia,Sydney,Religious,19901,7920804.88,3.7,Yes,Off-Peak,-33.8688,151.2093
2024-02,Thailand,Bangkok,Luxury,64169,8768442.4,3.7,Yes,Peak,13.7563,100.5018
2025-07,Italy,Venice,Wildlife,357204,31921385.14,4.0,Yes,Shoulder,45.4408,12.3155
2022-11,Switzerland,Geneva,Adventure,588902,166326914.58,3.8,Yes,Shoulder,46.2044,6.1432
2024-11,France,Cannes,Beach,548211,169329716.05,3.5,No,Off-Peak,43.5528,7.0174
2025-08,India,Agra,Nature,113834,9355287.34,3.2,Yes,Off-Peak,27.1767,78.0081
2025-05,Brazil,Rio de Janeiro,Beach,240424,69373465.38,3.3,No,Shoulder,-22.9068,-43.1729
2024-05,UAE,Abu Dhabi,Nature,410554,136577370.88,4.3,No,Shoulder,24.4539,54.3773
2024-06,Thailand,Phuket,Religious,165576,26959206.7,3.7,Yes,Off-Peak,7.8804,98.3923
2025-12,USA,Las Vegas,Beach,390957,93729023.12,3.7,Yes,Off-Peak,36.1699,-115.1398
2023-03,UAE,Sharjah,Luxury,572802,72321385.74,4.3,Yes,Off-Peak,25.3463,55.4209
2025-11,UAE,Abu Dhabi,Wildlife,487954,119178064.87,3.9,No,Off-Peak,24.4539,54.3773
2025-11,Australia,Perth,Nature,144580,24726452.28,4.5,Yes,Shoulder,-31.9505,115.8605
2024-12,Brazil,Sao Paulo,Luxury,490884,107347571.6,3.8,No,Peak,-23.5505,-46.6333
2025-06,Thailand,Bangkok,Wildlife,574197,109739670.23,4.7,No,Peak,13.7563,100.5018
2024-12,Japan,Kyoto,Adventure,359086,116369373.69,4.9,No,Peak,35.0116,135.7681
2024-01,Thailand,Bangkok,Adventure,221481,40116497.67,4.5,Yes,Shoulder,13.7563,100.5018
2022-10,UAE,Sharjah,Luxury,212418,41867918.25,3.6,Yes,Off-Peak,25.3463,55.4209
2022-05,Australia,Sydney,Historical,106779,9390406.39,4.9,Yes,Off-Peak,-33.8688,151.2093
2023-01,France,Lyon,Adventure,379023,164664243.97,3.8,Yes,Off-Peak,45.764,4.8357
2024-07,Brazil,Sao Paulo,Religious,473311,161083442.6,3.7,Yes,Shoulder,-23.5505,-46.6333
2024-03,Italy,Venice,Historical,176187,48795503.54,4.3,Yes,Shoulder,45.4408,12.3155
2025-09,Switzerland,Lucerne,Urban,497377,166763830.07,4.8,Yes,Shoulder,47.0502,8.3093
2022-03,Italy,Milan,Adventure,106784,43320748.86,4.1,No,Peak,45.4642,9.19
2025-02,India,Mumbai,Adventure,467355,114741898.38,3.2,No,Shoulder,19.076,72.8777
2022-06,Brazil,Sao Paulo,Religious,361281,38111278.69,3.4,No,Shoulder,-23.5505,-46.6333
2025-07,UAE,Dubai,Nature,121362,52887471.07,3.8,Yes,Off-Peak,25.2048,55.2708
2025-04,Brazil,Sao Paulo,Luxury,21730,9711781.69,3.9,No,Peak,-23.5505,-46.6333
2022-02,Switzerland,Geneva,Wildlife,550712,108969380.06,3.5,Yes,Shoulder,46.2044,6.1432
2024-04,USA,Orlando,Religious,475738,45180182.84,4.5,No,Shoulder,28.5383,-81.3792
2022-03,France,Lyon,Adventure,583052,234768692.0,4.9,Yes,Shoulder,45.764,4.8357
2024-01,Brazil,Rio de Janeiro,Nature,322414,133697955.13,3.9,Yes,Shoulder,-22.9068,-43.1729
2023-12,USA,San Francisco,Luxury,356938,82332091.37,3.8,No,Shoulder,37.7749,-122.4194
2023-07,USA,Las Vegas,Urban,517575,57359352.15,4.0,Yes,Shoulder,36.1699,-115.1398
2022-09,Australia,Sydney,Historical,29125,4948208.77,3.5,Yes,Peak,-33.8688,151.2093
2022-05,Brazil,Rio de Janeiro,Beach,96631,33584068.53,4.5,No,Shoulder,-22.9068,-43.1729
2025-05,France,Nice,Religious,488145,181037703.58,3.4,Yes,Peak,43.7102,7.262
2022-12,Italy,Venice,Historical,90097,31151409.73,3.4,No,Shoulder,45.4408,12.3155
2025-10,Japan,Kyoto,Historical,57427,12815027.49,4.3,Yes,Off-Peak,35.0116,135.7681
2024-07,Japan,Nara,Urban,200103,70171910.91,4.3,Yes,Off-Peak,34.6851,135.8048
2022-12,Italy,Rome,Nature,88422,15686663.2,4.8,Yes,Shoulder,41.9028,12.4964
2022-12,France,Paris,Religious,202340,72807174.47,3.6,No,Shoulder,48.8566,2.3522
2024-09,Brazil,Sao Paulo,Urban,437308,70299685.53,3.7,No,Shoulder,-23.5505,-46.6333
2023-07,Japan,Tokyo,Adventure,268893,27943827.05,3.3,No,Shoulder,35.6762,139.6503
2025-08,India,Mysuru,Wildlife,88835,7501192.68,4.5,Yes,Off-Peak,12.2958,76.6394
2025-01,Brazil,Sao Paulo,Urban,74078,25856563.13,3.8,No,Shoulder,-23.5505,-46.6333
2023-08,Thailand,Phuket,Wildlife,528968,103670126.43,5.0,Yes,Peak,7.8804,98.3923
2025-09,Brazil,Rio de Janeiro,Religious,49773,11527475.93,4.8,No,Off-Peak,-22.9068,-43.1729
2022-10,Thailand,Phuket,Adventure,479141,169140559.26,3.9,Yes,Peak,7.8804,98.3923
2024-02,Australia,Perth,Religious,161640,13765514.72,4.6,Yes,Peak,-31.9505,115.8605
2022-07,Brazil,Rio de Janeiro,Beach,232534,52268506.14,3.5,No,Peak,-22.9068,-43.1729
2022-11,India,Varanasi,Urban,416284,161109368.14,4.7,No,Peak,25.3176,82.9739
2024-04,Japan,Nara,Luxury,528382,227475018.61,3.5,Yes,Off-Peak,34.6851,135.8048
2025-10,France,Paris,Wildlife,343986,104878762.25,3.5,No,Peak,48.8566,2.3522
2023-08,UAE,Abu Dhabi,Adventure,18597,3817495.24,3.8,No,Shoulder,24.4539,54.3773
2023-07,France,Nice,Religious,560364,195096328.89,4.7,Yes,Off-Peak,43.7102,7.262
2022-02,Brazil,Sao Paulo,Wildlife,71191,15441552.23,3.6,No,Shoulder,-23.5505,-46.6333
2023-06,Japan,Osaka,Religious,504318,148053303.54,3.8,Yes,Peak,34.6937,135.5023
2023-04,Australia,Melbourne,Wildlife,253531,73123478.84,4.8,No,Shoulder,-37.8136,144.9631
2025-04,France,Cannes,Religious,160561,17675171.01,4.1,No,Peak,43.5528,7.0174
2023-06,Thailand,Phuket,Adventure,207565,44543347.09,4.6,No,Peak,7.8804,98.3923
2023-11,Japan,Tokyo,Wildlife,348109,100218778.93,4.6,No,Off-Peak,35.6762,139.6503
2025-03,Australia,Melbourne,Historical,202336,38318238.47,3.3,Yes,Shoulder,-37.8136,144.9631
2024-01,Switzerland,Geneva,Luxury,265284,89994693.37,4.7,No,Off-Peak,46.2044,6.1432
2022-02,Japan,Kyoto,Beach,315486,101304112.31,4.6,Yes,Off-Peak,35.0116,135.7681
2025-05,Thailand,Bangkok,Luxury,473383,135126142.57,4.3,No,Peak,13.7563,100.5018
2023-01,USA,San Francisco,Wildlife,294353,54561927.92,4.3,No,Peak,37.7749,-122.4194
2024-12,France,Paris,Wildlife,347399,75199425.07,3.8,No,Shoulder,48.8566,2.3522
2024-02,India,Mysuru,Adventure,344617,69214901.95,4.7,Yes,Shoulder,12.2958,76.6394
2025-01,USA,Orlando,Beach,598092,243307448.16,3.3,Yes,Off-Peak,28.5383,-81.3792
2022-10,France,Paris,Historical,151707,41481065.37,4.9,Yes,Peak,48.8566,2.3522
2022-06,Australia,Gold Coast,Luxury,359584,74477774.02,3.3,No,Shoulder,-28.0167,153.4
2025-09,India,Mysuru,Adventure,420225,118837983.69,3.4,Yes,Off-Peak,12.2958,76.6394
2023-03,Italy,Rome,Nature,278421,28095531.62,4.4,Yes,Peak,41.9028,12.4964
2022-03,Japan,Nara,Nature,49454,17835845.46,4.9,Yes,Shoulder,34.6851,135.8048
2025-05,Australia,Gold Coast,Luxury,411349,35838625.56,4.6,No,Peak,-28.0167,153.4
2022-03,UAE,Sharjah,Nature,76262,22739605.24,3.6,No,Peak,25.3463,55.4209
2024-09,Australia,Sydney,Adventure,390999,88740019.22,3.5,Yes,Shoulder,-33.8688,151.2093
2024-12,Brazil,Sao Paulo,Religious,283550,76282169.41,3.5,Yes,Shoulder,-23.5505,-46.6333
2023-09,USA,Orlando,Urban,210282,47371067.91,4.4,No,Peak,28.5383,-81.3792
2024-02,Thailand,Chiang Mai,Nature,541666,80376655.22,3.3,Yes,Shoulder,18.7883,98.9853
2025-09,Japan,Kyoto,Nature,318115,129810419.45,4.7,No,Off-Peak,35.0116,135.7681
2023-05,India,Kerala,Nature,599381,161297486.03,3.8,Yes,Peak,10.8505,76.2711
2025-11,Australia,Melbourne,Luxury,528860,183191091.8,4.0,No,Shoulder,-37.8136,144.9631
2024-12,Italy,Milan,Urban,508500,190255872.48,4.4,Yes,Peak,45.4642,9.19
2022-02,Brazil,Rio de Janeiro,Beach,5283,2098150.91,4.9,Yes,Off-Peak,-22.9068,-43.1729
2022-07,Thailand,Phuket,Beach,172234,37233272.78,4.4,No,Shoulder,7.8804,98.3923
2024-03,Australia,Sydney,Beach,298578,56748891.09,3.3,Yes,Off-Peak,-33.8688,151.2093
2023-02,Italy,Florence,Historical,484123,203418972.98,4.5,Yes,Off-Peak,43.7696,11.2558
2022-06,Italy,Rome,Nature,123055,30571844.95,4.8,No,Off-Peak,41.9028,12.4964
2025-11,India,Varanasi,Adventure,71357,11397565.51,3.9,No,Peak,25.3176,82.9739
2024-06,India,Varanasi,Luxury,458496,66371179.56,3.2,Yes,Shoulder,25.3176,82.9739
2025-11,France,Lyon,Wildlife,300246,46537677.74,3.7,No,Peak,45.764,4.8357
2025-06,Japan,Nara,Beach,7043,2839756.81,4.7,No,Shoulder,34.6851,135.8048
2023-07,Thailand,Bangkok,Religious,54591,6153165.6,3.9,No,Shoulder,13.7563,100.5018
2025-11,Italy,Florence,Adventure,394307,78334273.89,4.4,No,Peak,43.7696,11.2558
2024-06,Brazil,Sao Paulo,Religious,395185,143810159.76,3.5,No,Shoulder,-23.5505,-46.6333
2024-04,Switzerland,Geneva,Historical,382832,115920075.27,4.8,No,Off-Peak,46.2044,6.1432
2025-08,Thailand,Phuket,Adventure,570404,233411675.75,3.8,Yes,Shoulder,7.8804,98.3923
2023-02,Australia,Melbourne,Luxury,151298,16679856.53,4.0,Yes,Shoulder,-37.8136,144.9631
2022-07,Switzerland,Zurich,Beach,549807,95801313.37,4.2,Yes,Shoulder,47.3769,8.5417
2022-08,Japan,Osaka,Religious,517942,181686925.88,4.6,No,Shoulder,34.6937,135.5023
2025-12,UAE,Dubai,Luxury,373191,124827294.9,5.0,Yes,Shoulder,25.2048,55.2708
2025-10,Thailand,Bangkok,Beach,202479,83113156.35,4.9,Yes,Off-Peak,13.7563,100.5018
2023-04,Italy,Rome,Luxury,326447,62696534.09,3.6,Yes,Peak,41.9028,12.4964
2023-07,India,Goa,Historical,37608,5890252.87,4.7,Yes,Peak,15.2993,74.124
2024-04,USA,San Francisco,Religious,129731,42134873.39,3.2,No,Off-Peak,37.7749,-122.4194
2023-08,UAE,Abu Dhabi,Luxury,223573,69112087.85,4.9,Yes,Shoulder,24.4539,54.3773
2023-09,Thailand,Bangkok,Religious,529282,48421320.62,4.5,No,Shoulder,13.7563,100.5018
2025-08,France,Cannes,Wildlife,373107,167157971.8,3.9,No,Peak,43.5528,7.0174
2022-06,Thailand,Phuket,Historical,575147,98231726.92,4.7,Yes,Off-Peak,7.8804,98.3923
2023-04,UAE,Sharjah,Wildlife,358771,33260437.95,3.8,No,Peak,25.3463,55.4209
2022-01,Brazil,Sao Paulo,Adventure,104566,31324706.34,4.4,Yes,Shoulder,-23.5505,-46.6333
2022-12,Thailand,Bangkok,Wildlife,531461,96542135.98,4.2,Yes,Off-Peak,13.7563,100.5018
2024-08,Brazil,Rio de Janeiro,Adventure,546837,226301299.13,3.7,Yes,Peak,-22.9068,-43.1729
2022-08,USA,Orlando,Adventure,452460,198344421.84,3.3,No,Off-Peak,28.5383,-81.3792
2025-12,Japan,Tokyo,Adventure,411117,150391197.96,3.3,Yes,Peak,35.6762,139.6503
2025-10,Australia,Perth,Wildlife,244843,92823616.91,4.9,Yes,Peak,-31.9505,115.8605
2025-12,Italy,Venice,Beach,143410,34718987.21,3.9,No,Peak,45.4408,12.3155
2025-05,Switzerland,Lucerne,Historical,391178,91884230.18,3.3,No,Shoulder,47.0502,8.3093
2022-06,UAE,Dubai,Urban,73341,29686895.14,4.4,No,Off-Peak,25.2048,55.2708
2022-08,Switzerland,Zurich,Beach,149207,20879769.33,4.2,Yes,Off-Peak,47.3769,8.5417
2023-05,Switzerland,Geneva,Wildlife,589443,61728231.95,4.6,Yes,Shoulder,46.2044,6.1432
2022-03,UAE,Dubai,Nature,591852,91681123.24,3.7,No,Peak,25.2048,55.2708
2022-01,Australia,Sydney,Historical,539979,148001956.28,3.7,Yes,Off-Peak,-33.8688,151.2093
2024-07,Italy,Florence,Nature,260512,39026467.61,4.1,No,Peak,43.7696,11.2558
2024-12,France,Nice,Historical,411698,55192886.87,3.4,Yes,Peak,43.7102,7.262
2025-01,Thailand,Chiang Mai,Adventure,81116,13904506.75,4.6,No,Peak,18.7883,98.9853
2024-04,USA,San Francisco,Beach,67571,27173503.91,4.6,Yes,Peak,37.7749,-122.4194
2025-03,Australia,Perth,Nature,476679,170167323.08,3.4,No,Shoulder,-31.9505,115.8605
2023-07,Italy,Venice,Wildlife,551579,201903668.76,4.0,Yes,Off-Peak,45.4408,12.3155
2025-06,France,Paris,Beach,157634,34162884.6,3.9,No,Shoulder,48.8566,2.3522
2025-03,Australia,Gold Coast,Religious,566293,237928520.99,4.7,No,Shoulder,-28.0167,153.4
2025-08,Thailand,Phuket,Adventure,592399,150262834.04,3.4,No,Off-Peak,7.8804,98.3923
2023-05,Switzerland,Lucerne,Urban,70991,30216575.24,4.8,Yes,Off-Peak,47.0502,8.3093
2023-01,Australia,Melbourne,Religious,598509,263203940.43,3.5,No,Shoulder,-37.8136,144.9631
2025-03,UAE,Abu Dhabi,Luxury,281729,92346064.35,3.5,Yes,Shoulder,24.4539,54.3773
2025-10,USA,Las Vegas,Religious,384046,59777474.19,4.0,Yes,Peak,36.1699,-115.1398
2025-03,USA,Las Vegas,Religious,220727,32609941.77,4.4,No,Off-Peak,36.1699,-115.1398
2025-10,Japan,Nara,Urban,512870,217979519.57,4.0,No,Peak,34.6851,135.8048
2022-08,USA,New York,Luxury,269802,102754732.58,5.0,Yes,Peak,40.7128,-74.006
2024-06,Japan,Osaka,Urban,524103,141043355.82,4.0,No,Peak,34.6937,135.5023
2025-03,UAE,Sharjah,Historical,518340,132827847.67,3.9,Yes,Peak,25.3463,55.4209
2022-04,Italy,Rome,Beach,383887,151042122.71,3.7,No,Peak,41.9028,12.4964
2022-03,France,Cannes,Beach,219845,18389321.15,3.8,No,Off-Peak,43.5528,7.0174
2023-03,UAE,Dubai,Urban,246684,104422587.79,3.8,Yes,Peak,25.2048,55.2708
2022-11,India,Mumbai,Luxury,235552,36548777.69,4.3,Yes,Peak,19.076,72.8777
2024-08,Brazil,Salvador,Historical,287831,33216547.55,4.7,Yes,Peak,-12.9777,-38.5016
2022-12,Thailand,Chiang Mai,Nature,178688,32772121.24,3.2,No,Off-Peak,18.7883,98.9853
2024-05,Brazil,Salvador,Nature,410487,68102613.43,4.7,No,Shoulder,-12.9777,-38.5016
2025-12,Thailand,Phuket,Luxury,162690,64216502.42,4.6,Yes,Shoulder,7.8804,98.3923
2024-04,USA,Las Vegas,Religious,520395,103646867.13,4.1,No,Off-Peak,36.1699,-115.1398
2022-10,Brazil,Rio de Janeiro,Historical,396078,119755297.36,4.5,No,Peak,-22.9068,-43.1729
2023-09,UAE,Dubai,Religious,233514,53682030.33,3.6,No,Peak,25.2048,55.2708
2022-02,UAE,Sharjah,Nature,497529,158625471.76,3.3,Yes,Off-Peak,25.3463,55.4209
2024-01,Brazil,Sao Paulo,Beach,381984,99947742.62,4.5,No,Peak,-23.5505,-46.6333
2023-03,UAE,Abu Dhabi,Urban,370145,79818089.56,5.0,No,Peak,24.4539,54.3773
2025-03,Italy,Venice,Nature,547291,215076574.92,5.0,No,Peak,45.4408,12.3155
2022-06,Japan,Tokyo,Beach,171465,29602525.88,4.1,No,Off-Peak,35.6762,139.6503
2024-04,Italy,Florence,Urban,153514,61754571.84,3.5,No,Off-Peak,43.7696,11.2558
2022-06,Italy,Rome,Beach,248076,72404788.15,4.6,Yes,Off-Peak,41.9028,12.4964
2022-11,Switzerland,Geneva,Nature,448824,38759215.6,4.9,Yes,Peak,46.2044,6.1432
2024-11,France,Lyon,Historical,192412,70856093.66,4.2,No,Shoulder,45.764,4.8357
2022-12,Italy,Venice,Nature,564580,209547306.76,3.8,Yes,Off-Peak,45.4408,12.3155
2024-09,Switzerland,Zurich,Beach,530245,119680591.59,3.5,No,Peak,47.3769,8.5417
2025-01,Italy,Venice,Urban,390027,97931851.82,4.0,Yes,Shoulder,45.4408,12.3155
2022-05,Japan,Kyoto,Luxury,49327,6426547.15,3.7,No,Shoulder,35.0116,135.7681
2025-11,UAE,Sharjah,Luxury,572771,234179312.4,4.0,No,Shoulder,25.3463,55.4209
2023-05,Brazil,Salvador,Luxury,429881,60936210.0,4.7,Yes,Peak,-12.9777,-38.5016
2023-08,Japan,Tokyo,Historical,390353,118521487.42,3.9,No,Off-Peak,35.6762,139.6503
2024-08,Australia,Sydney,Nature,334824,119738154.63,3.6,Yes,Off-Peak,-33.8688,151.2093
2025-06,Brazil,Salvador,Urban,151638,34369281.24,3.5,Yes,Off-Peak,-12.9777,-38.5016
2024-06,USA,San Francisco,Wildlife,423632,92131417.48,3.6,Yes,Off-Peak,37.7749,-122.4194
2025-05,India,Kerala,Historical,157607,29835744.59,3.3,No,Off-Peak,10.8505,76.2711
2023-11,UAE,Dubai,Wildlife,313230,29754981.15,5.0,No,Peak,25.2048,55.2708
2023-08,Australia,Gold Coast,Adventure,207877,17480540.81,3.4,No,Peak,-28.0167,153.4
2023-12,India,Kerala,Beach,551403,135585974.36,3.8,No,Off-Peak,10.8505,76.2711
2023-12,Brazil,Sao Paulo,Beach,303767,114353957.49,4.3,No,Off-Peak,-23.5505,-46.6333
2025-07,UAE,Sharjah,Historical,42912,19288878.61,3.5,No,Off-Peak,25.3463,55.4209
2022-10,Thailand,Chiang Mai,Adventure,285080,103193327.68,3.6,No,Off-Peak,18.7883,98.9853
2022-03,UAE,Dubai,Urban,48926,4133388.41,3.4,No,Shoulder,25.2048,55.2708
2024-04,Japan,Nara,Urban,164012,73224425.01,3.6,Yes,Peak,34.6851,135.8048
2022-05,India,Delhi,Nature,511110,129450591.84,5.0,No,Peak,28.6139,77.209
2025-04,France,Cannes,Religious,364385,143829944.27,4.9,No,Shoulder,43.5528,7.0174
2025-05,Switzerland,Lucerne,Religious,351659,96664865.51,4.4,No,Shoulder,47.0502,8.3093
2024-04,Japan,Kyoto,Wildlife,28304,5114808.96,4.9,No,Off-Peak,35.0116,135.7681
2023-05,UAE,Dubai,Historical,319931,123143210.46,4.2,Yes,Peak,25.2048,55.2708
2025-09,Thailand,Bangkok,Religious,108386,25219109.17,3.9,No,Off-Peak,13.7563,100.5018
2025-04,France,Nice,Wildlife,175336,75559629.19,4.4,No,Peak,43.7102,7.262
2022-10,UAE,Abu Dhabi,Luxury,458160,116864901.62,3.3,No,Peak,24.4539,54.3773
2024-08,USA,Las Vegas,Luxury,515153,153369595.95,3.9,Yes,Off-Peak,36.1699,-115.1398
2022-11,Japan,Kyoto,Religious,357438,107079501.48,4.7,Yes,Peak,35.0116,135.7681
2024-11,France,Paris,Luxury,162334,42576951.04,3.4,Yes,Peak,48.8566,2.3522
2022-03,India,Varanasi,Adventure,191198,35912055.19,4.7,No,Shoulder,25.3176,82.9739
2022-11,Brazil,Rio de Janeiro,Urban,47393,9580610.75,3.3,Yes,Peak,-22.9068,-43.1729
2022-11,Brazil,Rio de Janeiro,Luxury,206586,79525413.15,4.1,No,Shoulder,-22.9068,-43.1729
2022-09,USA,New York,Historical,303262,76138331.44,4.7,Yes,Shoulder,40.7128,-74.006
2025-03,Switzerland,Zurich,Nature,525529,176021655.63,3.3,No,Shoulder,47.3769,8.5417
2023-11,Italy,Milan,Urban,479489,90456419.64,4.5,No,Off-Peak,45.4642,9.19
2023-02,Japan,Osaka,Nature,347475,87103678.52,4.5,Yes,Peak,34.6937,135.5023
2022-07,India,Jaipur,Wildlife,159853,20247077.66,4.5,No,Off-Peak,26.9124,75.7873
2024-04,Australia,Melbourne,Luxury,509990,63936857.89,4.4,No,Shoulder,-37.8136,144.9631
2023-12,Japan,Nara,Adventure,40479,9091335.79,3.8,Yes,Peak,34.6851,135.8048
2024-08,USA,San Francisco,Wildlife,200624,64918294.35,3.9,No,Off-Peak,37.7749,-122.4194
2025-07,Italy,Florence,Religious,447864,194589783.51,4.6,Yes,Peak,43.7696,11.2558
2022-06,Italy,Florence,Wildlife,440998,178137947.06,3.8,Yes,Peak,43.7696,11.2558
2023-01,Japan,Nara,Adventure,296359,69529369.35,4.6,No,Shoulder,34.6851,135.8048
2022-01,Australia,Gold Coast,Historical,358558,92735790.12,4.7,Yes,Peak,-28.0167,153.4
2023-06,Italy,Florence,Luxury,534511,218693549.21,5.0,Yes,Off-Peak,43.7696,11.2558
2023-07,India,Varanasi,Wildlife,578700,55827220.32,3.8,No,Shoulder,25.3176,82.9739
2024-06,France,Cannes,Nature,442513,186538310.75,4.7,Yes,Off-Peak,43.5528,7.0174
2023-03,USA,Orlando,Urban,45590,10307017.02,3.2,Yes,Peak,28.5383,-81.3792
2024-02,Japan,Nara,Beach,255588,61112108.22,4.9,No,Shoulder,34.6851,135.8048
2024-09,Switzerland,Geneva,Urban,22137,8068788.59,4.4,No,Shoulder,46.2044,6.1432
2023-04,Japan,Osaka,Luxury,126500,36366124.41,3.8,Yes,Peak,34.6937,135.5023
2025-06,UAE,Dubai,Nature,349745,150472213.62,3.2,Yes,Shoulder,25.2048,55.2708
2025-07,USA,Las Vegas,Urban,311516,72820911.41,4.8,Yes,Shoulder,36.1699,-115.1398
2023-07,Italy,Florence,Urban,107345,48221250.44,4.4,Yes,Peak,43.7696,11.2558
2023-04,Italy,Rome,Historical,8489,3124851.85,4.6,No,Peak,41.9028,12.4964
2022-08,France,Cannes,Wildlife,358925,96546679.84,4.1,No,Peak,43.5528,7.0174
2022-12,Australia,Sydney,Luxury,375399,142067012.03,4.2,No,Shoulder,-33.8688,151.2093
2022-11,India,Jaipur,Adventure,71514,14773179.0,4.1,Yes,Off-Peak,26.9124,75.7873
2024-01,Australia,Sydney,Luxury,361705,42797179.09,4.1,No,Peak,-33.8688,151.2093
2025-02,Italy,Venice,Historical,511905,225837532.35,4.5,No,Shoulder,45.4408,12.3155
2025-06,Thailand,Phuket,Religious,342865,52688694.99,3.3,No,Peak,7.8804,98.3923
2025-07,India,Mumbai,Religious,22953,7345538.99,3.9,Yes,Off-Peak,19.076,72.8777
2022-07,Thailand,Bangkok,Historical,145592,43585532.86,4.1,No,Peak,13.7563,100.5018
2023-04,Brazil,Rio de Janeiro,Urban,337468,94059138.05,4.0,Yes,Peak,-22.9068,-43.1729
2025-09,India,Delhi,Urban,148570,56724997.65,5.0,No,Off-Peak,28.6139,77.209
2023-12,UAE,Dubai,Historical,561754,148508774.42,4.5,No,Peak,25.2048,55.2708
2022-12,India,Delhi,Historical,348674,140068206.11,4.9,Yes,Off-Peak,28.6139,77.209
2023-10,France,Paris,Religious,282033,115270018.48,3.5,Yes,Shoulder,48.8566,2.3522
2023-06,France,Nice,Urban,56462,22096000.63,4.2,Yes,Shoulder,43.7102,7.262
2023-08,Switzerland,Lucerne,Urban,577590,67671146.58,3.9,Yes,Off-Peak,47.0502,8.3093
2023-06,UAE,Dubai,Beach,354455,46309511.9,3.4,Yes,Peak,25.2048,55.2708
2023-12,Thailand,Bangkok,Luxury,497016,139426324.25,3.7,Yes,Peak,13.7563,100.5018
2025-06,Australia,Melbourne,Historical,199122,62406902.58,3.2,Yes,Shoulder,-37.8136,144.9631
2023-04,Italy,Venice,Luxury,539442,44210509.26,4.1,No,Shoulder,45.4408,12.3155
2023-04,Japan,Nara,Beach,579162,138418300.6,4.3,No,Peak,34.6851,135.8048
2022-09,Switzerland,Geneva,Luxury,365991,161137402.19,3.9,No,Off-Peak,46.2044,6.1432
2023-05,Japan,Tokyo,Wildlife,445636,35890398.93,3.4,Yes,Shoulder,35.6762,139.6503
2025-06,USA,Las Vegas,Historical,198313,86832242.35,3.6,Yes,Peak,36.1699,-115.1398
2025-08,Japan,Tokyo,Luxury,80706,10426889.63,3.6,Yes,Shoulder,35.6762,139.6503
2025-09,India,Kerala,Beach,121155,28222046.72,3.8,No,Peak,10.8505,76.2711
2023-09,Italy,Rome,Luxury,391669,86217359.32,4.1,No,Off-Peak,41.9028,12.4964
2024-01,Japan,Kyoto,Religious,221826,33176353.43,4.4,Yes,Off-Peak,35.0116,135.7681
2022-04,Thailand,Phuket,Urban,463700,37620553.98,4.0,Yes,Peak,7.8804,98.3923
2023-02,Thailand,Chiang Mai,Luxury,308114,37236840.11,3.7,No,Off-Peak,18.7883,98.9853
2024-07,Italy,Milan,Historical,19436,5772477.36,3.8,Yes,Off-Peak,45.4642,9.19
2024-01,Japan,Osaka,Urban,504997,70381213.88,3.6,Yes,Peak,34.6937,135.5023
2023-03,Japan,Nara,Adventure,408263,49250818.23,4.5,No,Shoulder,34.6851,135.8048
2023-08,France,Lyon,Luxury,546569,47830711.14,4.2,Yes,Peak,45.764,4.8357
2025-07,USA,Orlando,Adventure,261161,81529803.56,5.0,Yes,Peak,28.5383,-81.3792
2024-03,India,Mumbai,Religious,585777,47178709.12,3.5,Yes,Shoulder,19.076,72.8777
2025-09,USA,San Francisco,Urban,268368,79676089.98,4.3,No,Peak,37.7749,-122.4194
2023-04,UAE,Abu Dhabi,Religious,210802,20436678.54,3.8,No,Peak,24.4539,54.3773
2023-03,Switzerland,Geneva,Luxury,522105,226737495.75,3.2,Yes,Peak,46.2044,6.1432
2024-03,Brazil,Rio de Janeiro,Beach,247540,38575386.0,3.9,Yes,Peak,-22.9068,-43.1729
2023-03,Switzerland,Geneva,Nature,147314,23693110.05,3.4,No,Peak,46.2044,6.1432
2023-06,Brazil,Sao Paulo,Wildlife,131120,53817943.42,3.4,Yes,Shoulder,-23.5505,-46.6333
2025-03,France,Paris,Nature,267476,25769468.4,4.4,Yes,Shoulder,48.8566,2.3522
2024-03,India,Varanasi,Religious,231868,27136581.26,4.1,Yes,Shoulder,25.3176,82.9739
2025-09,USA,New York,Religious,452852,192834473.87,4.6,Yes,Peak,40.7128,-74.006
2023-01,France,Paris,Adventure,293628,112828376.35,3.6,Yes,Shoulder,48.8566,2.3522
2023-01,Italy,Venice,Adventure,224226,42412345.24,3.3,No,Peak,45.4408,12.3155
2022-08,Brazil,Rio de Janeiro,Nature,38020,8199305.48,4.6,No,Shoulder,-22.9068,-43.1729
2022-11,UAE,Dubai,Wildlife,71341,15687306.09,3.5,Yes,Shoulder,25.2048,55.2708
2022-06,Italy,Milan,Adventure,118796,18812595.73,3.5,Yes,Off-Peak,45.4642,9.19
2025-10,Japan,Kyoto,Religious,284068,115889413.68,3.5,Yes,Off-Peak,35.0116,135.7681
2023-06,UAE,Dubai,Religious,471695,83152567.81,3.6,Yes,Peak,25.2048,55.2708
2024-11,UAE,Abu Dhabi,Wildlife,398767,168710980.69,4.8,Yes,Shoulder,24.4539,54.3773
2025-12,Italy,Rome,Historical,245897,70627518.43,3.9,Yes,Peak,41.9028,12.4964
2023-03,Switzerland,Zurich,Adventure,570209,96353162.43,3.3,Yes,Peak,47.3769,8.5417
2023-10,Switzerland,Lucerne,Historical,92627,16309163.9,3.8,Yes,Peak,47.0502,8.3093
2023-02,India,Mysuru,Adventure,519335,195821452.59,3.6,Yes,Shoulder,12.2958,76.6394
2024-04,Italy,Milan,Historical,79905,28203605.28,3.8,Yes,Shoulder,45.4642,9.19
2022-03,USA,Orlando,Beach,36415,13423209.78,4.6,Yes,Shoulder,28.5383,-81.3792
2022-11,India,Jaipur,Historical,343162,37944817.07,3.5,Yes,Off-Peak,26.9124,75.7873
2022-04,Switzerland,Lucerne,Beach,394587,136571848.51,5.0,No,Off-Peak,47.0502,8.3093
2023-05,France,Lyon,Adventure,311328,34702163.85,4.7,No,Off-Peak,45.764,4.8357
2022-10,Thailand,Chiang Mai,Adventure,85324,32850772.31,3.7,Yes,Off-Peak,18.7883,98.9853
2024-09,UAE,Abu Dhabi,Luxury,47344,11973568.74,3.3,Yes,Peak,24.4539,54.3773
2023-11,USA,Las Vegas,Religious,401252,45267150.24,4.5,No,Shoulder,36.1699,-115.1398
2025-01,Italy,Milan,Historical,401069,67077449.28,3.5,No,Shoulder,45.4642,9.19
2025-07,Japan,Osaka,Beach,392518,84586819.42,4.7,No,Shoulder,34.6937,135.5023
2022-04,India,Goa,Luxury,497588,78086042.24,3.9,No,Shoulder,15.2993,74.124
2022-12,Australia,Sydney,Adventure,556364,57789735.51,3.7,Yes,Peak,-33.8688,151.2093
2022-08,UAE,Abu Dhabi,Beach,559251,98872721.54,4.5,Yes,Shoulder,24.4539,54.3773
2024-10,Thailand,Phuket,Nature,266111,58515821.24,4.6,Yes,Off-Peak,7.8804,98.3923
2025-08,USA,Las Vegas,Historical,167383,22154036.11,3.9,No,Shoulder,36.1699,-115.1398
2023-08,Italy,Florence,Adventure,432442,37908933.29,4.8,Yes,Off-Peak,43.7696,11.2558
2022-07,Switzerland,Geneva,Urban,229263,99840884.47,3.7,No,Peak,46.2044,6.1432
2022-11,UAE,Abu Dhabi,Religious,413819,177972145.25,3.9,No,Peak,24.4539,54.3773
2025-11,Italy,Milan,Religious,245206,50457109.04,4.4,No,Peak,45.4642,9.19
2024-01,India,Jaipur,Urban,497654,115525848.22,3.7,No,Shoulder,26.9124,75.7873
2022-02,Brazil,Salvador,Nature,534757,187372771.08,3.9,Yes,Off-Peak,-12.9777,-38.5016
2025-04,Australia,Melbourne,Beach,493303,162425330.75,3.8,No,Shoulder,-37.8136,144.9631
2023-02,India,Delhi,Nature,255417,40178819.41,4.6,No,Peak,28.6139,77.209
2025-10,Switzerland,Geneva,Historical,335378,75810989.66,3.6,Yes,Peak,46.2044,6.1432
2024-10,France,Paris,Wildlife,481833,167130106.54,4.6,Yes,Shoulder,48.8566,2.3522
2025-05,Japan,Kyoto,Nature,100859,26450776.12,3.4,No,Peak,35.0116,135.7681
2025-11,India,Mysuru,Historical,41445,17978754.75,4.9,No,Off-Peak,12.2958,76.6394
2024-09,UAE,Dubai,Luxury,489141,180100707.52,4.5,Yes,Peak,25.2048,55.2708
2022-02,Italy,Venice,Historical,32859,6696589.88,3.9,Yes,Shoulder,45.4408,12.3155
2025-09,Switzerland,Zurich,Luxury,261257,53172389.7,4.3,No,Off-Peak,47.3769,8.5417
2022-01,USA,New York,Nature,440694,99134874.04,4.3,No,Peak,40.7128,-74.006
2025-03,India,Jaipur,Historical,331346,125629848.03,4.8,No,Peak,26.9124,75.7873
2023-03,Switzerland,Geneva,Luxury,241814,66754871.31,3.8,Yes,Shoulder,46.2044,6.1432
2022-11,Italy,Milan,Adventure,209163,89603766.58,4.3,Yes,Peak,45.4642,9.19
2023-10,Japan,Nara,Religious,293379,68873513.89,3.4,Yes,Shoulder,34.6851,135.8048
2024-11,USA,Las Vegas,Luxury,549924,235393350.3,3.3,No,Shoulder,36.1699,-115.1398
2024-08,India,Mumbai,Luxury,254192,60652174.45,4.9,Yes,Shoulder,19.076,72.8777
2024-04,France,Paris,Beach,140042,59850131.92,4.9,Yes,Shoulder,48.8566,2.3522
2024-02,Japan,Osaka,Historical,414563,158663107.13,4.6,No,Peak,34.6937,135.5023
2025-12,Thailand,Bangkok,Nature,340940,39883135.98,3.5,Yes,Off-Peak,13.7563,100.5018
2024-04,Australia,Gold Coast,Adventure,59580,14383146.47,3.4,No,Off-Peak,-28.0167,153.4
2025-04,Switzerland,Lucerne,Nature,154522,68615548.92,4.7,No,Shoulder,47.0502,8.3093
2023-08,India,Jaipur,Beach,258860,96738624.15,5.0,Yes,Off-Peak,26.9124,75.7873
2025-07,USA,Las Vegas,Adventure,505052,116545386.21,3.6,No,Shoulder,36.1699,-115.1398
2025-07,France,Paris,Religious,112452,27783238.89,4.4,Yes,Shoulder,48.8566,2.3522
2023-07,Australia,Sydney,Adventure,308405,131360727.33,4.5,No,Off-Peak,-33.8688,151.2093
2025-03,Brazil,Rio de Janeiro,Luxury,427424,155433824.37,4.2,No,Shoulder,-22.9068,-43.1729
2024-10,USA,San Francisco,Urban,99009,13239185.27,4.6,No,Shoulder,37.7749,-122.4194
2023-10,Brazil,Rio de Janeiro,Historical,159069,30053029.56,4.6,No,Shoulder,-22.9068,-43.1729
2023-01,Brazil,Rio de Janeiro,Historical,188630,27998954.71,4.6,Yes,Off-Peak,-22.9068,-43.1729
2025-01,Italy,Milan,Beach,428847,99017799.8,4.5,No,Peak,45.4642,9.19
2024-06,UAE,Sharjah,Luxury,128434,56481002.29,3.3,No,Peak,25.3463,55.4209
2025-11,Japan,Osaka,Nature,593942,161788433.71,3.6,No,Shoulder,34.6937,135.5023
2022-02,Japan,Kyoto,Urban,593411,229273261.41,4.8,No,Shoulder,35.0116,135.7681
2025-04,France,Nice,Luxury,598774,123524501.52,4.2,Yes,Off-Peak,43.7102,7.262
2025-08,Brazil,Sao Paulo,Adventure,575950,138593073.19,3.7,No,Shoulder,-23.5505,-46.6333
2025-05,UAE,Abu Dhabi,Historical,431691,182035774.2,3.6,No,Off-Peak,24.4539,54.3773
2024-10,France,Nice,Religious,204529,59611530.7,5.0,Yes,Off-Peak,43.7102,7.262
2024-11,Japan,Osaka,Adventure,423036,71502515.84,4.6,No,Shoulder,34.6937,135.5023
2022-11,USA,New York,Wildlife,35884,12859503.38,3.2,No,Shoulder,40.7128,-74.006
2022-04,UAE,Abu Dhabi,Historical,70646,27444049.56,4.6,Yes,Peak,24.4539,54.3773
2022-02,France,Nice,Beach,356106,153046204.47,3.9,Yes,Shoulder,43.7102,7.262
2025-05,USA,New York,Historical,312269,124095582.8,3.8,No,Off-Peak,40.7128,-74.006
2025-06,Italy,Venice,Luxury,469848,146583996.59,3.3,No,Peak,45.4408,12.3155
2024-08,USA,Orlando,Wildlife,22634,5518104.23,3.7,Yes,Peak,28.5383,-81.3792
2024-03,Thailand,Bangkok,Adventure,427806,128613646.6,3.8,Yes,Shoulder,13.7563,100.5018
2024-01,Thailand,Chiang Mai,Beach,502171,222629231.38,4.2,Yes,Off-Peak,18.7883,98.9853
2025-08,India,Mysuru,Urban,554434,58131570.63,3.6,Yes,Off-Peak,12.2958,76.6394
2023-09,Japan,Tokyo,Religious,144110,49648776.77,3.5,No,Off-Peak,35.6762,139.6503
2022-06,France,Cannes,Wildlife,576144,48359978.45,4.7,Yes,Shoulder,43.5528,7.0174
2022-01,France,Paris,Luxury,176319,21452628.73,4.6,Yes,Shoulder,48.8566,2.3522
2024-08,Australia,Melbourne,Religious,495448,108559102.61,3.5,No,Peak,-37.8136,144.9631
2023-05,Switzerland,Geneva,Beach,327015,114002353.32,3.5,No,Peak,46.2044,6.1432
2024-09,Italy,Milan,Beach,313298,137863360.82,3.4,No,Off-Peak,45.4642,9.19
2023-02,India,Kerala,Urban,478682,185652101.31,3.9,Yes,Peak,10.8505,76.2711
2025-07,Thailand,Chiang Mai,Adventure,528929,221416606.19,3.3,Yes,Shoulder,18.7883,98.9853
2022-12,France,Cannes,Historical,567292,177255083.95,3.7,No,Peak,43.5528,7.0174
2025-12,Brazil,Salvador,Wildlife,361660,133895928.57,4.4,No,Peak,-12.9777,-38.5016
2023-04,UAE,Dubai,Historical,570559,224679371.1,3.5,No,Off-Peak,25.2048,55.2708
2025-01,India,Mumbai,Wildlife,245027,106614661.47,3.2,No,Off-Peak,19.076,72.8777
2025-09,France,Cannes,Beach,506556,115993196.84,4.9,Yes,Off-Peak,43.5528,7.0174
2023-12,Switzerland,Zurich,Beach,21212,4648890.38,3.5,Yes,Peak,47.3769,8.5417
2025-08,Japan,Osaka,Adventure,348818,39029238.17,3.9,No,Peak,34.6937,135.5023
2025-08,Australia,Perth,Urban,114996,26429051.59,3.5,Yes,Shoulder,-31.9505,115.8605
2023-09,Italy,Rome,Luxury,150483,65986662.98,4.6,Yes,Shoulder,41.9028,12.4964
2023-04,Brazil,Salvador,Luxury,286560,89026079.42,4.2,Yes,Peak,-12.9777,-38.5016
2022-03,Italy,Rome,Nature,351954,114404768.0,4.2,No,Shoulder,41.9028,12.4964
2025-03,USA,Las Vegas,Religious,317619,124846547.01,4.3,Yes,Shoulder,36.1699,-115.1398
2024-05,France,Lyon,Wildlife,368624,160756593.47,4.6,Yes,Shoulder,45.764,4.8357
2022-12,Thailand,Bangkok,Nature,379276,155966840.14,3.9,No,Off-Peak,13.7563,100.5018
2025-04,Japan,Kyoto,Wildlife,32491,5904037.62,4.6,Yes,Shoulder,35.0116,135.7681
2024-08,Thailand,Phuket,Luxury,563049,157952929.25,4.7,No,Shoulder,7.8804,98.3923
2022-09,Thailand,Chiang Mai,Religious,166391,45085844.28,3.6,Yes,Shoulder,18.7883,98.9853
2022-01,Switzerland,Geneva,Luxury,554859,176508027.34,4.4,Yes,Off-Peak,46.2044,6.1432
2025-07,India,Delhi,Religious,36350,13070000.36,3.9,No,Shoulder,28.6139,77.209
2022-02,Thailand,Chiang Mai,Historical,45177,6421019.4,4.8,Yes,Shoulder,18.7883,98.9853
2023-05,Australia,Gold Coast,Adventure,286356,121891846.55,3.9,No,Peak,-28.0167,153.4
2022-12,Italy,Florence,Nature,313453,98600132.05,3.4,No,Off-Peak,43.7696,11.2558
2025-01,Japan,Kyoto,Historical,577713,118933108.56,3.5,Yes,Shoulder,35.0116,135.7681
2023-10,Australia,Melbourne,Wildlife,563933,82234105.09,4.9,No,Peak,-37.8136,144.9631
2025-02,Brazil,Rio de Janeiro,Nature,428259,171853351.99,3.6,No,Peak,-22.9068,-43.1729
2025-10,Japan,Tokyo,Luxury,592132,128265045.24,3.2,No,Shoulder,35.6762,139.6503
2023-09,USA,San Francisco,Beach,590823,180589201.21,4.6,No,Off-Peak,37.7749,-122.4194
2023-08,Japan,Tokyo,Historical,208591,84430862.72,4.8,Yes,Peak,35.6762,139.6503
2022-11,Thailand,Chiang Mai,Beach,512771,78805053.33,4.7,No,Shoulder,18.7883,98.9853
2022-06,Japan,Osaka,Religious,44521,7024023.43,3.8,No,Off-Peak,34.6937,135.5023
2023-09,Thailand,Bangkok,Nature,347640,41602851.49,4.5,No,Shoulder,13.7563,100.5018
2025-11,Japan,Nara,Historical,503970,84724951.63,4.0,No,Peak,34.6851,135.8048
2025-09,India,Delhi,Historical,161957,29943769.34,4.6,Yes,Peak,28.6139,77.209
2024-01,Australia,Melbourne,Historical,483814,163311020.09,4.1,Yes,Shoulder,-37.8136,144.9631
2023-06,Italy,Milan,Religious,12053,1542989.86,4.7,No,Off-Peak,45.4642,9.19
2024-12,Italy,Venice,Luxury,351966,82342709.31,4.9,No,Off-Peak,45.4408,12.3155
2023-08,Switzerland,Geneva,Adventure,298116,39095246.16,4.5,No,Shoulder,46.2044,6.1432
2023-12,USA,Orlando,Religious,447461,166193674.14,4.7,No,Peak,28.5383,-81.3792
2025-04,Switzerland,Zurich,Historical,324335,142066749.6,4.7,No,Off-Peak,47.3769,8.5417
2022-03,India,Agra,Beach,11561,1591937.69,3.8,Yes,Shoulder,27.1767,78.0081
2022-09,Japan,Tokyo,Historical,252905,95027910.07,4.8,Yes,Peak,35.6762,139.6503
2024-07,India,Mumbai,Beach,361442,98695770.24,4.3,No,Shoulder,19.076,72.8777
2023-08,Italy,Rome,Urban,302700,119540826.59,4.1,No,Off-Peak,41.9028,12.4964
2022-10,Brazil,Salvador,Wildlife,519462,226664777.44,4.4,Yes,Off-Peak,-12.9777,-38.5016
2025-11,Thailand,Chiang Mai,Urban,467488,148644293.57,3.5,Yes,Peak,18.7883,98.9853
2023-07,Australia,Melbourne,Nature,391750,168997098.3,3.3,Yes,Peak,-37.8136,144.9631
2023-01,Switzerland,Zurich,Historical,145221,18403756.41,4.3,Yes,Shoulder,47.3769,8.5417
2024-01,USA,New York,Beach,66849,27249550.19,4.1,No,Off-Peak,40.7128,-74.006
2025-10,Thailand,Bangkok,Wildlife,218864,45447684.51,4.2,No,Off-Peak,13.7563,100.5018
2025-07,Switzerland,Lucerne,Wildlife,96322,14011790.85,3.5,No,Off-Peak,47.0502,8.3093
2025-12,Thailand,Phuket,Religious,277986,80047536.97,3.7,Yes,Off-Peak,7.8804,98.3923
2022-10,Italy,Rome,Historical,346242,93154132.51,4.6,No,Off-Peak,41.9028,12.4964
2024-02,Switzerland,Zurich,Beach,112216,31787247.86,3.5,No,Peak,47.3769,8.5417
2024-06,Thailand,Bangkok,Nature,71397,10950789.04,4.6,Yes,Shoulder,13.7563,100.5018
2023-09,Brazil,Rio de Janeiro,Adventure,35688,5133405.78,4.2,Yes,Shoulder,-22.9068,-43.1729
2025-11,UAE,Dubai,Luxury,110706,41601000.6,4.4,Yes,Shoulder,25.2048,55.2708
2024-12,USA,Las Vegas,Adventure,585005,97981462.56,3.5,No,Shoulder,36.1699,-115.1398
2024-12,Japan,Kyoto,Urban,340757,60895987.48,3.4,No,Shoulder,35.0116,135.7681
2024-02,Thailand,Bangkok,Urban,174409,29900689.82,3.2,No,Off-Peak,13.7563,100.5018
2022-12,USA,San Francisco,Wildlife,127136,38564766.3,4.7,No,Peak,37.7749,-122.4194
2022-05,Italy,Venice,Adventure,466522,46891004.85,3.6,No,Shoulder,45.4408,12.3155
2023-02,Thailand,Chiang Mai,Wildlife,122978,42049855.33,4.7,Yes,Shoulder,18.7883,98.9853
2022-09,Switzerland,Lucerne,Adventure,259832,23485954.4,4.4,Yes,Peak,47.0502,8.3093
2024-12,Australia,Perth,Nature,61927,8924209.67,4.8,No,Shoulder,-31.9505,115.8605
2024-10,Thailand,Chiang Mai,Wildlife,493219,103203994.84,3.6,No,Shoulder,18.7883,98.9853
2023-04,Switzerland,Geneva,Luxury,198626,83818573.86,4.6,Yes,Peak,46.2044,6.1432
2023-04,India,Delhi,Luxury,321778,102582997.54,4.7,No,Peak,28.6139,77.209
2022-11,Thailand,Bangkok,Nature,368737,148469168.24,4.2,Yes,Peak,13.7563,100.5018
2025-07,Italy,Venice,Beach,370164,42278566.95,3.6,No,Shoulder,45.4408,12.3155
2025-04,Switzerland,Zurich,Nature,64442,26892429.17,4.2,No,Peak,47.3769,8.5417
2025-03,Japan,Nara,Historical,102443,13698483.18,3.3,Yes,Shoulder,34.6851,135.8048
2022-11,Italy,Rome,Historical,222312,89078290.62,4.9,No,Off-Peak,41.9028,12.4964
2022-04,Thailand,Chiang Mai,Historical,151417,46054965.35,4.5,Yes,Peak,18.7883,98.9853
2022-07,France,Cannes,Adventure,427257,178557345.55,3.3,Yes,Off-Peak,43.5528,7.0174
2024-05,Italy,Florence,Nature,559859,85793908.7,4.3,Yes,Peak,43.7696,11.2558
2024-01,USA,Las Vegas,Religious,457406,71862464.67,3.2,Yes,Off-Peak,36.1699,-115.1398
2023-07,USA,New York,Adventure,161900,18969776.0,3.7,No,Shoulder,40.7128,-74.006
2022-01,Switzerland,Zurich,Religious,358533,158949876.67,3.5,No,Off-Peak,47.3769,8.5417
2025-09,Italy,Rome,Religious,208060,93208762.52,3.8,No,Peak,41.9028,12.4964
2022-09,India,Kerala,Wildlife,367009,141185664.25,4.6,Yes,Off-Peak,10.8505,76.2711
2023-01,France,Nice,Luxury,293842,125180357.54,4.2,No,Off-Peak,43.7102,7.262
2022-02,USA,Las Vegas,Urban,227311,97370868.15,4.8,Yes,Peak,36.1699,-115.1398
2024-04,Italy,Milan,Historical,61429,13138087.73,3.5,Yes,Shoulder,45.4642,9.19
2022-11,Thailand,Phuket,Beach,68238,16646823.42,4.5,Yes,Off-Peak,7.8804,98.3923
2024-03,UAE,Sharjah,Nature,28467,3646492.16,4.7,Yes,Off-Peak,25.3463,55.4209
2025-08,Australia,Gold Coast,Beach,171302,27764569.19,4.5,No,Peak,-28.0167,153.4
2022-02,Japan,Tokyo,Religious,135751,56466006.94,3.9,No,Shoulder,35.6762,139.6503
2023-08,Thailand,Phuket,Historical,448745,97480231.07,4.3,No,Off-Peak,7.8804,98.3923
2023-04,USA,San Francisco,Urban,185861,47848326.11,3.4,No,Off-Peak,37.7749,-122.4194
2022-03,UAE,Dubai,Beach,120930,44089632.09,4.6,Yes,Peak,25.2048,55.2708
2024-12,Japan,Tokyo,Nature,437613,51261794.48,3.9,Yes,Off-Peak,35.6762,139.6503
2022-03,Italy,Milan,Beach,546358,148191528.11,4.7,No,Off-Peak,45.4642,9.19
2025-11,France,Nice,Historical,36962,16280076.72,4.5,No,Peak,43.7102,7.262
2024-05,Japan,Tokyo,Historical,433434,74206549.62,4.0,Yes,Off-Peak,35.6762,139.6503
2023-12,France,Paris,Urban,306701,80371689.18,3.6,No,Peak,48.8566,2.3522
2022-02,France,Nice,Luxury,30994,4563512.21,4.2,No,Off-Peak,43.7102,7.262
2025-03,UAE,Sharjah,Urban,455347,120022380.6,3.6,Yes,Off-Peak,25.3463,55.4209
2022-11,Japan,Kyoto,Wildlife,427135,179878774.45,4.7,No,Off-Peak,35.0116,135.7681
2025-02,Italy,Rome,Historical,375392,102897908.56,4.7,No,Peak,41.9028,12.4964
2024-02,India,Goa,Luxury,283925,67420407.9,3.8,No,Shoulder,15.2993,74.124
2022-08,Brazil,Rio de Janeiro,Beach,76105,18673473.73,4.1,No,Peak,-22.9068,-43.1729
2025-12,USA,New York,Urban,25602,7595061.21,4.2,Yes,Shoulder,40.7128,-74.006
2025-01,Brazil,Salvador,Beach,287650,56542607.11,4.4,Yes,Off-Peak,-12.9777,-38.5016
2025-04,Italy,Rome,Beach,272933,103413718.1,3.7,No,Off-Peak,41.9028,12.4964
2025-05,Brazil,Salvador,Nature,521763,166844132.67,3.6,No,Shoulder,-12.9777,-38.5016
2025-03,France,Cannes,Urban,405788,47785799.75,4.8,Yes,Peak,43.5528,7.0174
2022-04,Japan,Nara,Wildlife,305579,78704925.69,3.7,Yes,Peak,34.6851,135.8048
2023-02,Australia,Perth,Urban,196905,58216864.82,4.8,No,Peak,-31.9505,115.8605
2024-04,France,Lyon,Adventure,178164,15987292.11,4.0,No,Shoulder,45.764,4.8357
2024-03,Italy,Rome,Beach,98347,38471394.48,4.4,Yes,Shoulder,41.9028,12.4964
2022-06,USA,New York,Nature,577257,125073976.56,4.5,No,Peak,40.7128,-74.006
2022-02,France,Paris,Urban,471046,199387764.9,4.1,Yes,Shoulder,48.8566,2.3522
2024-11,UAE,Abu Dhabi,Adventure,323886,45170773.82,3.4,No,Shoulder,24.4539,54.3773
2025-01,Switzerland,Lucerne,Wildlife,249462,109721392.23,3.9,Yes,Shoulder,47.0502,8.3093
2023-05,Italy,Rome,Beach,31941,7504582.81,3.8,Yes,Peak,41.9028,12.4964
2022-06,Japan,Nara,Urban,595798,178978758.19,3.4,Yes,Peak,34.6851,135.8048
2022-11,Switzerland,Geneva,Luxury,288551,82838634.04,4.1,No,Shoulder,46.2044,6.1432
2025-07,UAE,Sharjah,Beach,505313,90370051.74,4.3,Yes,Shoulder,25.3463,55.4209
2025-02,France,Lyon,Luxury,97732,11886401.23,4.0,No,Shoulder,45.764,4.8357
2023-07,Japan,Kyoto,Nature,516187,104952977.52,3.9,Yes,Off-Peak,35.0116,135.7681
2022-12,Brazil,Salvador,Urban,422499,133847467.87,4.8,No,Shoulder,-12.9777,-38.5016
2024-11,USA,San Francisco,Nature,407370,141166465.73,4.9,No,Peak,37.7749,-122.4194
2023-08,USA,San Francisco,Adventure,541556,56300797.26,3.2,No,Peak,37.7749,-122.4194
2023-11,UAE,Dubai,Nature,172570,66515782.51,3.9,Yes,Peak,25.2048,55.2708
2023-06,Switzerland,Lucerne,Luxury,237786,65890565.65,4.1,Yes,Off-Peak,47.0502,8.3093
2024-07,Italy,Florence,Adventure,419385,187263884.0,4.6,No,Shoulder,43.7696,11.2558
2022-02,Brazil,Rio de Janeiro,Historical,450555,50911491.54,3.3,Yes,Shoulder,-22.9068,-43.1729
2023-02,Japan,Osaka,Luxury,176174,21131255.93,3.6,No,Peak,34.6937,135.5023
2022-03,Australia,Melbourne,Urban,265702,52834974.41,4.1,No,Off-Peak,-37.8136,144.9631
2023-06,India,Agra,Urban,382818,100822403.76,3.7,Yes,Off-Peak,27.1767,78.0081
2025-09,Australia,Sydney,Urban,207635,37630113.56,4.6,No,Off-Peak,-33.8688,151.2093
2025-12,France,Cannes,Historical,512762,187562161.59,3.4,No,Shoulder,43.5528,7.0174
2025-05,Switzerland,Lucerne,Beach,578173,163207032.89,4.9,Yes,Off-Peak,47.0502,8.3093
2022-07,Thailand,Chiang Mai,Urban,157526,17242669.72,3.7,Yes,Peak,18.7883,98.9853
2025-05,Australia,Melbourne,Luxury,418683,180225624.34,4.2,Yes,Shoulder,-37.8136,144.9631
2024-05,Brazil,Sao Paulo,Urban,581247,246573476.82,3.9,No,Shoulder,-23.5505,-46.6333
2025-02,France,Lyon,Urban,361814,159991107.8,4.6,Yes,Peak,45.764,4.8357
2022-04,France,Nice,Wildlife,194353,87076574.7,3.6,No,Shoulder,43.7102,7.262
2022-05,India,Mumbai,Wildlife,123896,13515113.45,4.4,Yes,Peak,19.076,72.8777
2024-02,Brazil,Salvador,Nature,587210,138500563.5,3.6,Yes,Peak,-12.9777,-38.5016
2023-09,Switzerland,Lucerne,Religious,277530,83762085.09,3.9,Yes,Peak,47.0502,8.3093
2023-08,India,Delhi,Urban,147487,21563069.92,3.7,No,Off-Peak,28.6139,77.209
2024-08,USA,San Francisco,Luxury,457292,45043659.0,4.6,No,Peak,37.7749,-122.4194
2024-04,India,Delhi,Religious,335036,87548539.35,4.0,Yes,Shoulder,28.6139,77.209
2023-03,Thailand,Phuket,Nature,339424,125269862.55,4.6,Yes,Off-Peak,7.8804,98.3923
2023-05,Italy,Venice,Luxury,392479,158592007.3,4.6,Yes,Off-Peak,45.4408,12.3155
2022-07,Australia,Gold Coast,Luxury,61824,19417118.32,4.3,No,Peak,-28.0167,153.4
2022-11,India,Goa,Adventure,451164,55860096.97,3.5,Yes,Off-Peak,15.2993,74.124
2023-08,UAE,Abu Dhabi,Luxury,501970,65107781.37,3.8,Yes,Off-Peak,24.4539,54.3773
2022-12,India,Jaipur,Urban,87905,30097103.72,3.4,No,Shoulder,26.9124,75.7873
2022-01,USA,San Francisco,Beach,67881,8151741.39,4.3,No,Off-Peak,37.7749,-122.4194
2023-01,Thailand,Chiang Mai,Historical,139062,20020615.32,4.3,No,Off-Peak,18.7883,98.9853
2022-09,India,Delhi,Luxury,472785,176460135.36,4.7,No,Peak,28.6139,77.209
2022-04,Italy,Rome,Nature,177620,48959514.02,3.6,No,Off-Peak,41.9028,12.4964
2025-09,Japan,Nara,Luxury,367512,147213326.17,4.2,No,Shoulder,34.6851,135.8048
2023-05,Australia,Melbourne,Adventure,391395,76170277.57,3.4,Yes,Shoulder,-37.8136,144.9631
2023-06,Australia,Gold Coast,Beach,384615,35242713.53,4.9,No,Off-Peak,-28.0167,153.4
2023-10,Australia,Gold Coast,Adventure,494919,198884200.72,4.7,Yes,Peak,-28.0167,153.4
2025-10,Italy,Venice,Wildlife,166652,30934345.16,4.2,No,Shoulder,45.4408,12.3155
2024-05,Brazil,Salvador,Wildlife,93989,38858158.27,3.9,Yes,Peak,-12.9777,-38.5016
2022-11,USA,Las Vegas,Beach,518052,78175299.52,4.7,No,Shoulder,36.1699,-115.1398
2023-11,Italy,Rome,Beach,502793,162085517.59,3.3,Yes,Shoulder,41.9028,12.4964
2023-05,UAE,Dubai,Religious,48728,16784872.63,3.5,No,Shoulder,25.2048,55.2708
2024-09,Japan,Osaka,Adventure,576808,103077419.49,4.8,No,Peak,34.6937,135.5023
2025-09,USA,New York,Historical,42501,11493962.79,4.5,No,Off-Peak,40.7128,-74.006
2024-09,Thailand,Chiang Mai,Historical,305527,119689365.74,3.8,Yes,Off-Peak,18.7883,98.9853
2023-05,USA,Orlando,Urban,381925,90964630.31,4.7,Yes,Shoulder,28.5383,-81.3792
2025-03,Australia,Sydney,Nature,503190,124098976.12,4.6,Yes,Peak,-33.8688,151.2093
2022-10,Australia,Melbourne,Wildlife,134323,58474515.38,4.1,No,Shoulder,-37.8136,144.9631
2025-02,UAE,Sharjah,Adventure,451258,183831548.58,4.6,Yes,Off-Peak,25.3463,55.4209
2024-07,Australia,Perth,Historical,144297,26185448.83,4.0,Yes,Off-Peak,-31.9505,115.8605
2022-06,UAE,Dubai,Luxury,43198,14811508.3,3.5,Yes,Peak,25.2048,55.2708
2025-02,Switzerland,Lucerne,Wildlife,242380,33984485.95,3.6,Yes,Peak,47.0502,8.3093
2024-02,France,Cannes,Adventure,36544,15683571.68,4.2,Yes,Shoulder,43.5528,7.0174
2023-02,Switzerland,Zurich,Adventure,589104,78887565.26,3.3,Yes,Peak,47.3769,8.5417
2022-01,Italy,Venice,Beach,189265,19555121.36,4.1,No,Off-Peak,45.4408,12.3155
2022-02,UAE,Dubai,Wildlife,52510,18089716.19,3.4,Yes,Off-Peak,25.2048,55.2708
2022-06,Japan,Osaka,Urban,407355,41889689.55,4.5,No,Off-Peak,34.6937,135.5023
2022-04,Japan,Tokyo,Wildlife,540124,98440043.76,4.6,Yes,Peak,35.6762,139.6503
2025-02,Australia,Gold Coast,Religious,433519,168145236.21,4.6,Yes,Peak,-28.0167,153.4
2024-02,Japan,Tokyo,Adventure,484245,39368186.15,4.7,No,Off-Peak,35.6762,139.6503
2022-05,Brazil,Sao Paulo,Religious,463788,40457019.86,4.4,No,Off-Peak,-23.5505,-46.6333
2022-06,UAE,Abu Dhabi,Historical,286723,24321424.05,4.4,No,Off-Peak,24.4539,54.3773
2023-07,France,Paris,Beach,240715,91200235.38,4.2,Yes,Off-Peak,48.8566,2.3522
2025-04,Brazil,Salvador,Wildlife,286924,27408224.64,4.3,No,Shoulder,-12.9777,-38.5016
2024-12,Japan,Nara,Nature,445077,84054752.09,3.5,No,Peak,34.6851,135.8048
2022-01,UAE,Sharjah,Nature,486415,136087329.3,4.2,Yes,Off-Peak,25.3463,55.4209
2025-04,Switzerland,Lucerne,Historical,513868,110333222.32,3.9,No,Peak,47.0502,8.3093
2025-01,Australia,Perth,Wildlife,86300,35539471.22,3.2,Yes,Peak,-31.9505,115.8605
2024-04,India,Jaipur,Religious,144147,35775020.46,4.9,Yes,Off-Peak,26.9124,75.7873
2024-12,India,Delhi,Beach,87480,31631840.61,5.0,No,Peak,28.6139,77.209
2023-10,France,Cannes,Religious,383752,168643925.22,3.4,No,Off-Peak,43.5528,7.0174
2024-08,USA,New York,Urban,149671,33299661.79,3.5,Yes,Peak,40.7128,-74.006
2022-10,Switzerland,Lucerne,Urban,583211,66488248.02,4.5,No,Peak,47.0502,8.3093
2022-11,UAE,Abu Dhabi,Adventure,190625,57791525.82,4.1,Yes,Off-Peak,24.4539,54.3773
2023-06,India,Delhi,Adventure,389241,46295251.33,4.2,No,Off-Peak,28.6139,77.209
2024-04,Thailand,Bangkok,Adventure,339454,27518814.0,4.2,Yes,Off-Peak,13.7563,100.5018
2025-11,Thailand,Bangkok,Beach,23939,2476409.41,3.9,No,Off-Peak,13.7563,100.5018
2022-11,USA,New York,Nature,486671,187900703.46,3.7,No,Peak,40.7128,-74.006
2025-04,Switzerland,Zurich,Religious,592192,241819790.93,4.8,No,Peak,47.3769,8.5417
2024-10,India,Jaipur,Adventure,514057,71731294.13,3.7,No,Peak,26.9124,75.7873
2022-05,France,Nice,Luxury,445071,190664446.34,4.2,No,Peak,43.7102,7.262
2023-11,Thailand,Bangkok,Beach,66779,7602303.29,4.2,Yes,Shoulder,13.7563,100.5018
2025-07,Italy,Milan,Historical,119512,23489348.2,4.0,Yes,Shoulder,45.4642,9.19
2022-04,Australia,Melbourne,Adventure,466990,71848999.14,3.3,Yes,Off-Peak,-37.8136,144.9631
2022-01,Brazil,Sao Paulo,Wildlife,20420,3570998.62,4.5,Yes,Shoulder,-23.5505,-46.6333
2025-10,Brazil,Sao Paulo,Religious,594063,201195433.94,3.6,Yes,Shoulder,-23.5505,-46.6333
2025-02,Switzerland,Geneva,Nature,438276,175365477.9,3.9,Yes,Shoulder,46.2044,6.1432
2022-08,USA,Orlando,Luxury,500155,194781852.36,3.4,Yes,Off-Peak,28.5383,-81.3792
2022-06,Japan,Osaka,Nature,569574,235591593.03,4.5,Yes,Peak,34.6937,135.5023
2022-10,USA,Orlando,Religious,52609,19288184.07,4.4,No,Peak,28.5383,-81.3792
2023-07,Italy,Rome,Nature,496018,217852829.23,4.6,No,Off-Peak,41.9028,12.4964
2022-10,USA,Las Vegas,Luxury,358784,99052255.15,3.9,No,Shoulder,36.1699,-115.1398
2024-05,UAE,Dubai,Nature,455118,135473074.19,3.6,No,Off-Peak,25.2048,55.2708
2024-12,Switzerland,Lucerne,Urban,209715,91863351.37,3.8,Yes,Off-Peak,47.0502,8.3093
2024-11,USA,San Francisco,Beach,149598,30280711.59,3.3,No,Off-Peak,37.7749,-122.4194
2024-05,India,Mysuru,Religious,382598,80499579.75,3.9,No,Peak,12.2958,76.6394
2025-03,Japan,Kyoto,Beach,15205,4259096.82,3.8,No,Peak,35.0116,135.7681
2025-11,India,Varanasi,Beach,329506,107567395.95,4.3,Yes,Peak,25.3176,82.9739
2024-09,France,Paris,Luxury,490175,56399166.6,5.0,Yes,Peak,48.8566,2.3522
2025-08,Australia,Gold Coast,Luxury,471810,47168667.75,4.5,Yes,Shoulder,-28.0167,153.4
2023-03,India,Mysuru,Religious,393968,150693499.08,4.9,Yes,Shoulder,12.2958,76.6394
2025-07,Italy,Rome,Adventure,91709,13520577.83,4.8,No,Peak,41.9028,12.4964
2025-09,India,Agra,Beach,442970,48375764.35,3.4,Yes,Shoulder,27.1767,78.0081
2024-05,Italy,Florence,Religious,277241,25460851.33,3.7,No,Peak,43.7696,11.2558
2022-09,Thailand,Chiang Mai,Wildlife,205553,61693725.39,3.3,No,Shoulder,18.7883,98.9853
2025-06,Brazil,Salvador,Beach,388943,162569794.66,4.4,Yes,Peak,-12.9777,-38.5016
2025-08,India,Mysuru,Nature,306828,134648046.11,4.6,Yes,Peak,12.2958,76.6394
2023-06,Brazil,Rio de Janeiro,Religious,8150,1032123.4,3.3,Yes,Off-Peak,-22.9068,-43.1729
2022-05,India,Delhi,Urban,72538,22627399.88,4.8,Yes,Shoulder,28.6139,77.209
2023-11,Australia,Melbourne,Religious,576938,208382575.75,3.6,No,Shoulder,-37.8136,144.9631
2022-03,Brazil,Sao Paulo,Religious,158624,35457423.92,3.3,No,Off-Peak,-23.5505,-46.6333
2025-06,Brazil,Salvador,Beach,18682,4244174.54,4.0,Yes,Peak,-12.9777,-38.5016
2024-07,Switzerland,Geneva,Urban,465568,44840189.15,4.5,Yes,Off-Peak,46.2044,6.1432
2025-10,Switzerland,Geneva,Nature,136393,44330258.17,4.2,No,Off-Peak,46.2044,6.1432
2023-03,Brazil,Salvador,Beach,398183,32264076.14,4.1,No,Peak,-12.9777,-38.5016
2023-02,Australia,Gold Coast,Adventure,13440,4222401.1,4.7,Yes,Off-Peak,-28.0167,153.4
2023-05,Japan,Nara,Adventure,333312,137515285.25,3.5,Yes,Off-Peak,34.6851,135.8048
2025-02,Switzerland,Geneva,Beach,197697,61733348.66,4.4,Yes,Peak,46.2044,6.1432
2022-07,Japan,Osaka,Historical,352110,30153410.64,4.6,Yes,Shoulder,34.6937,135.5023
2023-11,UAE,Sharjah,Nature,53648,4403367.85,4.6,No,Shoulder,25.3463,55.4209
2022-10,USA,Las Vegas,Historical,19621,2211343.83,3.9,Yes,Peak,36.1699,-115.1398
2025-08,Brazil,Rio de Janeiro,Religious,300268,130419747.08,4.9,No,Off-Peak,-22.9068,-43.1729
2024-05,Brazil,Salvador,Religious,574408,228136275.63,4.7,Yes,Peak,-12.9777,-38.5016
2023-08,Brazil,Salvador,Adventure,449069,101597053.56,3.6,Yes,Off-Peak,-12.9777,-38.5016
2024-06,Italy,Rome,Religious,153337,32335331.56,3.5,No,Off-Peak,41.9028,12.4964
2022-01,Thailand,Bangkok,Wildlife,137206,16790960.49,4.6,Yes,Peak,13.7563,100.5018
2023-01,Switzerland,Zurich,Luxury,194721,66040969.54,3.5,Yes,Peak,47.3769,8.5417
2025-01,Australia,Sydney,Wildlife,552622,191998609.68,4.4,Yes,Off-Peak,-33.8688,151.2093
2024-04,France,Paris,Nature,532573,148133210.82,3.8,Yes,Shoulder,48.8566,2.3522
2025-09,Brazil,Sao Paulo,Wildlife,491277,69745306.41,4.4,No,Shoulder,-23.5505,-46.6333
2023-10,Switzerland,Zurich,Nature,57789,14859723.49,4.6,Yes,Peak,47.3769,8.5417
2024-09,Switzerland,Geneva,Wildlife,167081,68955904.93,4.6,No,Off-Peak,46.2044,6.1432
2024-09,USA,New York,Adventure,105636,15021957.08,4.6,Yes,Peak,40.7128,-74.006
2023-02,India,Agra,Urban,582974,162394516.32,4.3,Yes,Peak,27.1767,78.0081
2022-06,Italy,Rome,Urban,269201,49300261.45,5.0,Yes,Shoulder,41.9028,12.4964
2024-03,Italy,Rome,Religious,74246,21797994.58,4.5,Yes,Shoulder,41.9028,12.4964
2022-03,Italy,Rome,Nature,138778,61355134.09,3.7,Yes,Peak,41.9028,12.4964
2024-08,Italy,Venice,Religious,465227,183615792.38,3.4,Yes,Peak,45.4408,12.3155
2022-09,Australia,Melbourne,Historical,48441,11365886.97,4.8,No,Off-Peak,-37.8136,144.9631
2025-08,UAE,Dubai,Beach,8026,1664919.13,4.6,Yes,Off-Peak,25.2048,55.2708
2024-02,Thailand,Phuket,Historical,378145,115753565.35,3.6,Yes,Shoulder,7.8804,98.3923
2024-03,India,Agra,Historical,99014,25127801.64,3.9,Yes,Peak,27.1767,78.0081
2023-02,Brazil,Salvador,Historical,561674,241138774.36,3.3,Yes,Shoulder,-12.9777,-38.5016
2025-04,Switzerland,Geneva,Luxury,75129,16903751.58,3.5,Yes,Peak,46.2044,6.1432
2022-01,France,Cannes,Beach,515497,111218591.8,4.2,No,Off-Peak,43.5528,7.0174
2024-01,UAE,Abu Dhabi,Nature,47550,16126948.51,4.9,Yes,Shoulder,24.4539,54.3773
2023-12,Switzerland,Geneva,Beach,384637,73920606.9,3.7,No,Off-Peak,46.2044,6.1432
2024-02,India,Varanasi,Nature,457445,152510968.99,4.3,Yes,Shoulder,25.3176,82.9739
2022-01,Japan,Nara,Urban,365489,116763719.48,3.9,No,Peak,34.6851,135.8048
2022-09,Italy,Venice,Luxury,409058,166226344.44,3.4,No,Peak,45.4408,12.3155
2025-07,USA,Las Vegas,Adventure,435897,183192255.59,4.5,No,Off-Peak,36.1699,-115.1398
2024-09,Italy,Rome,Beach,544688,151154378.12,4.1,Yes,Shoulder,41.9028,12.4964
2025-05,Brazil,Sao Paulo,Nature,159684,55571837.79,4.8,Yes,Shoulder,-23.5505,-46.6333
2023-05,Brazil,Salvador,Nature,403738,62327006.42,3.8,Yes,Peak,-12.9777,-38.5016
2023-12,USA,San Francisco,Beach,200726,43141655.1,3.6,Yes,Off-Peak,37.7749,-122.4194
2022-05,Japan,Tokyo,Historical,257586,87932173.49,3.9,No,Off-Peak,35.6762,139.6503
2023-12,India,Mumbai,Wildlife,285049,104896306.59,3.9,No,Off-Peak,19.076,72.8777
2025-02,Australia,Perth,Urban,425873,147797480.91,4.9,No,Peak,-31.9505,115.8605
2023-12,Australia,Melbourne,Wildlife,462793,206737702.32,3.7,No,Shoulder,-37.8136,144.9631
2022-05,Brazil,Salvador,Luxury,405878,63799980.54,3.7,Yes,Peak,-12.9777,-38.5016
2022-02,Australia,Gold Coast,Beach,392909,114687785.34,4.9,No,Shoulder,-28.0167,153.4
2024-02,France,Lyon,Adventure,199369,39783228.01,4.9,No,Off-Peak,45.764,4.8357
2022-08,USA,San Francisco,Nature,195551,16624202.83,4.8,No,Peak,37.7749,-122.4194
2023-06,Japan,Osaka,Adventure,129427,28781744.13,4.9,No,Peak,34.6937,135.5023
2022-11,USA,Las Vegas,Luxury,264850,101208154.44,3.7,No,Off-Peak,36.1699,-115.1398
2025-01,Japan,Tokyo,Luxury,479800,77441622.66,4.6,Yes,Peak,35.6762,139.6503
2025-06,India,Goa,Historical,565105,148850066.72,4.2,No,Peak,15.2993,74.124
2023-12,Italy,Rome,Wildlife,88257,10077174.74,4.9,No,Off-Peak,41.9028,12.4964
2025-07,Italy,Venice,Urban,385368,136218347.0,3.5,No,Off-Peak,45.4408,12.3155
2022-08,USA,San Francisco,Wildlife,55970,8495034.55,4.9,Yes,Shoulder,37.7749,-122.4194
2025-12,Switzerland,Geneva,Adventure,363022,58936196.04,4.0,No,Peak,46.2044,6.1432
2025-08,Brazil,Sao Paulo,Religious,424750,97901869.79,3.6,Yes,Peak,-23.5505,-46.6333
2025-05,USA,New York,Religious,53906,20573640.21,4.7,Yes,Peak,40.7128,-74.006
2025-07,Australia,Gold Coast,Beach,549361,51340873.74,4.9,No,Shoulder,-28.0167,153.4
2023-08,Italy,Venice,Adventure,73904,14656773.21,4.4,Yes,Peak,45.4408,12.3155
2023-03,UAE,Dubai,Historical,320751,116951771.18,3.6,No,Shoulder,25.2048,55.2708
2022-03,France,Cannes,Nature,177468,22183599.05,3.9,No,Off-Peak,43.5528,7.0174
2025-11,Italy,Milan,Beach,189560,57312561.51,3.5,No,Peak,45.4642,9.19
2025-04,Australia,Melbourne,Religious,396673,153148062.19,4.7,Yes,Peak,-37.8136,144.9631
2025-05,Italy,Venice,Wildlife,163100,26737079.43,4.3,Yes,Peak,45.4408,12.3155
2025-09,USA,Orlando,Nature,501690,185267955.78,3.6,Yes,Off-Peak,28.5383,-81.3792
2023-11,UAE,Dubai,Beach,536917,136232326.13,3.4,Yes,Shoulder,25.2048,55.2708
2022-12,Thailand,Bangkok,Luxury,541294,164899635.65,4.6,Yes,Shoulder,13.7563,100.5018
2022-03,Italy,Venice,Historical,404646,34491621.52,3.4,No,Peak,45.4408,12.3155
2025-08,Australia,Melbourne,Adventure,590394,201473240.87,4.9,No,Shoulder,-37.8136,144.9631
2024-11,UAE,Sharjah,Urban,279872,103093582.57,4.1,No,Off-Peak,25.3463,55.4209
2023-02,USA,Las Vegas,Nature,157199,69701462.74,5.0,Yes,Peak,36.1699,-115.1398
2025-03,Switzerland,Zurich,Urban,116285,20220779.3,3.5,Yes,Shoulder,47.3769,8.5417
2024-02,Italy,Venice,Beach,375922,82514866.79,4.7,No,Peak,45.4408,12.3155
2023-04,Australia,Sydney,Wildlife,413537,165357939.6,3.6,Yes,Shoulder,-33.8688,151.2093
2025-08,India,Delhi,Wildlife,421095,76655499.08,4.7,Yes,Off-Peak,28.6139,77.209
2023-08,Australia,Melbourne,Historical,591039,190128043.25,3.8,Yes,Shoulder,-37.8136,144.9631
2022-12,France,Nice,Luxury,409086,132791944.72,4.1,No,Shoulder,43.7102,7.262
2025-07,UAE,Dubai,Religious,501528,111772053.71,3.8,No,Off-Peak,25.2048,55.2708
2023-05,India,Mumbai,Historical,338888,127331879.66,4.9,Yes,Off-Peak,19.076,72.8777
2022-05,France,Cannes,Historical,285670,82702545.2,4.9,No,Off-Peak,43.5528,7.0174
2025-01,UAE,Abu Dhabi,Historical,22728,6663982.14,3.9,Yes,Shoulder,24.4539,54.3773
2024-08,Australia,Perth,Religious,578698,218629680.61,3.3,Yes,Peak,-31.9505,115.8605
2024-04,India,Delhi,Adventure,181923,59427968.7,3.3,No,Peak,28.6139,77.209
2023-08,Italy,Rome,Historical,161941,69326340.18,4.2,No,Shoulder,41.9028,12.4964
2025-01,UAE,Abu Dhabi,Wildlife,562821,129569202.28,4.2,No,Peak,24.4539,54.3773
2024-08,France,Nice,Wildlife,452073,74858747.93,4.6,Yes,Peak,43.7102,7.262
2025-08,Thailand,Chiang Mai,Beach,413319,103470872.08,3.8,No,Shoulder,18.7883,98.9853
2023-04,Switzerland,Geneva,Nature,374535,160323717.6,4.4,No,Peak,46.2044,6.1432
2023-10,France,Paris,Urban,405798,60747618.38,4.9,No,Peak,48.8566,2.3522
2022-03,Japan,Tokyo,Adventure,156762,19562175.05,3.3,Yes,Off-Peak,35.6762,139.6503
2023-07,Thailand,Phuket,Wildlife,290514,109183915.16,3.7,Yes,Shoulder,7.8804,98.3923
2024-03,India,Goa,Wildlife,152094,34432255.26,3.8,No,Off-Peak,15.2993,74.124
2025-02,UAE,Abu Dhabi,Wildlife,474579,200102524.13,4.8,Yes,Off-Peak,24.4539,54.3773
2024-04,Japan,Nara,Beach,369441,64676070.04,3.8,Yes,Off-Peak,34.6851,135.8048
2025-09,Japan,Osaka,Nature,335023,85094540.68,3.3,No,Off-Peak,34.6937,135.5023
2024-06,Brazil,Sao Paulo,Wildlife,200529,21909583.54,4.8,No,Peak,-23.5505,-46.6333
2023-03,Brazil,Salvador,Religious,403623,63037356.25,4.5,No,Shoulder,-12.9777,-38.5016
2023-11,India,Agra,Historical,390883,54629589.02,3.5,No,Shoulder,27.1767,78.0081
2023-04,Japan,Nara,Historical,319268,126344049.08,4.3,No,Shoulder,34.6851,135.8048
2024-03,UAE,Abu Dhabi,Luxury,300376,51594101.86,5.0,No,Off-Peak,24.4539,54.3773
2022-05,Japan,Osaka,Urban,274901,84239310.93,3.9,Yes,Shoulder,34.6937,135.5023
2025-02,Japan,Osaka,Wildlife,294184,54566097.6,4.2,No,Off-Peak,34.6937,135.5023
2025-08,USA,New York,Adventure,556366,74585609.87,3.3,No,Shoulder,40.7128,-74.006
2025-11,UAE,Dubai,Nature,505200,225158068.34,4.4,No,Peak,25.2048,55.2708
2022-01,Japan,Kyoto,Wildlife,113644,14519480.32,4.4,Yes,Off-Peak,35.0116,135.7681
2023-08,India,Varanasi,Religious,347699,52608619.81,4.3,No,Off-Peak,25.3176,82.9739
2022-09,Australia,Perth,Beach,143319,24427365.54,3.3,No,Shoulder,-31.9505,115.8605
2022-05,UAE,Abu Dhabi,Adventure,405033,140833119.06,3.6,Yes,Peak,24.4539,54.3773
2022-09,Italy,Florence,Historical,116816,18164287.48,4.8,No,Off-Peak,43.7696,11.2558
2023-10,Australia,Perth,Religious,204559,63896385.61,4.7,Yes,Shoulder,-31.9505,115.8605
2022-05,UAE,Dubai,Urban,234009,79832643.16,4.2,Yes,Off-Peak,25.2048,55.2708
2023-03,Australia,Perth,Historical,411728,43979641.65,4.9,No,Peak,-31.9505,115.8605
2023-01,Japan,Osaka,Luxury,197484,27312312.13,4.4,Yes,Peak,34.6937,135.5023
2024-06,Japan,Kyoto,Urban,330087,48770780.12,3.9,Yes,Peak,35.0116,135.7681
2025-10,USA,Las Vegas,Luxury,477658,127363129.06,4.4,No,Shoulder,36.1699,-115.1398
2025-06,India,Goa,Religious,583991,200296987.92,4.8,No,Off-Peak,15.2993,74.124
2025-06,Brazil,Rio de Janeiro,Historical,165422,52811679.3,5.0,No,Off-Peak,-22.9068,-43.1729
2023-01,France,Cannes,Beach,281295,53945710.82,4.7,Yes,Peak,43.5528,7.0174
2022-11,Japan,Osaka,Adventure,54211,20685545.66,4.3,No,Off-Peak,34.6937,135.5023
2024-05,UAE,Abu Dhabi,Religious,194974,68248329.42,4.6,Yes,Peak,24.4539,54.3773
2022-10,Japan,Kyoto,Nature,550588,45945540.3,3.2,No,Off-Peak,35.0116,135.7681
2023-02,Brazil,Rio de Janeiro,Beach,230995,38113499.14,3.6,No,Off-Peak,-22.9068,-43.1729
2025-11,Thailand,Phuket,Historical,76010,24932890.11,4.0,No,Off-Peak,7.8804,98.3923
2022-10,India,Varanasi,Wildlife,452603,138305895.22,3.8,No,Peak,25.3176,82.9739
2025-06,India,Agra,Religious,296497,46824427.91,3.3,Yes,Peak,27.1767,78.0081
2024-08,Brazil,Salvador,Adventure,275863,46054082.91,3.6,Yes,Peak,-12.9777,-38.5016
2022-05,Italy,Florence,Beach,485722,55188113.56,4.5,Yes,Shoulder,43.7696,11.2558
2023-12,Italy,Florence,Beach,59650,14468599.36,4.8,No,Off-Peak,43.7696,11.2558
2024-07,Switzerland,Geneva,Wildlife,111525,22172566.59,3.7,Yes,Shoulder,46.2044,6.1432
2022-04,Brazil,Rio de Janeiro,Luxury,281519,59994930.93,4.2,No,Peak,-22.9068,-43.1729
2023-10,Thailand,Chiang Mai,Historical,160543,23528399.23,3.8,Yes,Shoulder,18.7883,98.9853
2024-11,Australia,Perth,Urban,418351,143773128.11,4.8,Yes,Peak,-31.9505,115.8605
2024-05,Thailand,Bangkok,Historical,201740,75438411.49,3.4,Yes,Peak,13.7563,100.5018
2024-06,India,Jaipur,Beach,561705,93923418.44,3.8,No,Shoulder,26.9124,75.7873
2024-06,Brazil,Rio de Janeiro,Beach,82525,32951648.98,4.1,Yes,Shoulder,-22.9068,-43.1729
2022-07,Japan,Kyoto,Urban,374645,126234618.31,3.5,No,Shoulder,35.0116,135.7681
2022-12,France,Cannes,Adventure,111979,14846046.02,4.1,No,Shoulder,43.5528,7.0174
2024-12,USA,Las Vegas,Wildlife,236013,34755633.99,3.2,No,Peak,36.1699,-115.1398
2022-12,Italy,Rome,Luxury,398929,132156028.43,4.4,No,Shoulder,41.9028,12.4964
2025-12,UAE,Dubai,Beach,209785,70523790.21,4.7,Yes,Off-Peak,25.2048,55.2708
2022-02,USA,Orlando,Urban,469328,124754535.0,4.1,No,Peak,28.5383,-81.3792
2022-11,USA,San Francisco,Beach,26820,10681524.12,4.3,No,Shoulder,37.7749,-122.4194
2023-01,Australia,Sydney,Wildlife,333436,87970094.01,4.3,Yes,Off-Peak,-33.8688,151.2093
2022-11,UAE,Sharjah,Religious,224365,52326964.32,3.7,No,Off-Peak,25.3463,55.4209
2022-11,Thailand,Phuket,Religious,183778,53273259.54,3.2,Yes,Off-Peak,7.8804,98.3923
2025-03,Australia,Sydney,Adventure,153646,13870773.04,3.9,Yes,Peak,-33.8688,151.2093
2022-05,Brazil,Sao Paulo,Religious,127710,53881156.06,4.9,No,Peak,-23.5505,-46.6333
2023-09,India,Agra,Luxury,338180,56157769.37,3.6,Yes,Shoulder,27.1767,78.0081
2025-07,UAE,Dubai,Adventure,316069,30284403.42,3.9,No,Shoulder,25.2048,55.2708
2023-10,USA,New York,Historical,583001,88602596.89,4.5,Yes,Shoulder,40.7128,-74.006
2023-06,Switzerland,Zurich,Nature,50727,17278520.02,3.5,Yes,Peak,47.3769,8.5417
2022-05,Italy,Rome,Religious,186294,66543809.79,4.1,Yes,Shoulder,41.9028,12.4964
2024-11,Australia,Melbourne,Luxury,461592,128433644.82,5.0,No,Peak,-37.8136,144.9631
2023-09,France,Paris,Urban,561624,160523735.06,3.3,No,Off-Peak,48.8566,2.3522
2024-01,Italy,Rome,Adventure,49648,14442920.31,4.1,No,Off-Peak,41.9028,12.4964
2023-09,Switzerland,Geneva,Religious,261431,95970588.47,4.9,No,Off-Peak,46.2044,6.1432
2025-12,UAE,Sharjah,Historical,330889,99413461.1,4.5,Yes,Off-Peak,25.3463,55.4209
2025-10,Italy,Rome,Luxury,152754,57925145.85,3.5,Yes,Peak,41.9028,12.4964
2022-03,India,Delhi,Urban,72070,10114678.99,3.7,Yes,Peak,28.6139,77.209
2025-01,USA,San Francisco,Historical,540906,61294176.52,4.8,No,Peak,37.7749,-122.4194
2025-01,UAE,Sharjah,Historical,296173,95108389.56,4.1,Yes,Peak,25.3463,55.4209
2023-03,Switzerland,Zurich,Luxury,64782,15303573.95,3.2,Yes,Shoulder,47.3769,8.5417
2023-11,India,Goa,Nature,10644,3797336.67,4.2,Yes,Shoulder,15.2993,74.124
2022-01,UAE,Dubai,Religious,106042,33272699.97,3.8,Yes,Off-Peak,25.2048,55.2708
2025-10,Japan,Kyoto,Beach,581542,247776143.64,4.2,Yes,Off-Peak,35.0116,135.7681
2025-04,Brazil,Rio de Janeiro,Beach,596979,60932022.8,3.9,No,Peak,-22.9068,-43.1729
2023-03,Thailand,Phuket,Adventure,260921,102338299.51,5.0,Yes,Shoulder,7.8804,98.3923
2023-02,Brazil,Sao Paulo,Wildlife,218748,50482301.62,4.5,No,Shoulder,-23.5505,-46.6333
2024-02,France,Cannes,Wildlife,190632,22639321.98,4.0,No,Peak,43.5528,7.0174
2022-10,India,Jaipur,Adventure,204095,31515590.93,3.6,Yes,Peak,26.9124,75.7873
2023-11,Switzerland,Lucerne,Adventure,239677,60063546.2,4.3,Yes,Shoulder,47.0502,8.3093
2024-02,Thailand,Phuket,Wildlife,25745,6755824.83,3.4,Yes,Off-Peak,7.8804,98.3923
2025-05,Australia,Melbourne,Historical,11578,4594511.88,4.7,Yes,Peak,-37.8136,144.9631
2025-03,Brazil,Rio de Janeiro,Wildlife,494778,214690765.31,3.4,Yes,Off-Peak,-22.9068,-43.1729
2025-06,Brazil,Sao Paulo,Nature,564143,158059656.29,3.7,No,Peak,-23.5505,-46.6333
2024-01,India,Agra,Religious,414772,139983281.8,4.7,No,Peak,27.1767,78.0081
2022-09,Brazil,Sao Paulo,Religious,103776,25512336.19,3.8,Yes,Off-Peak,-23.5505,-46.6333
2025-07,Australia,Melbourne,Luxury,291081,90951633.38,3.2,No,Shoulder,-37.8136,144.9631
2024-05,USA,Las Vegas,Urban,28566,8916550.8,3.5,No,Off-Peak,36.1699,-115.1398
2024-05,Brazil,Sao Paulo,Luxury,70985,18402119.42,4.2,No,Off-Peak,-23.5505,-46.6333
2023-11,Thailand,Phuket,Urban,591311,136050252.71,3.3,Yes,Shoulder,7.8804,98.3923
2024-03,Switzerland,Geneva,Wildlife,123011,20879492.42,4.7,No,Peak,46.2044,6.1432
2024-11,UAE,Sharjah,Historical,567492,254792192.1,3.7,Yes,Off-Peak,25.3463,55.4209
2025-03,USA,Orlando,Adventure,15356,4994786.18,4.1,No,Peak,28.5383,-81.3792
2022-03,Australia,Melbourne,Adventure,129012,29341778.08,4.9,Yes,Off-Peak,-37.8136,144.9631
2025-03,UAE,Abu Dhabi,Beach,584733,50689877.07,4.2,No,Shoulder,24.4539,54.3773
2022-07,USA,Orlando,Nature,550347,44138690.28,4.8,Yes,Shoulder,28.5383,-81.3792
2023-08,India,Mumbai,Nature,510903,157856825.18,4.5,No,Shoulder,19.076,72.8777
2023-04,France,Lyon,Beach,441201,59681087.01,4.9,No,Peak,45.764,4.8357
2022-03,India,Goa,Religious,228193,79063266.51,4.6,No,Peak,15.2993,74.124
2025-06,Brazil,Salvador,Nature,378178,32673193.65,4.9,No,Off-Peak,-12.9777,-38.5016
2023-05,USA,New York,Nature,590061,227423180.0,5.0,No,Off-Peak,40.7128,-74.006
2024-09,Thailand,Chiang Mai,Wildlife,59301,24798066.71,4.8,Yes,Shoulder,18.7883,98.9853
2025-06,Thailand,Bangkok,Beach,439577,40245516.76,4.3,Yes,Off-Peak,13.7563,100.5018
2023-03,Australia,Sydney,Urban,54917,23065446.23,3.7,No,Peak,-33.8688,151.2093
2024-02,Brazil,Salvador,Wildlife,50367,9140388.38,3.8,No,Shoulder,-12.9777,-38.5016
2023-08,UAE,Abu Dhabi,Beach,177841,39088923.3,4.6,Yes,Peak,24.4539,54.3773
2024-07,Australia,Gold Coast,Adventure,462376,90952947.33,4.0,Yes,Peak,-28.0167,153.4
2023-10,Italy,Rome,Nature,13298,2123933.9,4.3,No,Off-Peak,41.9028,12.4964
2023-08,India,Delhi,Wildlife,528138,218270791.57,3.7,No,Shoulder,28.6139,77.209
2025-03,Australia,Gold Coast,Luxury,238661,47902916.0,3.4,Yes,Shoulder,-28.0167,153.4
2024-08,Japan,Osaka,Historical,11403,5002452.63,3.7,No,Peak,34.6937,135.5023
2022-01,France,Nice,Nature,64094,14480307.87,4.4,Yes,Peak,43.7102,7.262
2025-05,Thailand,Bangkok,Wildlife,155141,40805463.12,4.0,No,Shoulder,13.7563,100.5018
2025-04,Switzerland,Lucerne,Religious,263348,75213102.53,4.5,No,Shoulder,47.0502,8.3093
2025-02,Australia,Melbourne,Urban,194734,27849909.64,4.7,Yes,Shoulder,-37.8136,144.9631
2022-08,Australia,Sydney,Religious,430805,112450362.16,4.3,No,Peak,-33.8688,151.2093
2024-10,India,Mumbai,Beach,59762,12813626.6,4.3,No,Off-Peak,19.076,72.8777
2024-07,Thailand,Phuket,Nature,287323,104279209.26,4.3,No,Peak,7.8804,98.3923
2025-11,USA,San Francisco,Urban,559617,67987838.12,4.6,No,Peak,37.7749,-122.4194
2023-01,Australia,Gold Coast,Urban,486781,91063307.08,4.8,Yes,Peak,-28.0167,153.4
2024-09,Australia,Melbourne,Beach,517051,83881622.78,3.4,Yes,Off-Peak,-37.8136,144.9631
2023-04,France,Paris,Adventure,215804,51369096.29,3.3,No,Shoulder,48.8566,2.3522
2022-05,Switzerland,Zurich,Religious,588864,220193585.25,4.1,No,Peak,47.3769,8.5417
2024-04,India,Delhi,Adventure,586804,115546864.1,3.3,Yes,Peak,28.6139,77.209
2024-03,Thailand,Chiang Mai,Religious,325580,126240690.79,3.6,No,Shoulder,18.7883,98.9853
2022-04,Japan,Nara,Historical,541721,145938067.65,4.8,No,Off-Peak,34.6851,135.8048
2023-06,Thailand,Bangkok,Luxury,311747,82216627.55,4.5,No,Shoulder,13.7563,100.5018
2025-02,UAE,Dubai,Historical,421798,187770408.45,3.6,No,Peak,25.2048,55.2708
2024-01,Brazil,Salvador,Luxury,274434,48557653.86,4.8,Yes,Shoulder,-12.9777,-38.5016
2025-09,Brazil,Salvador,Beach,35401,4301265.66,4.2,No,Off-Peak,-12.9777,-38.5016
2023-03,Japan,Tokyo,Religious,562099,79019066.64,4.5,No,Shoulder,35.6762,139.6503
2022-11,Switzerland,Geneva,Urban,306454,68722034.84,4.5,No,Shoulder,46.2044,6.1432
2025-02,Brazil,Salvador,Religious,485060,117420878.17,4.2,No,Off-Peak,-12.9777,-38.5016
2022-09,Australia,Gold Coast,Historical,550153,215526397.61,3.3,Yes,Peak,-28.0167,153.4
2025-11,Thailand,Chiang Mai,Historical,490239,187957938.27,3.7,Yes,Shoulder,18.7883,98.9853
2024-06,Brazil,Sao Paulo,Beach,90930,38436583.55,4.6,No,Off-Peak,-23.5505,-46.6333
2023-02,Australia,Sydney,Luxury,283791,74820278.35,4.8,No,Shoulder,-33.8688,151.2093
2025-11,France,Paris,Nature,196076,61985950.74,3.6,No,Off-Peak,48.8566,2.3522
2025-01,Switzerland,Zurich,Nature,90895,27778348.65,5.0,Yes,Off-Peak,47.3769,8.5417
2025-12,Australia,Sydney,Adventure,28764,11170671.12,4.0,Yes,Off-Peak,-33.8688,151.2093
2024-04,Australia,Melbourne,Luxury,592489,175687452.88,3.6,No,Peak,-37.8136,144.9631
2025-12,Australia,Sydney,Beach,492251,179404231.52,4.4,Yes,Peak,-33.8688,151.2093
2022-08,UAE,Dubai,Nature,132441,49173751.12,3.3,Yes,Shoulder,25.2048,55.2708
2022-09,Italy,Milan,Religious,327304,68517113.25,3.6,No,Peak,45.4642,9.19
2023-09,Brazil,Rio de Janeiro,Historical,561918,222837880.19,4.5,Yes,Off-Peak,-22.9068,-43.1729
2023-08,Australia,Sydney,Nature,147217,50703662.0,3.6,Yes,Off-Peak,-33.8688,151.2093
2024-01,Switzerland,Geneva,Luxury,220630,29067679.25,4.0,Yes,Shoulder,46.2044,6.1432
2023-02,Australia,Perth,Religious,262263,44463534.46,4.3,Yes,Shoulder,-31.9505,115.8605
2022-06,Australia,Gold Coast,Religious,456099,143288779.35,3.7,Yes,Peak,-28.0167,153.4
2023-04,Australia,Perth,Wildlife,398817,115735470.46,3.8,Yes,Peak,-31.9505,115.8605
2024-02,UAE,Abu Dhabi,Beach,263053,85284180.46,4.7,Yes,Off-Peak,24.4539,54.3773
2022-02,Thailand,Bangkok,Adventure,484131,136302164.87,4.0,No,Off-Peak,13.7563,100.5018
2023-07,India,Mumbai,Adventure,266487,72713324.17,3.9,No,Off-Peak,19.076,72.8777
2022-03,France,Cannes,Historical,85261,26488647.23,4.5,No,Shoulder,43.5528,7.0174
2025-05,Japan,Osaka,Urban,566421,131154813.69,3.7,No,Peak,34.6937,135.5023
2024-11,India,Kerala,Beach,592429,77067014.7,5.0,Yes,Off-Peak,10.8505,76.2711
2023-02,Italy,Milan,Luxury,445085,57726961.7,4.7,Yes,Off-Peak,45.4642,9.19
2022-08,USA,Orlando,Nature,480306,143626738.46,4.6,Yes,Shoulder,28.5383,-81.3792
2024-03,UAE,Sharjah,Wildlife,52084,11916236.77,4.5,Yes,Shoulder,25.3463,55.4209
2024-11,Italy,Venice,Urban,535219,228666568.13,4.1,No,Off-Peak,45.4408,12.3155
2023-10,Australia,Sydney,Wildlife,253648,33035209.14,4.1,No,Off-Peak,-33.8688,151.2093
2024-12,Japan,Tokyo,Historical,450454,167510053.0,4.6,No,Shoulder,35.6762,139.6503
2023-02,India,Kerala,Historical,324885,86966886.09,3.6,No,Off-Peak,10.8505,76.2711
2023-02,Australia,Melbourne,Luxury,250404,46341500.34,4.1,Yes,Off-Peak,-37.8136,144.9631
2025-03,France,Nice,Beach,13838,4295243.29,3.4,No,Peak,43.7102,7.262
2022-02,Switzerland,Lucerne,Adventure,444490,125182567.1,3.9,No,Off-Peak,47.0502,8.3093
2022-05,Italy,Rome,Adventure,279691,111616814.56,3.6,Yes,Shoulder,41.9028,12.4964
2024-06,India,Mumbai,Adventure,477079,39458935.92,4.6,Yes,Peak,19.076,72.8777
2022-07,India,Varanasi,Nature,290329,40366642.16,3.9,Yes,Shoulder,25.3176,82.9739
2025-10,France,Paris,Urban,511169,59578051.72,4.3,Yes,Peak,48.8566,2.3522
2025-02,USA,San Francisco,Wildlife,34529,4691753.62,3.9,No,Shoulder,37.7749,-122.4194
2022-12,UAE,Dubai,Religious,197237,21480606.28,4.1,No,Peak,25.2048,55.2708
2023-05,Italy,Florence,Nature,19668,2827959.39,3.4,Yes,Peak,43.7696,11.2558
2024-10,Japan,Osaka,Luxury,406155,47402432.42,3.9,Yes,Off-Peak,34.6937,135.5023
2024-02,India,Agra,Wildlife,577685,194650770.95,3.5,Yes,Peak,27.1767,78.0081
2024-02,India,Mumbai,Luxury,252931,87750219.32,3.3,No,Peak,19.076,72.8777
2022-01,UAE,Sharjah,Religious,37691,9497873.64,4.3,Yes,Peak,25.3463,55.4209
2022-09,France,Cannes,Religious,260218,112795794.38,4.2,Yes,Peak,43.5528,7.0174
2022-06,Thailand,Bangkok,Nature,488895,175256653.9,3.3,No,Peak,13.7563,100.5018
2023-02,Italy,Rome,Luxury,119459,34590249.65,4.5,No,Peak,41.9028,12.4964
2022-12,UAE,Abu Dhabi,Historical,154458,13782617.59,4.7,No,Shoulder,24.4539,54.3773
2024-08,USA,San Francisco,Historical,122309,35556129.69,4.2,Yes,Off-Peak,37.7749,-122.4194
2023-08,India,Varanasi,Nature,274311,63259698.14,5.0,Yes,Peak,25.3176,82.9739
2022-12,USA,Orlando,Religious,143144,19090132.59,4.4,Yes,Peak,28.5383,-81.3792
2025-02,Australia,Melbourne,Urban,230101,82714788.57,3.5,Yes,Shoulder,-37.8136,144.9631
2024-07,USA,Orlando,Adventure,472746,103557951.94,3.2,Yes,Off-Peak,28.5383,-81.3792
2023-03,Australia,Gold Coast,Adventure,103957,26407173.81,3.3,No,Shoulder,-28.0167,153.4
2023-06,USA,New York,Religious,145442,56147834.62,3.8,No,Peak,40.7128,-74.006
2022-07,UAE,Dubai,Historical,142796,41802074.1,3.4,Yes,Peak,25.2048,55.2708
2025-09,UAE,Sharjah,Urban,429257,150681023.37,4.6,No,Off-Peak,25.3463,55.4209
2024-09,Thailand,Chiang Mai,Luxury,453748,57604956.95,4.0,Yes,Peak,18.7883,98.9853
2023-08,Switzerland,Lucerne,Wildlife,287312,50498711.15,4.1,Yes,Off-Peak,47.0502,8.3093
2022-08,Switzerland,Zurich,Beach,596978,156144017.76,4.3,Yes,Peak,47.3769,8.5417
2022-04,UAE,Abu Dhabi,Luxury,50730,14781394.07,4.5,Yes,Off-Peak,24.4539,54.3773
2023-01,Brazil,Salvador,Religious,139068,61533354.46,3.7,No,Shoulder,-12.9777,-38.5016
2022-03,UAE,Abu Dhabi,Adventure,475860,58716028.25,4.2,No,Off-Peak,24.4539,54.3773
2022-10,USA,San Francisco,Beach,201599,28672183.79,5.0,Yes,Shoulder,37.7749,-122.4194
2022-01,Thailand,Chiang Mai,Religious,160592,66482691.86,3.2,Yes,Peak,18.7883,98.9853
2022-02,India,Goa,Luxury,26622,4579163.0,3.7,No,Off-Peak,15.2993,74.124
2022-01,Japan,Tokyo,Historical,10063,1256744.83,3.4,Yes,Peak,35.6762,139.6503
2025-01,Brazil,Rio de Janeiro,Adventure,408159,156548564.96,3.4,No,Peak,-22.9068,-43.1729
2025-01,Thailand,Chiang Mai,Wildlife,562771,199111010.97,4.3,No,Peak,18.7883,98.9853
2023-08,Switzerland,Lucerne,Historical,358200,153609419.47,4.8,No,Off-Peak,47.0502,8.3093
2022-03,USA,San Francisco,Beach,261842,23181222.46,4.3,No,Shoulder,37.7749,-122.4194
2022-08,Japan,Kyoto,Historical,460671,160089913.33,3.6,No,Peak,35.0116,135.7681
2022-06,France,Paris,Religious,338804,114140379.54,3.8,Yes,Shoulder,48.8566,2.3522
2023-01,USA,Las Vegas,Urban,24053,9087712.84,4.4,Yes,Off-Peak,36.1699,-115.1398
2023-06,Japan,Osaka,Luxury,255791,59372377.98,4.0,No,Shoulder,34.6937,135.5023
2023-07,Brazil,Salvador,Urban,267545,106856180.51,4.0,Yes,Shoulder,-12.9777,-38.5016
2024-12,India,Jaipur,Adventure,66404,11872286.68,4.4,Yes,Peak,26.9124,75.7873
2022-10,Switzerland,Zurich,Adventure,536623,172507528.53,4.1,No,Peak,47.3769,8.5417
2022-03,Italy,Milan,Religious,152574,40477109.01,3.3,No,Shoulder,45.4642,9.19
2023-03,Australia,Melbourne,Religious,495281,156387049.98,3.5,No,Peak,-37.8136,144.9631
2022-02,Japan,Osaka,Beach,481508,91016529.57,3.5,Yes,Shoulder,34.6937,135.5023
2024-12,Italy,Florence,Historical,117389,39213665.8,4.9,Yes,Shoulder,43.7696,11.2558
2022-02,Australia,Gold Coast,Urban,596880,194736094.48,4.8,Yes,Peak,-28.0167,153.4
2023-03,India,Varanasi,Beach,186291,33134798.86,3.9,Yes,Peak,25.3176,82.9739
2022-10,Italy,Venice,Wildlife,552746,61944249.26,3.4,Yes,Peak,45.4408,12.3155
2023-11,Italy,Milan,Historical,76978,9721134.0,4.4,No,Shoulder,45.4642,9.19
2025-12,Australia,Sydney,Luxury,526937,127009571.65,3.8,No,Off-Peak,-33.8688,151.2093
2023-08,UAE,Sharjah,Adventure,53238,21865828.93,5.0,No,Peak,25.3463,55.4209
2022-07,USA,San Francisco,Historical,31375,6374509.85,3.2,No,Shoulder,37.7749,-122.4194
2022-10,Japan,Osaka,Urban,520708,86908781.73,4.2,No,Peak,34.6937,135.5023
2022-11,Thailand,Phuket,Adventure,565734,242063132.23,4.6,Yes,Off-Peak,7.8804,98.3923
2022-01,Italy,Milan,Luxury,480071,188909131.21,4.5,No,Off-Peak,45.4642,9.19
2023-06,UAE,Dubai,Historical,141337,61321218.07,4.3,No,Off-Peak,25.2048,55.2708
2023-06,Switzerland,Geneva,Urban,540441,137878844.77,4.7,Yes,Shoulder,46.2044,6.1432
2022-01,India,Kerala,Beach,384170,89407480.98,4.9,No,Shoulder,10.8505,76.2711
2022-10,Brazil,Sao Paulo,Adventure,320974,53621463.11,4.8,Yes,Off-Peak,-23.5505,-46.6333
2025-12,India,Delhi,Luxury,444642,125674943.94,4.9,Yes,Peak,28.6139,77.209
2025-03,Australia,Perth,Religious,270056,37954202.57,3.7,Yes,Peak,-31.9505,115.8605
2023-07,UAE,Sharjah,Historical,294839,107195654.69,3.4,No,Peak,25.3463,55.4209
2024-10,Switzerland,Lucerne,Adventure,89208,22438643.92,3.2,No,Peak,47.0502,8.3093
2025-08,USA,Las Vegas,Urban,358750,95127525.44,4.8,Yes,Shoulder,36.1699,-115.1398
2024-11,France,Lyon,Beach,445166,199183649.02,3.9,Yes,Off-Peak,45.764,4.8357
2022-12,France,Paris,Historical,50867,7099467.03,4.8,No,Peak,48.8566,2.3522
2023-04,USA,New York,Beach,200546,24833938.02,3.9,No,Shoulder,40.7128,-74.006
2023-04,Switzerland,Geneva,Wildlife,9394,1246045.69,4.5,No,Peak,46.2044,6.1432
2022-04,India,Kerala,Nature,176081,20929479.2,4.0,Yes,Peak,10.8505,76.2711
2022-01,France,Lyon,Nature,39009,7419168.11,4.9,Yes,Peak,45.764,4.8357
2025-02,France,Cannes,Wildlife,108705,39341775.19,4.2,Yes,Shoulder,43.5528,7.0174
2023-11,France,Cannes,Beach,168145,58354833.24,3.7,No,Shoulder,43.5528,7.0174
2023-12,Thailand,Chiang Mai,Beach,349621,109296397.4,3.3,No,Off-Peak,18.7883,98.9853
2022-11,Japan,Osaka,Historical,560859,49565640.56,4.9,No,Shoulder,34.6937,135.5023
2024-06,India,Varanasi,Beach,149285,51439398.59,4.0,No,Peak,25.3176,82.9739
2025-09,UAE,Dubai,Historical,584364,215223000.94,4.0,Yes,Peak,25.2048,55.2708
2024-07,Japan,Nara,Wildlife,268522,98469905.4,4.2,No,Off-Peak,34.6851,135.8048
2024-03,Japan,Tokyo,Historical,474142,195762806.27,3.2,No,Shoulder,35.6762,139.6503
2024-06,India,Mumbai,Beach,373991,31957634.37,4.4,No,Peak,19.076,72.8777
2022-12,Italy,Venice,Adventure,419461,184144559.16,3.4,Yes,Off-Peak,45.4408,12.3155
2024-12,Brazil,Salvador,Religious,406003,159704891.67,3.7,No,Peak,-12.9777,-38.5016
2022-05,UAE,Abu Dhabi,Luxury,378825,117172537.26,3.4,No,Shoulder,24.4539,54.3773
2022-04,Italy,Rome,Historical,342488,133683319.96,4.8,Yes,Off-Peak,41.9028,12.4964
2022-01,France,Paris,Nature,508675,77888941.84,3.3,No,Peak,48.8566,2.3522
2025-04,USA,Las Vegas,Nature,122971,36131130.53,3.7,No,Shoulder,36.1699,-115.1398
2022-01,France,Nice,Urban,29730,12420113.23,4.5,Yes,Peak,43.7102,7.262
2022-10,Australia,Melbourne,Historical,54126,11705903.35,3.3,No,Shoulder,-37.8136,144.9631
2024-02,Australia,Perth,Nature,309927,51293757.49,4.8,No,Peak,-31.9505,115.8605
2022-01,USA,New York,Religious,103012,8891801.58,3.4,No,Off-Peak,40.7128,-74.006
2024-08,UAE,Abu Dhabi,Luxury,168020,66627223.71,3.4,No,Peak,24.4539,54.3773
2025-12,Switzerland,Geneva,Historical,341542,44612838.73,4.6,No,Off-Peak,46.2044,6.1432
2023-03,Australia,Sydney,Religious,145494,52825734.15,4.1,Yes,Off-Peak,-33.8688,151.2093
2024-01,Australia,Gold Coast,Beach,167282,60572490.24,4.7,No,Peak,-28.0167,153.4
2022-10,Japan,Nara,Urban,24776,9194475.63,4.0,No,Off-Peak,34.6851,135.8048
2022-10,UAE,Abu Dhabi,Beach,496324,105467920.18,4.0,Yes,Off-Peak,24.4539,54.3773
2024-06,Japan,Tokyo,Historical,529330,113177056.24,4.6,No,Shoulder,35.6762,139.6503
2023-02,Japan,Nara,Historical,69174,17990089.97,3.8,Yes,Shoulder,34.6851,135.8048
2023-07,India,Agra,Historical,468785,183294256.1,4.1,No,Shoulder,27.1767,78.0081
2024-01,Thailand,Chiang Mai,Beach,194863,27268958.81,3.5,No,Off-Peak,18.7883,98.9853
2024-05,Switzerland,Geneva,Adventure,159665,45560439.21,4.7,Yes,Off-Peak,46.2044,6.1432
2022-09,UAE,Abu Dhabi,Beach,267848,65560682.11,4.8,Yes,Peak,24.4539,54.3773
2023-10,Thailand,Bangkok,Nature,221559,77291473.04,4.9,No,Off-Peak,13.7563,100.5018
2023-11,UAE,Sharjah,Adventure,150084,24106281.99,4.2,No,Shoulder,25.3463,55.4209
2023-05,India,Mysuru,Luxury,36677,10958686.29,3.6,Yes,Shoulder,12.2958,76.6394
2023-05,Australia,Gold Coast,Beach,251747,52447877.43,3.2,Yes,Off-Peak,-28.0167,153.4
2023-09,Japan,Nara,Wildlife,92879,22175213.47,3.7,Yes,Off-Peak,34.6851,135.8048
2024-05,Japan,Osaka,Beach,436482,153901716.42,4.1,No,Off-Peak,34.6937,135.5023
2022-11,Australia,Gold Coast,Luxury,272062,107382653.27,4.3,Yes,Peak,-28.0167,153.4
2022-12,Switzerland,Geneva,Wildlife,159311,25126757.08,3.9,Yes,Off-Peak,46.2044,6.1432
2025-10,Japan,Kyoto,Adventure,67533,9786426.05,4.4,No,Peak,35.0116,135.7681
2023-12,France,Paris,Wildlife,492366,116982595.25,3.4,No,Peak,48.8566,2.3522
2023-07,UAE,Dubai,Adventure,64985,20029130.35,4.2,Yes,Off-Peak,25.2048,55.2708
2023-03,USA,San Francisco,Beach,585343,127999794.15,4.9,No,Shoulder,37.7749,-122.4194
2022-12,India,Kerala,Beach,192874,79549115.43,4.5,Yes,Peak,10.8505,76.2711
2023-06,USA,Las Vegas,Wildlife,421830,163107042.72,3.3,Yes,Peak,36.1699,-115.1398
2023-02,Thailand,Phuket,Historical,25265,5761000.64,3.5,Yes,Off-Peak,7.8804,98.3923
2025-02,India,Goa,Nature,310350,48790456.4,3.9,No,Peak,15.2993,74.124
2025-01,USA,Orlando,Nature,400035,158229951.61,4.8,No,Peak,28.5383,-81.3792
2024-04,Brazil,Sao Paulo,Nature,470149,196933907.96,3.2,Yes,Shoulder,-23.5505,-46.6333
2023-05,India,Mysuru,Beach,345888,47670730.64,3.8,No,Peak,12.2958,76.6394
2022-09,Brazil,Rio de Janeiro,Wildlife,240789,81691112.57,5.0,No,Peak,-22.9068,-43.1729
2025-01,Switzerland,Zurich,Historical,172840,66410518.76,3.6,Yes,Off-Peak,47.3769,8.5417
2022-09,Brazil,Sao Paulo,Luxury,67389,23306804.45,4.0,No,Peak,-23.5505,-46.6333
2025-06,Thailand,Bangkok,Urban,584825,123797016.47,3.6,No,Off-Peak,13.7563,100.5018
2022-02,Brazil,Salvador,Wildlife,396784,137854984.19,4.1,No,Off-Peak,-12.9777,-38.5016
2023-12,India,Mysuru,Luxury,524214,206121146.93,3.2,Yes,Shoulder,12.2958,76.6394
2022-11,India,Jaipur,Beach,597492,84476084.59,4.6,No,Off-Peak,26.9124,75.7873
2023-05,Japan,Tokyo,Beach,298069,88338466.63,3.5,Yes,Off-Peak,35.6762,139.6503
2022-12,Japan,Kyoto,Beach,221310,96101579.29,3.6,Yes,Peak,35.0116,135.7681
2023-11,Italy,Florence,Beach,352482,43003924.11,4.8,Yes,Off-Peak,43.7696,11.2558
2023-03,USA,Orlando,Luxury,40012,11800789.08,4.7,No,Shoulder,28.5383,-81.3792
2023-01,Japan,Kyoto,Adventure,262533,49613749.56,3.6,Yes,Shoulder,35.0116,135.7681
2024-11,UAE,Dubai,Beach,12594,2623623.13,4.5,Yes,Peak,25.2048,55.2708
2022-06,Italy,Florence,Adventure,288349,116922755.65,3.3,No,Shoulder,43.7696,11.2558
2022-04,UAE,Abu Dhabi,Historical,145401,19306037.63,4.9,No,Peak,24.4539,54.3773
2023-08,France,Cannes,Religious,487120,89048663.25,3.3,Yes,Off-Peak,43.5528,7.0174
2025-01,Italy,Florence,Nature,102419,42362977.59,3.8,Yes,Shoulder,43.7696,11.2558
2024-05,Italy,Venice,Historical,419736,142754955.85,3.4,No,Peak,45.4408,12.3155
2023-06,UAE,Dubai,Wildlife,449126,88857652.63,4.4,No,Off-Peak,25.2048,55.2708
2025-09,UAE,Dubai,Beach,153758,62953415.62,4.0,No,Peak,25.2048,55.2708
2025-07,India,Goa,Urban,171030,33641578.35,3.4,Yes,Peak,15.2993,74.124
2023-11,Italy,Rome,Nature,70844,28211649.47,3.8,No,Peak,41.9028,12.4964
2022-07,USA,Las Vegas,Historical,151353,28881133.54,4.4,Yes,Shoulder,36.1699,-115.1398
2025-05,Thailand,Phuket,Adventure,488388,86221717.92,4.3,Yes,Off-Peak,7.8804,98.3923
2022-06,USA,Las Vegas,Nature,165773,56699755.9,3.7,No,Shoulder,36.1699,-115.1398
2025-12,Switzerland,Zurich,Beach,194092,37251905.43,4.2,No,Peak,47.3769,8.5417
2025-01,UAE,Abu Dhabi,Nature,405769,176837252.14,4.8,Yes,Shoulder,24.4539,54.3773
2023-11,Brazil,Salvador,Historical,455885,96852003.84,4.3,Yes,Peak,-12.9777,-38.5016
2025-07,Australia,Perth,Urban,574273,249931047.91,3.7,No,Shoulder,-31.9505,115.8605
2024-10,Switzerland,Geneva,Nature,557905,215870550.93,4.2,No,Shoulder,46.2044,6.1432
2022-09,UAE,Sharjah,Luxury,506036,188123113.87,3.2,No,Off-Peak,25.3463,55.4209
2023-12,Thailand,Bangkok,Urban,181456,76551164.89,4.8,No,Shoulder,13.7563,100.5018
2022-11,Australia,Sydney,Adventure,415821,59822919.32,4.8,Yes,Peak,-33.8688,151.2093
2025-11,Switzerland,Zurich,Luxury,374799,53281793.1,4.8,No,Off-Peak,47.3769,8.5417
2025-02,Italy,Milan,Urban,202869,82344607.83,4.4,Yes,Peak,45.4642,9.19
2022-06,Italy,Venice,Urban,291813,84859422.86,3.5,Yes,Peak,45.4408,12.3155
2024-02,Brazil,Salvador,Adventure,442786,171644156.6,4.0,Yes,Off-Peak,-12.9777,-38.5016
2023-10,UAE,Dubai,Beach,280016,122160628.54,3.9,Yes,Peak,25.2048,55.2708
2025-06,France,Cannes,Beach,303886,26420557.09,3.6,Yes,Peak,43.5528,7.0174
2023-12,France,Nice,Nature,262541,73336897.14,3.5,Yes,Off-Peak,43.7102,7.262
2025-02,Thailand,Bangkok,Nature,96062,21273790.07,3.2,Yes,Off-Peak,13.7563,100.5018
2024-08,India,Agra,Beach,488816,97048157.33,3.7,Yes,Shoulder,27.1767,78.0081
2024-04,UAE,Dubai,Adventure,502026,112775751.93,3.6,No,Peak,25.2048,55.2708
2024-06,India,Mumbai,Adventure,244357,37620597.93,4.0,No,Off-Peak,19.076,72.8777
2023-02,Italy,Venice,Nature,121731,45162841.65,3.4,No,Off-Peak,45.4408,12.3155
2022-09,France,Cannes,Nature,319227,110038820.27,3.9,No,Off-Peak,43.5528,7.0174
2022-12,France,Nice,Wildlife,487100,123650964.81,4.8,No,Off-Peak,43.7102,7.262
2025-09,UAE,Dubai,Nature,447488,166606257.71,4.3,Yes,Shoulder,25.2048,55.2708
2022-05,India,Delhi,Wildlife,454384,91460095.18,3.8,No,Peak,28.6139,77.209
2023-01,France,Cannes,Adventure,597059,113989609.47,3.5,Yes,Off-Peak,43.5528,7.0174
2023-08,Switzerland,Zurich,Urban,471927,172467318.27,3.3,No,Peak,47.3769,8.5417
2024-04,Japan,Osaka,Religious,367126,137513765.61,4.1,No,Shoulder,34.6937,135.5023
2022-11,USA,San Francisco,Religious,16303,6577187.67,4.6,No,Shoulder,37.7749,-122.4194
2024-03,Japan,Nara,Beach,148461,27305447.92,4.0,Yes,Shoulder,34.6851,135.8048
2022-05,UAE,Sharjah,Beach,284152,125687122.89,3.2,No,Peak,25.3463,55.4209
2024-07,Switzerland,Geneva,Urban,333154,48147748.85,3.9,No,Peak,46.2044,6.1432
2025-02,Australia,Sydney,Nature,39080,10022987.04,3.3,No,Peak,-33.8688,151.2093
2025-12,USA,San Francisco,Historical,435508,82150747.79,4.0,No,Off-Peak,37.7749,-122.4194
2024-02,Japan,Nara,Luxury,58717,6486533.07,4.6,No,Off-Peak,34.6851,135.8048
2022-09,USA,San Francisco,Luxury,495056,177901737.1,3.9,Yes,Off-Peak,37.7749,-122.4194
2023-12,USA,New York,Beach,549700,234832669.07,3.5,No,Shoulder,40.7128,-74.006
2024-10,Italy,Rome,Urban,16631,3388948.03,4.5,No,Peak,41.9028,12.4964
2024-03,USA,Las Vegas,Luxury,385990,35630155.12,4.8,Yes,Shoulder,36.1699,-115.1398
2024-04,Japan,Nara,Nature,284979,45075524.66,3.9,No,Shoulder,34.6851,135.8048
2024-07,Japan,Tokyo,Historical,429203,121360431.01,3.4,Yes,Off-Peak,35.6762,139.6503
2022-06,UAE,Abu Dhabi,Beach,299869,109543951.69,4.0,No,Off-Peak,24.4539,54.3773
2024-01,Japan,Osaka,Wildlife,53958,19318531.63,4.2,Yes,Off-Peak,34.6937,135.5023
2022-02,Italy,Milan,Religious,424225,159323378.12,4.3,Yes,Shoulder,45.4642,9.19
2022-08,USA,Las Vegas,Wildlife,150750,15333174.55,4.4,No,Shoulder,36.1699,-115.1398
2022-02,France,Cannes,Luxury,469290,105392696.85,3.5,Yes,Peak,43.5528,7.0174
2024-07,UAE,Dubai,Nature,20550,8817943.18,4.2,Yes,Shoulder,25.2048,55.2708
2024-11,Brazil,Rio de Janeiro,Adventure,599175,156683712.92,4.2,No,Shoulder,-22.9068,-43.1729
2024-06,Australia,Melbourne,Historical,249717,62252006.63,4.8,Yes,Shoulder,-37.8136,144.9631
2022-11,UAE,Abu Dhabi,Luxury,280161,83293417.2,3.5,Yes,Shoulder,24.4539,54.3773
2022-06,Brazil,Salvador,Nature,250804,108931017.17,3.7,Yes,Peak,-12.9777,-38.5016
2025-04,USA,Orlando,Luxury,598054,147340905.44,5.0,Yes,Peak,28.5383,-81.3792
2024-05,Brazil,Sao Paulo,Nature,569771,46001573.21,3.7,Yes,Off-Peak,-23.5505,-46.6333
2022-04,Japan,Osaka,Adventure,262276,96947622.11,4.4,Yes,Off-Peak,34.6937,135.5023
2024-07,Switzerland,Zurich,Beach,439409,97968395.19,3.9,No,Shoulder,47.3769,8.5417
2025-06,Japan,Tokyo,Beach,365437,43155834.88,4.4,No,Shoulder,35.6762,139.6503
2022-01,Italy,Rome,Nature,349528,149461137.88,4.6,Yes,Off-Peak,41.9028,12.4964
2025-05,India,Agra,Urban,437292,41864838.56,4.8,Yes,Peak,27.1767,78.0081
2022-03,Switzerland,Lucerne,Historical,570624,141558570.24,3.9,Yes,Shoulder,47.0502,8.3093
2025-06,UAE,Sharjah,Urban,187298,72705660.55,4.7,No,Peak,25.3463,55.4209
2024-10,India,Varanasi,Religious,159460,68890149.06,3.5,No,Shoulder,25.3176,82.9739
2024-03,USA,New York,Beach,83917,19846661.64,4.3,Yes,Shoulder,40.7128,-74.006
2022-11,Brazil,Sao Paulo,Wildlife,120530,27754861.19,3.4,Yes,Shoulder,-23.5505,-46.6333
2025-04,Italy,Rome,Historical,256771,63891585.06,4.3,Yes,Off-Peak,41.9028,12.4964
2023-06,Japan,Osaka,Nature,299241,60040768.05,4.3,Yes,Shoulder,34.6937,135.5023
2025-08,USA,Orlando,Wildlife,552273,228086758.85,3.3,Yes,Shoulder,28.5383,-81.3792
2022-11,USA,Las Vegas,Religious,317744,50690132.94,4.3,Yes,Peak,36.1699,-115.1398
2023-04,Japan,Nara,Beach,386924,57100949.99,4.8,No,Off-Peak,34.6851,135.8048
2025-06,India,Kerala,Wildlife,400022,32115602.19,4.9,No,Peak,10.8505,76.2711
2025-09,UAE,Abu Dhabi,Urban,144416,13799034.9,3.8,No,Off-Peak,24.4539,54.3773
2024-05,Switzerland,Zurich,Religious,563669,207535739.67,3.7,Yes,Peak,47.3769,8.5417
2024-09,UAE,Sharjah,Adventure,290188,35976603.68,4.8,No,Off-Peak,25.3463,55.4209
2025-10,Japan,Osaka,Luxury,294873,68443601.13,5.0,Yes,Peak,34.6937,135.5023
2024-02,UAE,Dubai,Wildlife,404674,122858230.99,4.3,No,Off-Peak,25.2048,55.2708
2023-12,Brazil,Rio de Janeiro,Urban,140630,40750441.96,4.1,Yes,Peak,-22.9068,-43.1729
2025-03,India,Delhi,Luxury,200030,29658846.01,4.9,Yes,Peak,28.6139,77.209
2022-05,UAE,Abu Dhabi,Wildlife,422495,182092074.11,4.2,No,Peak,24.4539,54.3773
2025-04,Japan,Osaka,Adventure,400266,119101330.15,4.5,Yes,Peak,34.6937,135.5023
2024-12,Australia,Perth,Wildlife,424238,145404502.31,4.0,Yes,Off-Peak,-31.9505,115.8605
2022-08,UAE,Dubai,Nature,320734,55897063.01,3.5,No,Shoulder,25.2048,55.2708
2023-01,Japan,Tokyo,Nature,348272,153635962.39,4.3,Yes,Peak,35.6762,139.6503
2022-01,UAE,Dubai,Historical,35755,6691525.36,3.3,No,Off-Peak,25.2048,55.2708
2025-12,Italy,Rome,Nature,324773,128472279.42,4.8,Yes,Peak,41.9028,12.4964
2023-02,USA,New York,Wildlife,22493,4474238.97,4.8,No,Peak,40.7128,-74.006
2025-07,India,Mysuru,Luxury,348120,66120308.63,4.5,Yes,Off-Peak,12.2958,76.6394
2022-04,India,Mumbai,Adventure,163682,27237819.22,4.7,Yes,Shoulder,19.076,72.8777
2025-03,Thailand,Phuket,Historical,453902,140837867.54,3.7,No,Peak,7.8804,98.3923
2025-06,Brazil,Salvador,Religious,40604,9292239.54,3.4,Yes,Peak,-12.9777,-38.5016
2023-04,Thailand,Chiang Mai,Beach,387201,95240164.97,3.9,Yes,Shoulder,18.7883,98.9853
2024-07,UAE,Sharjah,Adventure,354391,127703874.12,4.4,No,Peak,25.3463,55.4209
2024-08,USA,Las Vegas,Urban,327283,40776487.37,3.5,Yes,Peak,36.1699,-115.1398
2024-02,Japan,Nara,Historical,336086,28470218.11,4.1,No,Peak,34.6851,135.8048
2023-11,Italy,Rome,Beach,525438,85924679.79,3.4,Yes,Peak,41.9028,12.4964
2025-02,Italy,Florence,Nature,79430,21508490.03,3.5,No,Peak,43.7696,11.2558
2023-07,Japan,Osaka,Urban,197779,35950846.39,4.0,Yes,Off-Peak,34.6937,135.5023
2024-05,Thailand,Phuket,Luxury,31919,12781022.14,4.6,No,Peak,7.8804,98.3923
2023-09,India,Varanasi,Historical,438626,161254313.36,4.3,No,Shoulder,25.3176,82.9739
2024-07,India,Mumbai,Nature,99191,43205123.46,3.5,No,Peak,19.076,72.8777
2023-01,USA,Orlando,Urban,407156,38152381.71,4.7,No,Shoulder,28.5383,-81.3792
2024-11,India,Mumbai,Historical,368139,128738322.51,4.7,No,Off-Peak,19.076,72.8777
2025-07,USA,Orlando,Religious,416461,71666380.18,4.4,No,Peak,28.5383,-81.3792
2022-04,Thailand,Phuket,Urban,7823,658570.87,3.6,Yes,Shoulder,7.8804,98.3923
2022-08,USA,Orlando,Urban,331902,147478481.59,5.0,Yes,Shoulder,28.5383,-81.3792
2022-06,Switzerland,Zurich,Beach,191867,63692144.43,4.3,No,Peak,47.3769,8.5417
2023-12,India,Kerala,Luxury,543697,181193713.56,3.7,Yes,Shoulder,10.8505,76.2711
2022-01,Thailand,Chiang Mai,Adventure,571739,128609596.49,3.5,No,Peak,18.7883,98.9853
2025-10,UAE,Abu Dhabi,Nature,463573,185787127.61,4.5,No,Shoulder,24.4539,54.3773
2022-04,UAE,Dubai,Nature,214806,65260966.79,4.0,No,Peak,25.2048,55.2708
2024-04,Switzerland,Lucerne,Wildlife,61016,5842370.69,4.5,No,Peak,47.0502,8.3093
2025-08,Brazil,Rio de Janeiro,Historical,48019,14492591.56,4.3,No,Peak,-22.9068,-43.1729
2025-08,France,Paris,Adventure,214392,81464681.34,3.9,Yes,Off-Peak,48.8566,2.3522
2023-10,Switzerland,Geneva,Beach,585433,121112495.62,4.6,Yes,Peak,46.2044,6.1432
2022-03,France,Paris,Urban,427867,191621155.12,4.6,Yes,Peak,48.8566,2.3522
2025-03,India,Mumbai,Wildlife,241863,80033580.43,4.1,No,Off-Peak,19.076,72.8777
2025-11,USA,Orlando,Beach,508576,203181699.88,4.4,Yes,Shoulder,28.5383,-81.3792
2022-05,Japan,Tokyo,Urban,470350,105569379.67,3.3,No,Shoulder,35.6762,139.6503
2024-08,Japan,Osaka,Luxury,446685,200645007.25,3.4,No,Peak,34.6937,135.5023
2022-01,Japan,Osaka,Religious,399187,66214340.09,3.2,No,Peak,34.6937,135.5023
2022-09,Switzerland,Geneva,Religious,22242,5780248.08,4.2,No,Peak,46.2044,6.1432
2024-02,Japan,Nara,Beach,547047,110688569.37,4.7,No,Peak,34.6851,135.8048
2023-04,India,Mysuru,Luxury,420036,162477050.58,3.9,Yes,Shoulder,12.2958,76.6394
2025-06,Switzerland,Lucerne,Luxury,96991,17304484.28,3.2,Yes,Peak,47.0502,8.3093
2022-11,Japan,Tokyo,Beach,129010,48770013.27,3.6,Yes,Peak,35.6762,139.6503
2025-03,Australia,Melbourne,Urban,29437,6046877.12,4.4,No,Off-Peak,-37.8136,144.9631
2023-03,Brazil,Sao Paulo,Historical,389479,113944767.99,4.7,No,Peak,-23.5505,-46.6333
2022-09,India,Mysuru,Wildlife,50086,10471091.6,4.7,No,Off-Peak,12.2958,76.6394
2025-05,Australia,Gold Coast,Adventure,291632,28061576.56,3.7,No,Shoulder,-28.0167,153.4
2024-09,USA,Orlando,Historical,241064,30376864.53,3.2,Yes,Shoulder,28.5383,-81.3792
2023-11,Switzerland,Lucerne,Religious,413199,113991370.1,3.7,No,Off-Peak,47.0502,8.3093
2022-11,UAE,Abu Dhabi,Religious,169521,22932967.27,4.1,No,Peak,24.4539,54.3773
2022-01,Australia,Perth,Nature,403339,176951984.07,3.9,No,Peak,-31.9505,115.8605
2024-05,USA,San Francisco,Beach,36964,7009967.38,4.8,Yes,Off-Peak,37.7749,-122.4194
2023-01,UAE,Dubai,Religious,142449,53549070.2,3.3,No,Peak,25.2048,55.2708
2025-08,France,Lyon,Beach,213716,22462635.63,3.6,Yes,Off-Peak,45.764,4.8357
2024-04,Thailand,Bangkok,Beach,336385,70081970.03,4.0,Yes,Off-Peak,13.7563,100.5018
2023-08,Italy,Venice,Historical,273079,42982597.37,4.3,No,Off-Peak,45.4408,12.3155
2025-10,Brazil,Sao Paulo,Luxury,64364,28216713.69,4.5,No,Peak,-23.5505,-46.6333
2025-02,France,Lyon,Beach,495249,98132413.06,4.0,Yes,Shoulder,45.764,4.8357
2024-02,Switzerland,Lucerne,Luxury,562336,245649067.53,4.9,No,Shoulder,47.0502,8.3093
2024-01,Japan,Nara,Historical,351132,100030386.38,3.6,No,Shoulder,34.6851,135.8048
2025-05,Brazil,Sao Paulo,Wildlife,281659,63800153.78,4.9,No,Shoulder,-23.5505,-46.6333
2023-04,Thailand,Bangkok,Wildlife,199757,78624163.14,4.6,Yes,Shoulder,13.7563,100.5018
2025-06,USA,Las Vegas,Historical,11269,3251725.41,3.5,No,Off-Peak,36.1699,-115.1398
2023-01,Thailand,Bangkok,Adventure,232555,77993178.7,4.3,No,Peak,13.7563,100.5018
2024-02,Italy,Venice,Urban,597993,105161984.0,3.5,Yes,Off-Peak,45.4408,12.3155
2024-06,Japan,Kyoto,Luxury,418960,129209467.78,4.3,Yes,Off-Peak,35.0116,135.7681
2023-04,Italy,Milan,Adventure,501393,81636166.49,4.2,No,Shoulder,45.4642,9.19
2023-04,Italy,Rome,Adventure,148299,13054123.67,3.4,Yes,Peak,41.9028,12.4964
2023-03,UAE,Sharjah,Adventure,203074,55036771.51,3.7,Yes,Off-Peak,25.3463,55.4209
2025-03,Thailand,Chiang Mai,Adventure,79031,32331539.14,3.2,No,Off-Peak,18.7883,98.9853
2023-06,Australia,Sydney,Religious,349201,44324068.95,3.9,No,Off-Peak,-33.8688,151.2093
2023-01,UAE,Sharjah,Nature,77813,9804230.07,3.2,No,Off-Peak,25.3463,55.4209
2022-12,Japan,Kyoto,Luxury,167241,74818811.67,4.5,Yes,Peak,35.0116,135.7681
2024-06,Thailand,Phuket,Nature,495145,76939716.13,3.3,Yes,Off-Peak,7.8804,98.3923
2022-02,UAE,Abu Dhabi,Wildlife,506368,41155633.16,4.2,Yes,Peak,24.4539,54.3773
2025-04,UAE,Dubai,Religious,356333,50849544.23,4.1,No,Peak,25.2048,55.2708
2025-05,USA,New York,Wildlife,44419,16555032.36,3.7,Yes,Peak,40.7128,-74.006
2025-08,Thailand,Phuket,Luxury,24401,6224691.39,4.6,Yes,Off-Peak,7.8804,98.3923
2023-12,Thailand,Phuket,Beach,149409,58491714.43,4.0,Yes,Peak,7.8804,98.3923
2023-01,India,Kerala,Religious,429503,135159575.31,4.6,No,Off-Peak,10.8505,76.2711
2023-07,UAE,Sharjah,Wildlife,79421,14207491.08,4.3,Yes,Peak,25.3463,55.4209
2025-12,Switzerland,Zurich,Urban,512935,200856119.53,4.3,Yes,Off-Peak,47.3769,8.5417
2024-04,Brazil,Salvador,Beach,535669,159646827.37,4.3,No,Off-Peak,-12.9777,-38.5016
2022-10,India,Delhi,Luxury,222618,81651539.24,4.0,Yes,Peak,28.6139,77.209
2024-01,Italy,Venice,Historical,274756,35273738.26,3.5,Yes,Shoulder,45.4408,12.3155
2024-12,France,Lyon,Religious,307321,50508827.15,3.2,Yes,Peak,45.764,4.8357
2022-09,Thailand,Phuket,Nature,176283,67366470.65,4.9,No,Off-Peak,7.8804,98.3923
2023-10,USA,Las Vegas,Luxury,174466,60120809.21,4.5,No,Peak,36.1699,-115.1398
2022-10,Switzerland,Lucerne,Adventure,556923,86802537.25,4.1,No,Peak,47.0502,8.3093
2024-01,Australia,Gold Coast,Beach,75666,16815654.74,3.3,Yes,Shoulder,-28.0167,153.4
2023-08,USA,Orlando,Wildlife,425283,151659983.08,4.2,No,Off-Peak,28.5383,-81.3792
2024-04,India,Mumbai,Wildlife,545345,169442450.06,4.2,No,Peak,19.076,72.8777
2025-04,Switzerland,Zurich,Wildlife,8887,1217884.77,3.9,Yes,Peak,47.3769,8.5417
2024-03,Switzerland,Zurich,Historical,152543,33887534.39,3.4,Yes,Off-Peak,47.3769,8.5417
2025-11,Australia,Gold Coast,Wildlife,339134,113006914.39,3.9,No,Off-Peak,-28.0167,153.4
2024-02,Thailand,Chiang Mai,Religious,553131,111333079.34,4.6,No,Off-Peak,18.7883,98.9853
2024-07,France,Nice,Luxury,272141,49421064.72,3.2,No,Shoulder,43.7102,7.262
2024-03,Thailand,Phuket,Adventure,551328,103502432.9,3.3,Yes,Off-Peak,7.8804,98.3923
2023-09,UAE,Abu Dhabi,Historical,272758,37352929.53,4.8,No,Off-Peak,24.4539,54.3773
2022-01,France,Cannes,Adventure,315489,118819445.49,4.7,Yes,Shoulder,43.5528,7.0174
2022-02,UAE,Sharjah,Nature,451484,175854840.86,4.7,Yes,Shoulder,25.3463,55.4209
2023-04,France,Cannes,Luxury,25845,3922618.93,4.8,No,Off-Peak,43.5528,7.0174
2025-06,Italy,Venice,Luxury,542599,55606826.4,3.3,No,Shoulder,45.4408,12.3155
2025-03,India,Kerala,Urban,36873,13137179.0,3.6,Yes,Shoulder,10.8505,76.2711
2025-03,UAE,Sharjah,Wildlife,74429,22377775.44,4.8,No,Peak,25.3463,55.4209
2024-12,USA,Orlando,Urban,165281,19919810.67,3.9,No,Shoulder,28.5383,-81.3792
2022-03,India,Delhi,Wildlife,338209,52665318.75,4.6,No,Shoulder,28.6139,77.209
2022-01,Thailand,Phuket,Religious,539185,142537967.13,4.4,Yes,Shoulder,7.8804,98.3923
2025-02,USA,New York,Beach,358141,47250134.66,5.0,Yes,Peak,40.7128,-74.006
2022-10,Brazil,Sao Paulo,Beach,288393,108588439.8,4.9,No,Shoulder,-23.5505,-46.6333
2024-10,Brazil,Rio de Janeiro,Urban,353256,108058871.53,4.8,No,Peak,-22.9068,-43.1729
2023-03,USA,Las Vegas,Historical,47854,13806018.21,4.0,No,Off-Peak,36.1699,-115.1398
2023-12,USA,San Francisco,Religious,487634,211436629.16,3.4,No,Peak,37.7749,-122.4194
2025-08,Switzerland,Geneva,Adventure,285289,44089314.76,4.1,Yes,Shoulder,46.2044,6.1432
2023-06,Australia,Perth,Historical,544285,158443578.65,3.5,Yes,Peak,-31.9505,115.8605
2025-11,UAE,Dubai,Luxury,383110,132203468.13,4.6,Yes,Off-Peak,25.2048,55.2708
2024-10,UAE,Abu Dhabi,Nature,311745,36319253.61,5.0,Yes,Shoulder,24.4539,54.3773
2022-12,India,Mysuru,Nature,427424,138128562.24,4.4,Yes,Off-Peak,12.2958,76.6394
2024-11,France,Paris,Adventure,496508,93896310.11,3.5,No,Off-Peak,48.8566,2.3522
2025-04,Australia,Gold Coast,Beach,439445,186948142.6,4.9,Yes,Peak,-28.0167,153.4
2023-03,Thailand,Chiang Mai,Wildlife,156426,19404243.75,4.3,Yes,Peak,18.7883,98.9853
2025-08,Italy,Venice,Beach,499431,46590559.13,4.7,No,Off-Peak,45.4408,12.3155
2025-07,USA,San Francisco,Urban,63331,24044901.6,5.0,No,Shoulder,37.7749,-122.4194
2024-03,USA,New York,Wildlife,471794,92549598.74,3.6,Yes,Shoulder,40.7128,-74.006
2024-05,Switzerland,Lucerne,Nature,46724,11738213.36,3.3,Yes,Off-Peak,47.0502,8.3093
2024-12,Thailand,Chiang Mai,Urban,65899,14283590.95,5.0,No,Peak,18.7883,98.9853
2024-09,UAE,Sharjah,Urban,225303,63914584.21,4.0,Yes,Shoulder,25.3463,55.4209
2025-08,India,Agra,Wildlife,22714,5166973.03,3.5,No,Shoulder,27.1767,78.0081
2025-05,France,Nice,Beach,125079,39256405.59,3.8,Yes,Shoulder,43.7102,7.262
2025-01,Switzerland,Zurich,Luxury,167200,65795503.45,4.6,Yes,Shoulder,47.3769,8.5417
2022-01,Italy,Rome,Luxury,517181,115625571.26,4.6,Yes,Peak,41.9028,12.4964
2023-03,India,Varanasi,Wildlife,143365,52809104.79,4.3,Yes,Off-Peak,25.3176,82.9739
2023-03,Switzerland,Lucerne,Urban,247187,102571965.43,4.1,No,Shoulder,47.0502,8.3093
2023-04,USA,San Francisco,Religious,53465,5152332.56,4.1,No,Shoulder,37.7749,-122.4194
2025-11,Brazil,Sao Paulo,Nature,548754,246237540.47,3.5,No,Shoulder,-23.5505,-46.6333
2024-05,Thailand,Bangkok,Nature,515487,182328771.42,4.6,Yes,Peak,13.7563,100.5018
2025-05,Australia,Gold Coast,Beach,361792,120150347.75,4.6,No,Shoulder,-28.0167,153.4
2025-06,India,Mumbai,Historical,138146,37876195.38,4.3,Yes,Shoulder,19.076,72.8777
2022-03,USA,Orlando,Urban,281202,60747635.24,4.1,Yes,Peak,28.5383,-81.3792
2023-08,France,Lyon,Wildlife,71994,31091351.71,4.4,Yes,Peak,45.764,4.8357
2023-01,Japan,Osaka,Luxury,56610,15750545.73,4.0,No,Shoulder,34.6937,135.5023
2025-12,UAE,Sharjah,Beach,83273,24617859.54,4.0,No,Shoulder,25.3463,55.4209
2022-10,Thailand,Chiang Mai,Nature,61032,19308055.31,3.7,No,Off-Peak,18.7883,98.9853
2023-05,UAE,Sharjah,Luxury,311102,137270920.81,4.2,No,Peak,25.3463,55.4209
2023-08,Japan,Nara,Beach,453028,47371168.23,3.6,Yes,Shoulder,34.6851,135.8048
2024-08,Australia,Perth,Nature,234249,94023682.49,3.8,No,Off-Peak,-31.9505,115.8605
2025-03,Thailand,Chiang Mai,Adventure,172947,56232361.55,3.6,No,Shoulder,18.7883,98.9853
2025-01,Japan,Tokyo,Historical,148345,30058834.3,3.9,No,Shoulder,35.6762,139.6503
2022-12,Italy,Venice,Urban,242648,27534235.97,4.7,No,Peak,45.4408,12.3155
2024-11,Switzerland,Geneva,Nature,271641,80334794.45,4.6,Yes,Off-Peak,46.2044,6.1432
2024-01,Japan,Osaka,Wildlife,310803,106399374.19,3.9,Yes,Off-Peak,34.6937,135.5023
2023-07,Brazil,Sao Paulo,Historical,576232,242584395.91,4.1,Yes,Off-Peak,-23.5505,-46.6333
2023-10,France,Cannes,Beach,8080,3481451.39,4.8,Yes,Shoulder,43.5528,7.0174
2024-12,France,Cannes,Historical,596967,190340695.03,4.9,Yes,Peak,43.5528,7.0174
2024-01,USA,Orlando,Beach,507805,173129187.18,3.7,Yes,Shoulder,28.5383,-81.3792
2022-02,Thailand,Phuket,Adventure,306781,91682051.94,4.5,Yes,Shoulder,7.8804,98.3923
2023-01,UAE,Abu Dhabi,Beach,258088,98178189.96,4.0,No,Shoulder,24.4539,54.3773
2022-08,India,Mysuru,Nature,201256,47049218.02,4.0,Yes,Shoulder,12.2958,76.6394
2024-04,UAE,Abu Dhabi,Historical,438966,35360201.3,5.0,No,Peak,24.4539,54.3773
2022-09,USA,Las Vegas,Adventure,38629,5000393.46,4.5,Yes,Off-Peak,36.1699,-115.1398
2022-03,Brazil,Salvador,Historical,575653,237668943.81,3.6,No,Off-Peak,-12.9777,-38.5016
2024-08,Switzerland,Zurich,Religious,446425,137660899.07,3.2,No,Off-Peak,47.3769,8.5417
2022-10,Brazil,Rio de Janeiro,Urban,348301,63442653.04,3.9,No,Off-Peak,-22.9068,-43.1729
2023-04,India,Agra,Religious,226552,23377183.08,3.7,No,Off-Peak,27.1767,78.0081
2024-01,UAE,Abu Dhabi,Beach,151918,18338957.35,3.9,No,Peak,24.4539,54.3773
2025-01,UAE,Dubai,Religious,74713,26297012.41,4.4,No,Off-Peak,25.2048,55.2708
2024-08,Brazil,Rio de Janeiro,Wildlife,196582,43048070.02,4.8,Yes,Off-Peak,-22.9068,-43.1729
2023-02,Brazil,Rio de Janeiro,Religious,32604,2638239.14,3.5,No,Off-Peak,-22.9068,-43.1729
2023-07,France,Nice,Urban,289254,116786819.65,3.9,Yes,Peak,43.7102,7.262
2025-01,Switzerland,Lucerne,Beach,244802,46819685.24,4.6,Yes,Peak,47.0502,8.3093
2024-01,USA,Orlando,Historical,294399,64268127.45,4.1,Yes,Peak,28.5383,-81.3792
2023-05,Australia,Sydney,Wildlife,125016,34331113.87,4.0,No,Peak,-33.8688,151.2093
2023-07,France,Nice,Beach,13469,3983729.73,3.7,No,Off-Peak,43.7102,7.262
2024-09,UAE,Abu Dhabi,Nature,104361,10347808.98,4.2,No,Shoulder,24.4539,54.3773
2025-11,India,Goa,Wildlife,109758,47970919.9,3.4,Yes,Shoulder,15.2993,74.124
2022-05,France,Lyon,Urban,101573,16726105.64,4.1,No,Peak,45.764,4.8357
2024-12,France,Paris,Historical,514487,145627234.3,3.4,No,Shoulder,48.8566,2.3522
2023-08,Switzerland,Geneva,Adventure,448804,90814295.31,4.0,Yes,Off-Peak,46.2044,6.1432
2022-10,Switzerland,Lucerne,Luxury,7411,2846774.18,4.4,Yes,Shoulder,47.0502,8.3093
2022-12,France,Lyon,Nature,281066,23757899.28,3.3,Yes,Peak,45.764,4.8357
2024-04,India,Agra,Religious,531597,234656759.23,4.4,No,Shoulder,27.1767,78.0081
2022-11,India,Mumbai,Urban,149814,53054105.8,3.4,Yes,Peak,19.076,72.8777
2022-03,UAE,Abu Dhabi,Historical,508735,99998846.64,3.7,Yes,Peak,24.4539,54.3773
2023-04,France,Cannes,Nature,450031,177338172.77,4.1,Yes,Peak,43.5528,7.0174
2022-03,Italy,Florence,Religious,44172,7327236.25,5.0,Yes,Peak,43.7696,11.2558
2024-01,Italy,Rome,Adventure,395529,127500974.79,3.4,Yes,Peak,41.9028,12.4964
2024-11,France,Nice,Urban,273462,43031456.81,4.2,Yes,Peak,43.7102,7.262
2024-10,Italy,Florence,Luxury,195353,84682016.5,3.4,Yes,Peak,43.7696,11.2558
2024-03,Japan,Osaka,Urban,356834,72546111.18,3.6,Yes,Shoulder,34.6937,135.5023
2025-04,UAE,Abu Dhabi,Wildlife,317422,75683820.59,3.2,No,Shoulder,24.4539,54.3773
2023-01,Switzerland,Geneva,Urban,455257,65707710.43,3.3,No,Peak,46.2044,6.1432
2025-05,UAE,Abu Dhabi,Nature,501556,91478461.57,4.2,No,Peak,24.4539,54.3773
2023-11,Brazil,Sao Paulo,Luxury,248325,96571233.79,3.4,Yes,Off-Peak,-23.5505,-46.6333
2025-01,UAE,Abu Dhabi,Historical,353667,63299000.36,4.6,No,Peak,24.4539,54.3773
2022-04,Australia,Melbourne,Luxury,540714,126581672.6,3.4,No,Off-Peak,-37.8136,144.9631
2025-02,Japan,Kyoto,Religious,428960,59592823.64,4.8,No,Off-Peak,35.0116,135.7681
2025-07,UAE,Sharjah,Nature,338217,69362770.41,4.2,No,Peak,25.3463,55.4209
2025-12,Brazil,Salvador,Nature,360555,49401627.11,3.6,No,Off-Peak,-12.9777,-38.5016
2022-07,Brazil,Rio de Janeiro,Religious,317276,81122331.91,3.5,No,Shoulder,-22.9068,-43.1729
2023-03,UAE,Dubai,Religious,578625,104405808.26,4.9,No,Off-Peak,25.2048,55.2708
2025-12,Switzerland,Geneva,Luxury,529509,90625398.2,4.2,No,Peak,46.2044,6.1432
2022-10,UAE,Sharjah,Urban,569553,164736086.48,4.3,Yes,Shoulder,25.3463,55.4209
2024-03,Brazil,Salvador,Historical,85912,18141118.96,3.6,Yes,Peak,-12.9777,-38.5016
2025-09,UAE,Sharjah,Wildlife,211290,23812861.13,3.6,No,Peak,25.3463,55.4209
2022-04,Thailand,Bangkok,Wildlife,402976,135286834.54,4.6,Yes,Peak,13.7563,100.5018
2024-12,USA,San Francisco,Beach,510385,145814350.97,3.5,No,Shoulder,37.7749,-122.4194
2022-08,Japan,Tokyo,Urban,143217,32559783.45,3.6,No,Off-Peak,35.6762,139.6503
2025-06,UAE,Dubai,Urban,344020,134230270.81,4.5,Yes,Off-Peak,25.2048,55.2708
2023-02,USA,Orlando,Nature,430155,129564290.17,4.0,No,Peak,28.5383,-81.3792
2024-09,Japan,Nara,Historical,280004,125325888.6,3.4,No,Shoulder,34.6851,135.8048
2025-01,UAE,Sharjah,Wildlife,311322,35092072.05,3.9,Yes,Off-Peak,25.3463,55.4209
2023-10,Switzerland,Zurich,Nature,234062,70693855.42,3.3,No,Peak,47.3769,8.5417
2022-08,Italy,Florence,Luxury,33877,12437809.92,3.6,No,Shoulder,43.7696,11.2558
2023-01,Brazil,Rio de Janeiro,Nature,90253,14954995.11,4.9,Yes,Off-Peak,-22.9068,-43.1729
2025-08,UAE,Abu Dhabi,Urban,220082,61047944.53,3.4,Yes,Shoulder,24.4539,54.3773
2022-06,Switzerland,Lucerne,Beach,283189,122721358.23,4.8,No,Shoulder,47.0502,8.3093
2023-05,Japan,Tokyo,Historical,82503,9766697.81,3.2,No,Shoulder,35.6762,139.6503
2022-02,Brazil,Salvador,Beach,92071,36268211.32,4.4,Yes,Peak,-12.9777,-38.5016
2022-08,Italy,Milan,Luxury,442249,185263454.17,5.0,Yes,Shoulder,45.4642,9.19
2023-07,Brazil,Rio de Janeiro,Adventure,263419,32963659.03,4.7,Yes,Off-Peak,-22.9068,-43.1729
2023-08,Switzerland,Lucerne,Urban,350114,143062677.02,5.0,Yes,Off-Peak,47.0502,8.3093
2022-04,Japan,Tokyo,Wildlife,451134,130479447.93,4.4,No,Shoulder,35.6762,139.6503
2024-01,France,Nice,Beach,574948,62979728.03,4.6,Yes,Shoulder,43.7102,7.262
2023-02,France,Cannes,Adventure,126641,46805959.99,3.4,No,Peak,43.5528,7.0174
2025-07,Italy,Florence,Beach,491466,68697918.37,4.9,Yes,Off-Peak,43.7696,11.2558
2024-11,France,Paris,Wildlife,143957,56848795.73,3.7,Yes,Off-Peak,48.8566,2.3522
2024-07,France,Nice,Religious,462325,120952548.18,3.7,No,Peak,43.7102,7.262
2024-12,Brazil,Rio de Janeiro,Historical,255444,23980677.37,4.3,No,Shoulder,-22.9068,-43.1729
2025-01,France,Cannes,Urban,133046,18978762.92,4.4,Yes,Off-Peak,43.5528,7.0174
2025-10,USA,New York,Nature,84833,9373065.25,3.8,No,Peak,40.7128,-74.006
2025-07,UAE,Sharjah,Adventure,459392,102792792.15,3.9,No,Off-Peak,25.3463,55.4209
2022-12,Australia,Melbourne,Wildlife,343873,121610568.13,4.8,Yes,Peak,-37.8136,144.9631
2025-11,Australia,Gold Coast,Historical,515193,219301058.46,4.0,No,Shoulder,-28.0167,153.4
2024-01,Switzerland,Geneva,Urban,451608,120792910.85,5.0,Yes,Peak,46.2044,6.1432
2025-02,India,Mumbai,Religious,116114,27878249.2,3.8,No,Peak,19.076,72.8777
2023-07,Australia,Gold Coast,Adventure,534390,211160456.79,3.5,Yes,Off-Peak,-28.0167,153.4
2022-09,Italy,Milan,Religious,428842,98584187.42,3.2,No,Peak,45.4642,9.19
2022-06,Thailand,Bangkok,Urban,49914,19857682.31,4.4,No,Peak,13.7563,100.5018
2024-09,Japan,Tokyo,Luxury,401438,160022814.49,3.7,No,Peak,35.6762,139.6503
2024-03,India,Goa,Beach,436856,143619403.24,5.0,Yes,Off-Peak,15.2993,74.124
2024-07,Italy,Venice,Luxury,13082,1862159.85,4.1,Yes,Peak,45.4408,12.3155
2023-03,Australia,Melbourne,Adventure,151807,43161652.51,3.5,Yes,Off-Peak,-37.8136,144.9631
2023-09,India,Delhi,Adventure,498923,137015865.83,3.8,No,Peak,28.6139,77.209
2022-03,India,Delhi,Urban,101751,25170889.3,4.6,Yes,Off-Peak,28.6139,77.209
2023-11,France,Paris,Beach,263237,101513608.23,4.9,No,Peak,48.8566,2.3522
2022-11,Australia,Perth,Adventure,157692,66500014.56,3.2,No,Off-Peak,-31.9505,115.8605
2024-12,France,Lyon,Beach,518146,156249068.49,4.0,Yes,Peak,45.764,4.8357
2022-02,Italy,Rome,Urban,81323,9584799.24,3.7,No,Peak,41.9028,12.4964
2022-09,USA,New York,Historical,354088,150147092.54,3.7,No,Shoulder,40.7128,-74.006
2025-11,UAE,Abu Dhabi,Adventure,306819,87051603.96,3.5,Yes,Peak,24.4539,54.3773
2024-08,UAE,Dubai,Beach,366080,120537249.1,3.6,Yes,Shoulder,25.2048,55.2708
2025-07,Italy,Rome,Wildlife,237698,41054003.88,4.9,Yes,Shoulder,41.9028,12.4964
2023-09,UAE,Sharjah,Religious,19408,5520476.54,4.9,No,Off-Peak,25.3463,55.4209
2025-09,Brazil,Salvador,Beach,325928,91765212.65,3.7,Yes,Off-Peak,-12.9777,-38.5016
2025-05,Brazil,Sao Paulo,Beach,598954,200711921.01,3.8,Yes,Shoulder,-23.5505,-46.6333
2022-01,Brazil,Salvador,Luxury,454997,47624858.38,3.3,No,Off-Peak,-12.9777,-38.5016
2024-05,Thailand,Bangkok,Urban,249872,54313232.38,4.8,Yes,Off-Peak,13.7563,100.5018
2024-03,Australia,Melbourne,Historical,470734,199018844.97,4.0,Yes,Off-Peak,-37.8136,144.9631
2022-09,Brazil,Salvador,Religious,66432,10720944.77,3.2,No,Peak,-12.9777,-38.5016
2025-04,Thailand,Chiang Mai,Adventure,422824,133973755.63,4.7,No,Off-Peak,18.7883,98.9853
2022-12,USA,San Francisco,Religious,528131,199106298.19,4.7,No,Shoulder,37.7749,-122.4194
2023-05,Italy,Venice,Adventure,152679,24223895.6,4.1,Yes,Off-Peak,45.4408,12.3155
2023-08,France,Cannes,Historical,137140,47512718.81,3.8,No,Shoulder,43.5528,7.0174
2023-10,France,Lyon,Religious,565544,141192741.78,4.7,Yes,Off-Peak,45.764,4.8357
2024-01,Italy,Milan,Beach,595452,83360938.09,3.5,No,Peak,45.4642,9.19
2025-07,Japan,Kyoto,Adventure,237388,73499019.81,3.8,No,Off-Peak,35.0116,135.7681
2023-09,Italy,Venice,Adventure,91577,25127215.25,3.6,No,Peak,45.4408,12.3155
2022-12,Italy,Milan,Historical,416366,101497576.25,3.4,No,Peak,45.4642,9.19
2022-02,Brazil,Rio de Janeiro,Urban,142386,15974963.25,4.0,Yes,Peak,-22.9068,-43.1729
2024-02,Australia,Melbourne,Luxury,189646,57562441.59,4.1,Yes,Off-Peak,-37.8136,144.9631
2022-03,Japan,Kyoto,Nature,377193,47077722.16,3.6,Yes,Shoulder,35.0116,135.7681
2023-11,India,Delhi,Beach,562463,83486509.43,3.3,Yes,Shoulder,28.6139,77.209
2025-01,Brazil,Rio de Janeiro,Nature,116403,37005115.9,3.6,Yes,Off-Peak,-22.9068,-43.1729
2025-03,Brazil,Sao Paulo,Beach,93869,7581124.8,4.4,Yes,Shoulder,-23.5505,-46.6333
2024-04,Brazil,Salvador,Historical,363184,79686078.03,3.5,No,Off-Peak,-12.9777,-38.5016
2024-09,USA,San Francisco,Religious,72098,15208498.06,4.3,Yes,Shoulder,37.7749,-122.4194
2023-03,Thailand,Chiang Mai,Beach,154554,28699476.59,4.6,Yes,Peak,18.7883,98.9853
2025-06,Japan,Tokyo,Wildlife,408775,103103309.35,4.6,Yes,Off-Peak,35.6762,139.6503
2024-05,Australia,Perth,Urban,308694,120393966.25,4.0,Yes,Shoulder,-31.9505,115.8605
2025-08,USA,Orlando,Historical,210323,88419532.53,4.4,No,Off-Peak,28.5383,-81.3792
2023-10,UAE,Sharjah,Beach,453802,94164965.35,4.4,No,Peak,25.3463,55.4209
2024-12,Italy,Rome,Historical,172899,66376920.09,4.4,No,Shoulder,41.9028,12.4964
2025-11,India,Mysuru,Beach,82782,11397051.18,3.6,Yes,Off-Peak,12.2958,76.6394
2025-08,Thailand,Chiang Mai,Wildlife,578670,51440841.98,4.3,No,Shoulder,18.7883,98.9853
2023-04,UAE,Dubai,Adventure,356587,48471722.42,4.4,Yes,Shoulder,25.2048,55.2708
2022-09,Australia,Melbourne,Luxury,80090,30669033.15,4.1,No,Shoulder,-37.8136,144.9631
2023-03,Switzerland,Geneva,Wildlife,439199,48751781.52,3.7,Yes,Shoulder,46.2044,6.1432
2022-03,USA,Las Vegas,Beach,27621,11805632.34,3.6,No,Peak,36.1699,-115.1398
2025-09,Brazil,Salvador,Adventure,597025,240761999.43,4.5,Yes,Peak,-12.9777,-38.5016
2023-11,Italy,Florence,Luxury,463598,102267903.99,3.6,No,Shoulder,43.7696,11.2558
2025-07,USA,New York,Nature,519734,195698316.35,4.1,No,Shoulder,40.7128,-74.006
2024-10,France,Lyon,Adventure,225525,21483584.67,3.4,No,Shoulder,45.764,4.8357
2022-11,India,Mysuru,Luxury,375251,84574129.04,3.5,No,Peak,12.2958,76.6394
2024-08,Australia,Sydney,Adventure,156519,70052674.35,3.8,No,Peak,-33.8688,151.2093
2025-08,Japan,Nara,Luxury,388182,76155751.68,4.6,No,Off-Peak,34.6851,135.8048
2023-07,USA,San Francisco,Luxury,541146,75276011.39,3.7,No,Shoulder,37.7749,-122.4194
2023-08,Australia,Sydney,Luxury,27733,8636763.04,3.8,No,Shoulder,-33.8688,151.2093
2024-01,Italy,Milan,Religious,347874,138362312.77,3.5,Yes,Off-Peak,45.4642,9.19
2025-10,Italy,Milan,Wildlife,443190,64860658.83,4.9,No,Shoulder,45.4642,9.19
2023-05,India,Varanasi,Urban,230979,92529012.98,3.3,Yes,Off-Peak,25.3176,82.9739
2022-01,UAE,Sharjah,Adventure,394281,53037646.67,3.6,No,Off-Peak,25.3463,55.4209
2023-07,Switzerland,Lucerne,Religious,11556,5082471.22,4.5,No,Peak,47.0502,8.3093
2023-07,Australia,Sydney,Beach,549999,137397187.71,3.6,Yes,Peak,-33.8688,151.2093
2025-08,USA,San Francisco,Adventure,587484,215279615.59,3.5,Yes,Shoulder,37.7749,-122.4194
2022-05,India,Delhi,Luxury,337038,87848258.4,4.6,No,Peak,28.6139,77.209
2025-05,UAE,Dubai,Nature,431766,141720224.91,4.7,No,Peak,25.2048,55.2708
2022-09,India,Jaipur,Adventure,75635,6808258.34,4.9,Yes,Shoulder,26.9124,75.7873
2023-06,Switzerland,Geneva,Adventure,532831,119060209.92,3.7,Yes,Peak,46.2044,6.1432
2025-08,Japan,Nara,Luxury,478284,42322469.37,4.6,Yes,Shoulder,34.6851,135.8048
2024-08,Switzerland,Lucerne,Historical,430167,145398764.6,3.9,No,Shoulder,47.0502,8.3093
2025-03,USA,Orlando,Adventure,460989,40977279.91,5.0,No,Off-Peak,28.5383,-81.3792
2022-08,Brazil,Salvador,Nature,59524,7967965.68,4.3,Yes,Shoulder,-12.9777,-38.5016
2025-06,Japan,Osaka,Beach,57343,6230589.47,4.8,No,Off-Peak,34.6937,135.5023
2024-10,France,Cannes,Beach,366738,102734516.17,3.3,Yes,Off-Peak,43.5528,7.0174
2023-07,USA,New York,Beach,69226,12503428.79,3.3,No,Off-Peak,40.7128,-74.006
2025-08,Switzerland,Geneva,Nature,84532,32836117.45,3.5,Yes,Off-Peak,46.2044,6.1432
2024-07,Switzerland,Lucerne,Urban,232794,58079809.31,3.8,Yes,Peak,47.0502,8.3093
2024-02,India,Goa,Religious,113117,25013593.34,4.0,No,Off-Peak,15.2993,74.124
2022-06,Switzerland,Geneva,Beach,42844,5880941.49,4.0,Yes,Off-Peak,46.2044,6.1432
2025-06,Brazil,Salvador,Nature,590896,153030926.01,3.4,Yes,Peak,-12.9777,-38.5016
2024-10,Australia,Perth,Luxury,449903,54773178.56,4.2,No,Off-Peak,-31.9505,115.8605
2023-01,Thailand,Phuket,Nature,551639,76753728.92,3.3,Yes,Shoulder,7.8804,98.3923
2024-11,Australia,Sydney,Nature,354007,77429071.44,3.7,Yes,Shoulder,-33.8688,151.2093
2024-05,Australia,Perth,Adventure,348040,98081139.46,3.6,Yes,Peak,-31.9505,115.8605
2022-11,Brazil,Salvador,Urban,538913,74861629.86,3.9,Yes,Peak,-12.9777,-38.5016
2023-10,Thailand,Chiang Mai,Beach,510390,53396113.29,3.8,No,Off-Peak,18.7883,98.9853
2025-03,UAE,Sharjah,Nature,513430,41891355.71,4.8,Yes,Peak,25.3463,55.4209
2022-11,Italy,Florence,Wildlife,219442,32070289.37,4.6,No,Shoulder,43.7696,11.2558
2023-05,Switzerland,Lucerne,Religious,237761,25146549.0,3.9,Yes,Peak,47.0502,8.3093
2023-12,Australia,Melbourne,Urban,548014,130314204.49,4.9,Yes,Shoulder,-37.8136,144.9631
2024-11,Thailand,Bangkok,Wildlife,13025,1644703.33,4.5,Yes,Shoulder,13.7563,100.5018
2025-10,Thailand,Bangkok,Adventure,587557,253559334.69,4.6,No,Off-Peak,13.7563,100.5018
2023-07,France,Paris,Adventure,530612,105084833.6,4.4,No,Shoulder,48.8566,2.3522
2022-01,Switzerland,Geneva,Beach,213057,17724094.35,4.8,Yes,Peak,46.2044,6.1432
2022-10,India,Agra,Nature,297194,56236598.24,3.7,Yes,Shoulder,27.1767,78.0081
2025-09,India,Mumbai,Wildlife,511911,227605140.34,3.4,No,Peak,19.076,72.8777
2022-07,Brazil,Salvador,Luxury,502797,108082699.25,4.3,No,Off-Peak,-12.9777,-38.5016
2023-07,UAE,Abu Dhabi,Beach,431476,131464089.5,4.5,No,Shoulder,24.4539,54.3773
2023-06,Japan,Kyoto,Beach,306541,26504208.9,4.5,Yes,Peak,35.0116,135.7681
2025-08,USA,Las Vegas,Religious,403314,61554736.66,4.0,Yes,Shoulder,36.1699,-115.1398
2025-02,Italy,Venice,Historical,97530,35236462.44,3.6,Yes,Off-Peak,45.4408,12.3155
2024-07,India,Mumbai,Nature,303334,71554479.51,4.6,No,Off-Peak,19.076,72.8777
2023-10,Brazil,Rio de Janeiro,Beach,91629,32595367.63,3.4,Yes,Off-Peak,-22.9068,-43.1729
2022-02,Italy,Milan,Beach,14346,1861875.76,3.8,Yes,Shoulder,45.4642,9.19
2025-03,USA,San Francisco,Wildlife,357598,142860867.95,4.9,Yes,Peak,37.7749,-122.4194
2024-09,Australia,Gold Coast,Nature,537257,114176758.44,4.8,Yes,Peak,-28.0167,153.4
2025-01,USA,San Francisco,Historical,499921,191337152.93,3.9,No,Shoulder,37.7749,-122.4194
2022-10,UAE,Abu Dhabi,Beach,256726,103804761.64,3.4,No,Shoulder,24.4539,54.3773
2023-12,Italy,Milan,Adventure,448843,165224345.91,3.5,No,Shoulder,45.4642,9.19
2025-11,Australia,Gold Coast,Wildlife,179531,58855630.36,3.7,Yes,Peak,-28.0167,153.4
2024-02,Italy,Rome,Beach,577631,64667787.46,4.4,No,Peak,41.9028,12.4964
2024-12,Australia,Sydney,Religious,30257,5552983.79,4.7,No,Peak,-33.8688,151.2093
2025-11,UAE,Sharjah,Beach,217775,88257685.48,4.5,Yes,Peak,25.3463,55.4209
2024-01,Australia,Perth,Nature,232614,88480481.42,3.4,Yes,Peak,-31.9505,115.8605
2025-03,India,Goa,Nature,556890,58143550.84,4.0,Yes,Shoulder,15.2993,74.124
2022-03,India,Delhi,Adventure,562522,154631173.33,5.0,Yes,Off-Peak,28.6139,77.209
2024-11,USA,New York,Adventure,356380,110922391.48,3.3,Yes,Peak,40.7128,-74.006
2024-03,USA,Las Vegas,Luxury,470024,52996414.34,4.6,No,Peak,36.1699,-115.1398
2024-09,Switzerland,Lucerne,Historical,30933,4080752.39,3.4,No,Shoulder,47.0502,8.3093
2024-06,France,Lyon,Urban,322823,117691037.01,4.7,No,Shoulder,45.764,4.8357
2022-03,Japan,Tokyo,Religious,97565,32384344.81,4.9,Yes,Peak,35.6762,139.6503
2023-01,Brazil,Sao Paulo,Wildlife,526346,162604876.43,3.7,Yes,Peak,-23.5505,-46.6333
2025-12,Switzerland,Lucerne,Urban,135853,17901948.0,4.0,Yes,Off-Peak,47.0502,8.3093
2025-06,UAE,Sharjah,Beach,378270,136276760.9,3.4,No,Off-Peak,25.3463,55.4209
2024-09,Thailand,Chiang Mai,Wildlife,108068,27786985.25,4.8,Yes,Shoulder,18.7883,98.9853
2024-03,Switzerland,Lucerne,Nature,232272,55746119.41,4.1,No,Peak,47.0502,8.3093
2024-06,France,Cannes,Luxury,174308,25030994.67,3.5,No,Off-Peak,43.5528,7.0174
2025-09,UAE,Abu Dhabi,Beach,544726,158435796.47,4.4,No,Shoulder,24.4539,54.3773
2023-09,UAE,Dubai,Adventure,419369,62606207.65,4.9,Yes,Off-Peak,25.2048,55.2708
2025-01,USA,Las Vegas,Historical,338437,44052398.95,3.8,No,Off-Peak,36.1699,-115.1398
2023-09,Thailand,Bangkok,Wildlife,459908,101486662.36,3.2,Yes,Shoulder,13.7563,100.5018
2022-02,Australia,Sydney,Historical,337490,141687996.69,4.9,No,Peak,-33.8688,151.2093
2023-10,Thailand,Bangkok,Wildlife,411356,116837996.2,3.5,Yes,Peak,13.7563,100.5018
2023-11,Brazil,Sao Paulo,Historical,420741,116848940.6,4.0,Yes,Off-Peak,-23.5505,-46.6333
2022-04,Switzerland,Geneva,Religious,46290,16957466.25,3.2,Yes,Off-Peak,46.2044,6.1432
2024-05,USA,Las Vegas,Wildlife,553251,115820266.82,4.0,Yes,Shoulder,36.1699,-115.1398
2025-02,Japan,Tokyo,Nature,153159,13273770.58,3.4,Yes,Off-Peak,35.6762,139.6503
2024-02,India,Jaipur,Beach,536812,140945796.42,3.5,Yes,Off-Peak,26.9124,75.7873
2022-12,Brazil,Sao Paulo,Adventure,161484,26485461.64,3.5,Yes,Peak,-23.5505,-46.6333
2022-11,Switzerland,Zurich,Beach,408116,34708972.17,4.9,Yes,Peak,47.3769,8.5417
2024-01,Italy,Florence,Luxury,186153,24458706.86,4.5,No,Off-Peak,43.7696,11.2558
2022-02,Japan,Nara,Religious,307283,80840845.24,4.6,Yes,Shoulder,34.6851,135.8048
2025-07,USA,Orlando,Religious,415022,171602399.49,4.4,No,Off-Peak,28.5383,-81.3792
2024-08,India,Mysuru,Nature,574114,122801948.17,3.7,No,Peak,12.2958,76.6394
2023-06,USA,Orlando,Luxury,73769,23788072.75,4.8,No,Off-Peak,28.5383,-81.3792
2024-09,Switzerland,Zurich,Nature,285670,105990166.96,4.2,Yes,Shoulder,47.3769,8.5417
2024-03,Australia,Perth,Wildlife,172794,27622623.64,5.0,No,Shoulder,-31.9505,115.8605
2022-02,Australia,Melbourne,Wildlife,166750,42508249.97,4.1,Yes,Shoulder,-37.8136,144.9631
2022-11,Brazil,Sao Paulo,Luxury,260541,95211530.54,4.3,Yes,Shoulder,-23.5505,-46.6333
2025-11,USA,Orlando,Luxury,260700,117007956.36,4.4,Yes,Off-Peak,28.5383,-81.3792
2022-04,India,Delhi,Religious,339629,152145185.85,3.3,Yes,Shoulder,28.6139,77.209
2022-11,USA,San Francisco,Beach,490995,48569495.83,3.6,Yes,Shoulder,37.7749,-122.4194
2024-05,Japan,Tokyo,Nature,495146,207184426.29,4.1,Yes,Shoulder,35.6762,139.6503
2025-07,Australia,Gold Coast,Beach,367135,62201837.97,4.9,Yes,Off-Peak,-28.0167,153.4
2023-11,Italy,Florence,Historical,591253,124818546.78,4.4,Yes,Off-Peak,43.7696,11.2558
2024-12,Australia,Sydney,Historical,198977,38862435.74,3.8,Yes,Peak,-33.8688,151.2093
2025-08,Thailand,Chiang Mai,Nature,282687,108838662.07,4.6,No,Peak,18.7883,98.9853
2022-10,France,Paris,Nature,122100,39441173.38,4.2,No,Peak,48.8566,2.3522
2024-06,UAE,Abu Dhabi,Urban,198620,26838575.04,4.0,No,Peak,24.4539,54.3773
2024-10,Australia,Sydney,Religious,58595,15439007.18,4.2,No,Off-Peak,-33.8688,151.2093
2023-05,USA,Orlando,Luxury,89145,39350000.89,4.6,Yes,Shoulder,28.5383,-81.3792
2022-06,Japan,Osaka,Wildlife,103321,33709304.71,4.9,No,Off-Peak,34.6937,135.5023
2025-09,Australia,Melbourne,Beach,480797,202804180.21,4.0,No,Peak,-37.8136,144.9631
2024-06,Switzerland,Zurich,Nature,440927,75644012.78,3.7,Yes,Peak,47.3769,8.5417
2023-12,France,Lyon,Luxury,503731,174332465.59,4.6,Yes,Off-Peak,45.764,4.8357
2024-04,USA,New York,Beach,187242,50567945.55,4.1,No,Off-Peak,40.7128,-74.006
2024-04,Italy,Rome,Nature,67086,7447848.79,4.7,Yes,Peak,41.9028,12.4964
2024-04,Japan,Osaka,Wildlife,82336,35254564.13,3.8,Yes,Shoulder,34.6937,135.5023
2025-08,Australia,Melbourne,Luxury,136116,33084883.94,4.4,Yes,Peak,-37.8136,144.9631
2024-10,Japan,Osaka,Beach,245283,47627407.9,3.8,Yes,Shoulder,34.6937,135.5023
2022-10,USA,Las Vegas,Religious,64962,19806165.64,3.6,No,Off-Peak,36.1699,-115.1398
2022-12,India,Agra,Nature,584838,69955267.72,3.7,No,Off-Peak,27.1767,78.0081
2024-06,Australia,Perth,Adventure,401987,122348785.88,3.3,No,Off-Peak,-31.9505,115.8605
2025-05,Brazil,Rio de Janeiro,Urban,304093,46164518.57,3.4,Yes,Shoulder,-22.9068,-43.1729
2025-04,USA,Las Vegas,Religious,462051,75433905.7,4.6,Yes,Shoulder,36.1699,-115.1398
2022-08,Italy,Milan,Historical,512137,101739344.68,3.9,Yes,Shoulder,45.4642,9.19
2024-01,Thailand,Chiang Mai,Religious,137652,52210330.71,4.8,Yes,Peak,18.7883,98.9853
2022-10,Switzerland,Zurich,Historical,453120,160923995.36,4.5,No,Peak,47.3769,8.5417
2022-07,Brazil,Rio de Janeiro,Nature,169344,38426859.39,4.8,No,Off-Peak,-22.9068,-43.1729
2024-07,Japan,Nara,Historical,461287,168814500.28,3.8,No,Off-Peak,34.6851,135.8048
2023-11,India,Varanasi,Historical,311202,67863583.6,3.6,No,Off-Peak,25.3176,82.9739
2022-12,Australia,Sydney,Beach,15855,2036493.82,4.4,Yes,Shoulder,-33.8688,151.2093
2023-02,Thailand,Chiang Mai,Urban,40877,12918846.62,4.8,Yes,Shoulder,18.7883,98.9853
2024-02,Australia,Perth,Beach,479574,80551019.85,4.6,No,Peak,-31.9505,115.8605
2023-06,Brazil,Salvador,Luxury,220708,73582351.23,4.0,No,Off-Peak,-12.9777,-38.5016
2024-04,France,Nice,Historical,256756,24782550.53,4.8,Yes,Off-Peak,43.7102,7.262
2023-09,Italy,Rome,Historical,55822,9498851.21,3.7,Yes,Peak,41.9028,12.4964
2022-10,Switzerland,Geneva,Beach,172439,20082215.41,4.2,Yes,Off-Peak,46.2044,6.1432
2024-12,Japan,Kyoto,Nature,38057,12692096.63,3.3,No,Shoulder,35.0116,135.7681
2024-03,France,Cannes,Beach,238060,39969521.51,4.2,Yes,Shoulder,43.5528,7.0174
2025-03,Thailand,Bangkok,Beach,403852,101918899.07,4.1,No,Shoulder,13.7563,100.5018
2022-12,Thailand,Phuket,Beach,510563,48919310.98,3.8,Yes,Off-Peak,7.8804,98.3923
2022-01,France,Paris,Wildlife,501908,61349100.23,3.6,No,Peak,48.8566,2.3522
2022-07,Switzerland,Lucerne,Adventure,341216,54654575.5,3.2,No,Peak,47.0502,8.3093
2025-06,France,Paris,Urban,282695,60459589.42,4.9,No,Shoulder,48.8566,2.3522
2023-11,Thailand,Bangkok,Religious,419636,94044440.63,3.4,Yes,Off-Peak,13.7563,100.5018
2023-04,UAE,Abu Dhabi,Wildlife,87048,21333242.95,4.4,Yes,Shoulder,24.4539,54.3773
2022-10,Switzerland,Lucerne,Luxury,440446,74431647.36,3.8,Yes,Peak,47.0502,8.3093
2024-11,UAE,Abu Dhabi,Nature,467022,199784344.48,3.9,No,Peak,24.4539,54.3773
2024-11,Thailand,Bangkok,Wildlife,210098,74911007.97,4.7,Yes,Peak,13.7563,100.5018
2025-07,Italy,Venice,Luxury,307713,134077776.23,3.7,No,Off-Peak,45.4408,12.3155
2023-02,Italy,Milan,Nature,449871,36130910.48,4.9,Yes,Peak,45.4642,9.19
2025-08,Thailand,Phuket,Urban,106462,15375544.6,4.4,No,Peak,7.8804,98.3923
2025-03,USA,Las Vegas,Luxury,123168,54985827.5,4.5,Yes,Off-Peak,36.1699,-115.1398
2023-05,USA,San Francisco,Luxury,33535,6568892.1,4.2,No,Shoulder,37.7749,-122.4194
2023-02,Switzerland,Geneva,Luxury,27908,7924376.08,4.6,Yes,Peak,46.2044,6.1432
2023-03,India,Delhi,Wildlife,572577,190483326.72,4.9,Yes,Off-Peak,28.6139,77.209
2025-01,Japan,Tokyo,Adventure,366250,130503441.54,3.5,Yes,Shoulder,35.6762,139.6503
2024-01,Italy,Milan,Religious,65451,19725278.27,3.7,Yes,Off-Peak,45.4642,9.19
2025-02,India,Mysuru,Historical,157204,17343330.7,4.0,Yes,Shoulder,12.2958,76.6394
2022-08,Italy,Florence,Nature,508121,44489160.54,4.2,No,Shoulder,43.7696,11.2558
2024-07,Brazil,Sao Paulo,Religious,61023,20170769.36,4.1,No,Shoulder,-23.5505,-46.6333
2025-04,Thailand,Phuket,Beach,475596,93605766.57,4.9,Yes,Peak,7.8804,98.3923
2023-06,Thailand,Bangkok,Luxury,120740,44975064.56,5.0,No,Shoulder,13.7563,100.5018
2024-04,France,Paris,Historical,14870,3899373.85,4.3,No,Off-Peak,48.8566,2.3522
2023-01,Japan,Tokyo,Historical,432750,61545832.95,4.0,No,Off-Peak,35.6762,139.6503
2022-07,Thailand,Bangkok,Luxury,439548,132204122.76,4.3,Yes,Off-Peak,13.7563,100.5018
2022-06,Switzerland,Lucerne,Nature,79480,21813732.65,4.4,Yes,Off-Peak,47.0502,8.3093
2022-08,Switzerland,Zurich,Nature,54661,17377317.8,3.2,Yes,Off-Peak,47.3769,8.5417
2025-08,Thailand,Phuket,Adventure,202682,24832625.01,3.6,Yes,Off-Peak,7.8804,98.3923
2024-07,France,Nice,Religious,85616,15331387.65,3.3,Yes,Off-Peak,43.7102,7.262
2024-07,Brazil,Rio de Janeiro,Adventure,259460,78489073.47,4.5,No,Shoulder,-22.9068,-43.1729
2025-09,Australia,Melbourne,Luxury,363347,150573898.47,4.7,Yes,Shoulder,-37.8136,144.9631
2022-08,Brazil,Salvador,Adventure,579786,149745251.66,3.7,Yes,Shoulder,-12.9777,-38.5016
2023-10,Italy,Venice,Historical,342805,82972448.45,3.7,Yes,Off-Peak,45.4408,12.3155
2024-08,Switzerland,Zurich,Luxury,271402,111891230.94,4.8,Yes,Shoulder,47.3769,8.5417
2022-03,Italy,Venice,Historical,430528,145345820.56,3.9,No,Off-Peak,45.4408,12.3155
2025-11,USA,New York,Urban,223008,44107735.58,3.4,No,Peak,40.7128,-74.006
2024-07,India,Kerala,Luxury,14098,3847162.07,4.5,Yes,Shoulder,10.8505,76.2711
2023-12,Brazil,Sao Paulo,Wildlife,325711,42399821.32,3.7,Yes,Shoulder,-23.5505,-46.6333
2025-09,Brazil,Salvador,Historical,189383,47446849.14,4.3,Yes,Off-Peak,-12.9777,-38.5016
2024-09,France,Cannes,Historical,424912,44454610.53,3.6,No,Peak,43.5528,7.0174
2024-07,UAE,Abu Dhabi,Adventure,35181,4389844.24,4.4,No,Peak,24.4539,54.3773
2025-06,Italy,Florence,Adventure,144045,45971320.57,4.5,No,Peak,43.7696,11.2558
2022-04,Brazil,Salvador,Luxury,245683,80896646.09,3.6,Yes,Off-Peak,-12.9777,-38.5016
2022-07,Australia,Gold Coast,Historical,20116,6438347.08,3.8,No,Peak,-28.0167,153.4
2025-07,USA,Orlando,Beach,167845,23198950.04,3.7,No,Peak,28.5383,-81.3792
2024-03,Brazil,Sao Paulo,Religious,465553,158089760.44,4.9,Yes,Shoulder,-23.5505,-46.6333
2023-10,Switzerland,Geneva,Luxury,73289,32700566.39,3.2,No,Peak,46.2044,6.1432
2023-01,USA,San Francisco,Historical,373630,153929694.83,4.0,No,Off-Peak,37.7749,-122.4194
2022-06,Italy,Florence,Beach,345564,92670320.33,4.7,No,Peak,43.7696,11.2558
2023-09,France,Paris,Luxury,214331,42485600.0,3.7,Yes,Peak,48.8566,2.3522
2024-01,Italy,Venice,Luxury,508615,122133427.48,4.4,No,Shoulder,45.4408,12.3155
2023-03,Italy,Venice,Nature,368828,102824083.2,3.4,No,Peak,45.4408,12.3155
2025-04,France,Nice,Nature,22031,8148681.08,3.7,No,Shoulder,43.7102,7.262
2024-01,Italy,Florence,Luxury,7307,2405015.7,4.1,Yes,Off-Peak,43.7696,11.2558
2023-08,UAE,Dubai,Nature,216363,93542516.08,3.7,No,Off-Peak,25.2048,55.2708
2025-04,France,Cannes,Urban,462367,162157771.57,4.1,No,Off-Peak,43.5528,7.0174
2025-11,Italy,Florence,Adventure,266189,59087580.81,4.3,Yes,Shoulder,43.7696,11.2558
2024-05,Australia,Gold Coast,Urban,26835,4174315.65,4.7,Yes,Shoulder,-28.0167,153.4
2025-05,Australia,Melbourne,Religious,591617,180589955.71,4.8,No,Shoulder,-37.8136,144.9631
2025-03,India,Kerala,Luxury,452658,83673973.82,3.6,Yes,Off-Peak,10.8505,76.2711
2023-05,UAE,Abu Dhabi,Wildlife,51977,6554419.11,4.2,Yes,Peak,24.4539,54.3773
2022-09,India,Mumbai,Wildlife,292277,46337191.54,3.7,No,Shoulder,19.076,72.8777
2025-07,Brazil,Salvador,Luxury,426491,115599352.96,4.0,No,Shoulder,-12.9777,-38.5016
2024-06,Switzerland,Lucerne,Beach,275757,63748320.83,3.4,Yes,Off-Peak,47.0502,8.3093
2023-05,Brazil,Rio de Janeiro,Wildlife,94132,39161590.26,3.3,Yes,Shoulder,-22.9068,-43.1729
2023-10,USA,San Francisco,Luxury,112614,29027468.86,3.8,No,Shoulder,37.7749,-122.4194
2022-05,Australia,Sydney,Luxury,360159,154566784.48,4.4,No,Off-Peak,-33.8688,151.2093
2025-11,USA,Orlando,Adventure,595322,92651016.76,4.4,No,Shoulder,28.5383,-81.3792
2023-09,UAE,Sharjah,Beach,547242,222557336.31,5.0,No,Off-Peak,25.3463,55.4209
2024-03,India,Mumbai,Nature,433826,112471492.22,3.8,Yes,Shoulder,19.076,72.8777
2024-04,USA,Las Vegas,Historical,593240,150981170.1,4.5,Yes,Off-Peak,36.1699,-115.1398
2022-03,Thailand,Bangkok,Adventure,320267,64777911.24,5.0,Yes,Shoulder,13.7563,100.5018
2025-12,Australia,Perth,Adventure,453614,163101840.12,4.8,No,Shoulder,-31.9505,115.8605
2024-10,France,Cannes,Urban,266481,77812182.11,4.6,No,Shoulder,43.5528,7.0174
2023-09,India,Mysuru,Religious,210376,34011875.44,4.5,Yes,Peak,12.2958,76.6394
2024-12,France,Nice,Luxury,465613,140801560.25,3.4,Yes,Peak,43.7102,7.262
2025-10,USA,Orlando,Wildlife,159591,39909972.87,4.1,No,Peak,28.5383,-81.3792
2024-03,Japan,Nara,Adventure,348458,34530109.23,3.5,No,Peak,34.6851,135.8048
2023-02,USA,Orlando,Urban,299921,68711164.95,4.6,No,Shoulder,28.5383,-81.3792
2024-11,Japan,Kyoto,Historical,115049,37906130.19,3.5,Yes,Off-Peak,35.0116,135.7681
2022-06,Thailand,Chiang Mai,Wildlife,447162,153914875.13,4.5,Yes,Off-Peak,18.7883,98.9853
2023-08,Japan,Tokyo,Urban,473189,189542089.64,4.0,No,Peak,35.6762,139.6503
2023-04,UAE,Dubai,Luxury,411977,100713376.33,3.8,Yes,Shoulder,25.2048,55.2708
2024-08,Brazil,Salvador,Urban,517108,191286499.9,4.9,No,Shoulder,-12.9777,-38.5016
2023-07,USA,Orlando,Religious,256057,33590789.05,3.8,Yes,Off-Peak,28.5383,-81.3792
2023-04,Thailand,Phuket,Wildlife,33832,7579672.47,4.0,No,Off-Peak,7.8804,98.3923
2022-02,India,Delhi,Wildlife,162598,38350796.57,3.8,No,Shoulder,28.6139,77.209
2023-08,Thailand,Phuket,Historical,214422,23185793.98,4.6,Yes,Shoulder,7.8804,98.3923
2022-03,Japan,Tokyo,Beach,66015,19227587.62,3.7,Yes,Off-Peak,35.6762,139.6503
2025-11,Australia,Perth,Adventure,379413,64349286.29,3.7,No,Off-Peak,-31.9505,115.8605
2023-12,Japan,Osaka,Nature,448197,92563389.03,3.5,Yes,Shoulder,34.6937,135.5023
2022-03,Italy,Milan,Beach,455717,181753314.61,3.3,No,Peak,45.4642,9.19
2022-05,Brazil,Salvador,Beach,87503,30816504.18,4.7,No,Off-Peak,-12.9777,-38.5016
2025-01,France,Paris,Luxury,531242,206341185.47,5.0,Yes,Shoulder,48.8566,2.3522
2023-02,France,Lyon,Wildlife,531786,197502931.38,3.7,No,Peak,45.764,4.8357
2024-05,USA,Orlando,Luxury,498233,210068595.42,4.1,No,Shoulder,28.5383,-81.3792
2023-06,Thailand,Chiang Mai,Wildlife,5062,1777970.47,3.9,No,Shoulder,18.7883,98.9853
2025-10,Italy,Rome,Adventure,395976,85720187.28,3.8,No,Peak,41.9028,12.4964
2023-06,Switzerland,Lucerne,Adventure,76092,25834142.98,4.4,Yes,Shoulder,47.0502,8.3093
2024-04,Italy,Venice,Urban,525491,208349403.79,3.8,No,Shoulder,45.4408,12.3155
2022-10,Japan,Nara,Historical,188223,32703639.25,3.8,Yes,Peak,34.6851,135.8048
2022-03,Switzerland,Geneva,Urban,399365,103549269.34,4.0,Yes,Peak,46.2044,6.1432
2023-05,Switzerland,Lucerne,Wildlife,99674,35015074.09,4.1,Yes,Off-Peak,47.0502,8.3093
2022-09,Thailand,Phuket,Beach,322137,48176139.8,4.3,No,Peak,7.8804,98.3923
2024-09,India,Agra,Wildlife,241904,77095213.68,4.7,Yes,Shoulder,27.1767,78.0081
2024-08,UAE,Abu Dhabi,Wildlife,330156,63358634.86,3.6,Yes,Off-Peak,24.4539,54.3773
2022-10,France,Nice,Religious,14083,3805553.18,3.6,No,Off-Peak,43.7102,7.262
2023-02,Switzerland,Zurich,Religious,371227,117288175.19,4.4,No,Shoulder,47.3769,8.5417
2025-04,Brazil,Sao Paulo,Beach,365424,138595452.13,4.1,Yes,Peak,-23.5505,-46.6333
2023-12,Switzerland,Geneva,Historical,351336,77087413.42,3.8,Yes,Peak,46.2044,6.1432
2025-02,Switzerland,Zurich,Nature,106817,20838728.03,4.6,Yes,Shoulder,47.3769,8.5417
2024-11,India,Goa,Historical,210602,80676565.07,4.8,Yes,Off-Peak,15.2993,74.124
2022-11,Italy,Venice,Historical,331900,111180138.76,4.8,No,Shoulder,45.4408,12.3155
2022-12,Japan,Tokyo,Historical,111540,30177576.98,3.5,Yes,Off-Peak,35.6762,139.6503
2025-11,France,Paris,Luxury,315087,35480307.67,3.6,No,Shoulder,48.8566,2.3522
2022-04,Australia,Gold Coast,Historical,210287,41777566.17,3.3,Yes,Off-Peak,-28.0167,153.4
2024-05,USA,New York,Historical,476628,156589407.41,3.4,Yes,Shoulder,40.7128,-74.006
2023-08,UAE,Abu Dhabi,Religious,580699,115160549.47,3.9,No,Peak,24.4539,54.3773
2022-08,USA,Orlando,Adventure,323322,97360426.01,3.4,No,Shoulder,28.5383,-81.3792
2022-10,Brazil,Sao Paulo,Beach,362819,85001647.63,4.4,Yes,Peak,-23.5505,-46.6333
2025-06,UAE,Dubai,Luxury,406022,136142439.65,3.4,Yes,Shoulder,25.2048,55.2708
2022-11,Switzerland,Lucerne,Urban,143846,18639437.88,4.5,No,Shoulder,47.0502,8.3093
2022-09,Italy,Milan,Adventure,532913,178096971.97,4.3,No,Off-Peak,45.4642,9.19
2025-04,UAE,Dubai,Luxury,404537,175246756.04,3.3,Yes,Shoulder,25.2048,55.2708
2025-12,USA,San Francisco,Beach,95544,8036712.15,4.2,Yes,Shoulder,37.7749,-122.4194
2022-09,Australia,Perth,Wildlife,140797,13824552.74,3.6,Yes,Peak,-31.9505,115.8605
2024-12,India,Varanasi,Religious,285317,87821514.18,4.5,No,Peak,25.3176,82.9739
2022-10,Switzerland,Geneva,Religious,133027,14991844.08,3.8,Yes,Off-Peak,46.2044,6.1432
2025-10,Switzerland,Lucerne,Adventure,29188,12200735.14,4.9,No,Peak,47.0502,8.3093
2024-12,UAE,Dubai,Beach,307027,44272043.48,4.9,Yes,Off-Peak,25.2048,55.2708
2023-08,India,Mysuru,Wildlife,381032,67629866.39,4.9,No,Shoulder,12.2958,76.6394
2025-10,Brazil,Sao Paulo,Beach,48681,8526720.15,3.4,No,Off-Peak,-23.5505,-46.6333
2023-02,UAE,Sharjah,Beach,277194,31792569.65,3.9,No,Off-Peak,25.3463,55.4209
2024-12,Italy,Venice,Wildlife,544831,150597803.06,4.9,No,Shoulder,45.4408,12.3155
2025-09,UAE,Abu Dhabi,Nature,451240,48465653.08,3.9,Yes,Off-Peak,24.4539,54.3773
2022-06,Italy,Venice,Historical,29148,10952792.97,4.8,No,Peak,45.4408,12.3155
2025-07,USA,San Francisco,Wildlife,295554,122342743.95,3.3,Yes,Peak,37.7749,-122.4194
2023-10,Switzerland,Zurich,Historical,222385,80319536.51,4.5,No,Shoulder,47.3769,8.5417
2023-08,Japan,Kyoto,Historical,308927,92052489.73,4.6,No,Off-Peak,35.0116,135.7681
2023-12,Brazil,Salvador,Nature,55100,10679560.73,3.4,Yes,Shoulder,-12.9777,-38.5016
2024-07,Australia,Sydney,Nature,433699,137332412.82,4.7,No,Shoulder,-33.8688,151.2093
2024-08,Japan,Kyoto,Beach,417974,158368887.99,3.7,No,Shoulder,35.0116,135.7681
2023-10,Switzerland,Lucerne,Luxury,438975,146987981.07,3.5,Yes,Off-Peak,47.0502,8.3093
2022-11,Switzerland,Lucerne,Adventure,199585,68907626.1,4.8,Yes,Shoulder,47.0502,8.3093
2023-12,Japan,Kyoto,Nature,262393,25043242.85,4.8,No,Off-Peak,35.0116,135.7681
2025-08,Switzerland,Lucerne,Luxury,317502,82371015.04,3.9,No,Shoulder,47.0502,8.3093
2023-09,India,Mysuru,Nature,297072,76485078.12,3.7,No,Shoulder,12.2958,76.6394
2022-10,Australia,Perth,Historical,355982,58911059.99,4.3,Yes,Off-Peak,-31.9505,115.8605
2025-03,Australia,Gold Coast,Adventure,350771,147952870.5,4.5,No,Off-Peak,-28.0167,153.4
2023-06,Switzerland,Lucerne,Historical,484570,212134159.89,3.3,No,Shoulder,47.0502,8.3093
2024-04,UAE,Sharjah,Wildlife,169091,33749768.87,3.4,Yes,Shoulder,25.3463,55.4209
2023-05,Brazil,Sao Paulo,Religious,450016,73301893.82,4.3,No,Off-Peak,-23.5505,-46.6333
2023-08,France,Lyon,Historical,462001,141469148.55,4.0,No,Peak,45.764,4.8357
2023-02,India,Goa,Religious,598205,210847670.74,4.7,Yes,Peak,15.2993,74.124
2022-06,UAE,Dubai,Religious,44467,13027704.37,4.4,Yes,Peak,25.2048,55.2708
2024-10,USA,Las Vegas,Urban,137385,49589127.08,4.6,Yes,Off-Peak,36.1699,-115.1398
2024-01,Brazil,Rio de Janeiro,Luxury,507894,144607564.13,4.2,No,Off-Peak,-22.9068,-43.1729
2022-03,India,Jaipur,Urban,535737,44465884.41,3.6,No,Shoulder,26.9124,75.7873
2023-03,India,Jaipur,Wildlife,354850,126563595.54,3.9,No,Off-Peak,26.9124,75.7873
2023-09,Thailand,Bangkok,Urban,367723,66502440.75,4.8,No,Peak,13.7563,100.5018
2022-03,Brazil,Rio de Janeiro,Luxury,417038,108131957.22,3.7,No,Shoulder,-22.9068,-43.1729
2022-04,Italy,Milan,Religious,147640,52747802.65,3.9,No,Shoulder,45.4642,9.19
2025-03,Brazil,Rio de Janeiro,Adventure,117287,40220177.51,4.7,No,Off-Peak,-22.9068,-43.1729
2024-09,Thailand,Chiang Mai,Religious,166023,58607665.41,3.5,Yes,Off-Peak,18.7883,98.9853
2023-04,Australia,Melbourne,Beach,589143,193959849.25,4.0,No,Shoulder,-37.8136,144.9631
2024-01,Italy,Rome,Adventure,171424,40149291.47,3.6,No,Off-Peak,41.9028,12.4964
2023-06,Thailand,Chiang Mai,Urban,541869,193395033.97,3.2,Yes,Off-Peak,18.7883,98.9853
2025-09,Australia,Sydney,Historical,594904,181234798.57,3.3,No,Off-Peak,-33.8688,151.2093
2025-01,Australia,Sydney,Urban,165617,31567605.97,4.6,Yes,Off-Peak,-33.8688,151.2093
2023-06,Japan,Tokyo,Adventure,455304,124027079.15,4.4,Yes,Shoulder,35.6762,139.6503
2024-05,Australia,Perth,Wildlife,290331,69887907.91,3.9,No,Shoulder,-31.9505,115.8605
2023-12,India,Varanasi,Religious,24652,4735826.21,4.3,Yes,Shoulder,25.3176,82.9739
2024-11,USA,Las Vegas,Wildlife,457889,147980476.95,3.4,No,Shoulder,36.1699,-115.1398
2025-02,Italy,Venice,Urban,7802,2840257.6,4.7,Yes,Off-Peak,45.4408,12.3155
2023-08,UAE,Sharjah,Historical,257697,53584602.29,3.8,No,Off-Peak,25.3463,55.4209
2022-08,France,Paris,Historical,55057,23751934.15,4.4,No,Off-Peak,48.8566,2.3522
2023-04,Japan,Osaka,Historical,280597,107440440.65,4.4,No,Peak,34.6937,135.5023
2024-06,Italy,Florence,Religious,388026,88655257.09,3.4,No,Off-Peak,43.7696,11.2558
2024-02,Thailand,Phuket,Religious,104856,42356413.41,3.9,Yes,Shoulder,7.8804,98.3923
2022-10,Australia,Melbourne,Religious,254338,111321995.33,3.8,Yes,Shoulder,-37.8136,144.9631
2025-12,Brazil,Sao Paulo,Urban,514591,199743548.36,3.9,Yes,Shoulder,-23.5505,-46.6333
2022-10,UAE,Abu Dhabi,Urban,51463,16076312.48,3.4,Yes,Off-Peak,24.4539,54.3773
2025-12,Italy,Venice,Urban,228771,55887531.04,3.7,No,Peak,45.4408,12.3155
2025-05,USA,San Francisco,Historical,471184,82061220.61,5.0,No,Shoulder,37.7749,-122.4194
2024-12,Japan,Osaka,Religious,135532,46629573.17,4.2,Yes,Shoulder,34.6937,135.5023
2023-12,Japan,Nara,Luxury,302167,28318926.86,4.0,Yes,Shoulder,34.6851,135.8048
2022-05,UAE,Dubai,Wildlife,25232,5266821.83,4.4,Yes,Peak,25.2048,55.2708
2024-01,Thailand,Chiang Mai,Wildlife,41978,12254557.08,4.4,Yes,Off-Peak,18.7883,98.9853
2024-10,Switzerland,Geneva,Religious,191749,37604268.33,3.4,Yes,Peak,46.2044,6.1432
2025-02,Australia,Melbourne,Luxury,581378,142270615.32,4.4,No,Peak,-37.8136,144.9631
2023-12,UAE,Abu Dhabi,Religious,256818,87368316.99,4.3,Yes,Off-Peak,24.4539,54.3773
2022-09,India,Varanasi,Nature,139309,25066360.59,3.4,Yes,Peak,25.3176,82.9739
2025-04,Australia,Sydney,Beach,208266,22395247.63,3.5,No,Off-Peak,-33.8688,151.2093
2025-04,Italy,Milan,Nature,329802,79125735.68,4.7,Yes,Off-Peak,45.4642,9.19
2024-05,Thailand,Chiang Mai,Historical,439159,189609884.21,3.7,Yes,Peak,18.7883,98.9853
2025-08,India,Goa,Nature,483441,182595329.75,4.6,No,Off-Peak,15.2993,74.124
2022-02,Switzerland,Zurich,Adventure,413768,182262523.52,3.8,No,Peak,47.3769,8.5417
2025-10,Thailand,Chiang Mai,Historical,282260,37357525.83,4.1,No,Off-Peak,18.7883,98.9853
2022-09,Brazil,Rio de Janeiro,Adventure,97757,42432227.99,4.6,Yes,Peak,-22.9068,-43.1729
2022-11,USA,Las Vegas,Luxury,342925,37915536.03,3.4,No,Shoulder,36.1699,-115.1398
2023-10,Switzerland,Lucerne,Urban,158875,35889281.34,4.6,No,Off-Peak,47.0502,8.3093
2023-12,USA,Orlando,Nature,400881,58897230.02,4.4,No,Off-Peak,28.5383,-81.3792
2024-10,USA,New York,Historical,119688,44882792.13,4.4,No,Peak,40.7128,-74.006
2023-01,Japan,Nara,Beach,477011,159438682.29,3.5,Yes,Shoulder,34.6851,135.8048
2024-05,Switzerland,Zurich,Luxury,231899,62567900.67,4.6,No,Off-Peak,47.3769,8.5417
2025-07,France,Lyon,Adventure,405557,57325735.43,4.9,No,Shoulder,45.764,4.8357
2023-04,Switzerland,Zurich,Religious,212960,38072200.43,3.3,Yes,Peak,47.3769,8.5417
2024-11,Italy,Milan,Nature,182192,76015013.92,3.2,Yes,Shoulder,45.4642,9.19
2024-06,Thailand,Phuket,Wildlife,310219,30121537.3,4.2,No,Shoulder,7.8804,98.3923
2024-11,Thailand,Phuket,Nature,118673,43544381.98,3.9,No,Peak,7.8804,98.3923
2025-09,Thailand,Phuket,Historical,511231,161297566.59,3.5,Yes,Off-Peak,7.8804,98.3923
2024-11,Italy,Rome,Luxury,300634,86443770.91,4.4,Yes,Shoulder,41.9028,12.4964
2022-03,UAE,Sharjah,Nature,238172,97135553.6,4.4,No,Off-Peak,25.3463,55.4209
2025-04,Australia,Perth,Luxury,274172,69335144.89,3.4,Yes,Off-Peak,-31.9505,115.8605
2025-03,India,Mumbai,Beach,246897,55096142.35,4.8,Yes,Shoulder,19.076,72.8777
2023-03,Thailand,Chiang Mai,Urban,21217,2723301.74,4.7,Yes,Shoulder,18.7883,98.9853
2022-08,Brazil,Sao Paulo,Historical,60658,21402288.92,3.9,Yes,Peak,-23.5505,-46.6333
2025-02,UAE,Sharjah,Luxury,154109,38817336.05,3.2,No,Peak,25.3463,55.4209
2022-05,France,Lyon,Nature,263581,83269991.82,3.9,Yes,Off-Peak,45.764,4.8357
2022-09,Italy,Milan,Adventure,8614,1049531.41,4.2,Yes,Shoulder,45.4642,9.19
2023-06,Switzerland,Geneva,Beach,389657,51582359.25,4.7,Yes,Peak,46.2044,6.1432
2023-08,Australia,Melbourne,Nature,532942,177205291.3,4.3,Yes,Peak,-37.8136,144.9631
2023-04,UAE,Abu Dhabi,Religious,475427,187781647.92,4.1,No,Off-Peak,24.4539,54.3773
2025-09,UAE,Sharjah,Religious,233245,29198440.61,4.8,Yes,Off-Peak,25.3463,55.4209
2024-11,India,Jaipur,Nature,162854,24440702.68,4.2,No,Shoulder,26.9124,75.7873
2025-01,Brazil,Salvador,Beach,510613,216878172.12,3.8,No,Peak,-12.9777,-38.5016
2024-08,Thailand,Phuket,Beach,90402,13662532.44,3.8,No,Peak,7.8804,98.3923
2022-09,Brazil,Sao Paulo,Urban,82294,34294227.74,4.5,Yes,Off-Peak,-23.5505,-46.6333
2024-11,France,Cannes,Nature,270677,97845264.52,4.3,No,Peak,43.5528,7.0174
2024-12,Japan,Nara,Urban,408895,50155970.88,4.2,No,Off-Peak,34.6851,135.8048
2022-04,Thailand,Chiang Mai,Beach,461742,103188383.59,3.6,No,Shoulder,18.7883,98.9853
2025-08,Brazil,Salvador,Nature,482150,188916331.9,4.4,No,Peak,-12.9777,-38.5016
2022-12,India,Kerala,Urban,241766,71237155.69,4.0,No,Off-Peak,10.8505,76.2711
2022-08,Thailand,Phuket,Beach,361815,69400469.4,3.7,Yes,Shoulder,7.8804,98.3923
2022-08,USA,San Francisco,Historical,232768,103955597.56,3.9,No,Off-Peak,37.7749,-122.4194
2024-06,Italy,Milan,Religious,58964,22555058.2,4.5,No,Off-Peak,45.4642,9.19
2022-07,UAE,Dubai,Beach,115295,29875611.5,5.0,No,Off-Peak,25.2048,55.2708
2023-07,USA,San Francisco,Religious,384644,90307181.66,4.0,No,Peak,37.7749,-122.4194
2023-07,Italy,Milan,Religious,225293,40393764.66,5.0,Yes,Peak,45.4642,9.19
2023-05,Brazil,Rio de Janeiro,Luxury,537121,147986047.44,3.8,No,Peak,-22.9068,-43.1729
2025-06,UAE,Abu Dhabi,Luxury,195836,20570878.4,4.1,No,Shoulder,24.4539,54.3773
2024-05,Thailand,Bangkok,Wildlife,469371,113795320.32,3.9,Yes,Shoulder,13.7563,100.5018
2024-01,Japan,Nara,Nature,156325,41252743.29,4.3,No,Peak,34.6851,135.8048
2023-04,France,Paris,Religious,464071,58280356.91,4.2,No,Peak,48.8566,2.3522
2024-11,Italy,Rome,Adventure,431630,80432205.29,3.5,Yes,Shoulder,41.9028,12.4964
2023-02,Japan,Tokyo,Nature,155048,26873777.1,3.9,No,Shoulder,35.6762,139.6503
2023-05,India,Mysuru,Nature,598492,198471228.82,3.2,No,Shoulder,12.2958,76.6394
2024-05,Italy,Venice,Luxury,362589,72356055.93,3.5,No,Peak,45.4408,12.3155
2024-07,Italy,Florence,Beach,259216,23902908.87,3.9,No,Off-Peak,43.7696,11.2558
2023-07,Switzerland,Lucerne,Wildlife,357669,131819904.46,3.8,Yes,Peak,47.0502,8.3093
2022-01,Brazil,Salvador,Urban,550555,78005868.72,3.8,No,Peak,-12.9777,-38.5016
2023-04,Switzerland,Zurich,Wildlife,344721,79896993.24,5.0,Yes,Off-Peak,47.3769,8.5417
2024-12,Australia,Sydney,Luxury,507971,144131676.11,4.3,No,Shoulder,-33.8688,151.2093
2022-03,UAE,Dubai,Nature,194190,67418784.07,4.9,Yes,Peak,25.2048,55.2708
2022-03,Japan,Tokyo,Historical,508878,157716495.11,4.5,No,Shoulder,35.6762,139.6503
2025-02,UAE,Abu Dhabi,Adventure,223992,62668451.94,4.0,No,Peak,24.4539,54.3773
2025-09,Switzerland,Geneva,Historical,217842,37706570.81,3.5,No,Shoulder,46.2044,6.1432
2025-01,Australia,Perth,Historical,187117,47778286.04,4.4,No,Off-Peak,-31.9505,115.8605
2022-01,USA,New York,Nature,452857,68851609.73,3.5,Yes,Off-Peak,40.7128,-74.006
2022-06,India,Goa,Beach,344928,50412970.39,4.1,No,Shoulder,15.2993,74.124
2022-10,France,Nice,Adventure,27232,9540195.69,4.4,Yes,Peak,43.7102,7.262
2023-12,Thailand,Phuket,Urban,317011,33198849.74,3.7,No,Shoulder,7.8804,98.3923
2023-06,Italy,Rome,Luxury,63252,14773731.45,4.8,No,Shoulder,41.9028,12.4964
2022-11,India,Jaipur,Luxury,377781,125404402.87,4.2,No,Off-Peak,26.9124,75.7873
2025-11,Italy,Rome,Luxury,245975,24720192.43,4.2,No,Off-Peak,41.9028,12.4964
2022-01,Switzerland,Zurich,Religious,216459,57977414.58,4.1,Yes,Shoulder,47.3769,8.5417
2024-11,Switzerland,Zurich,Beach,422224,100367088.62,4.6,No,Off-Peak,47.3769,8.5417
2023-03,Thailand,Chiang Mai,Adventure,165986,37926853.81,3.3,No,Shoulder,18.7883,98.9853
2022-07,France,Cannes,Religious,12305,1186022.1,3.4,No,Off-Peak,43.5528,7.0174
2022-02,Brazil,Sao Paulo,Adventure,143657,30117272.91,4.2,Yes,Peak,-23.5505,-46.6333
2025-11,Switzerland,Zurich,Religious,581411,73688790.56,3.6,Yes,Shoulder,47.3769,8.5417
2025-01,Thailand,Bangkok,Nature,286702,102915069.64,4.3,Yes,Shoulder,13.7563,100.5018
2025-05,France,Lyon,Religious,566539,237017068.34,4.7,Yes,Off-Peak,45.764,4.8357
2023-07,Japan,Nara,Adventure,92327,40645147.93,4.8,No,Off-Peak,34.6851,135.8048
2023-08,Thailand,Phuket,Adventure,121076,23081915.08,4.7,Yes,Shoulder,7.8804,98.3923
2022-09,UAE,Dubai,Religious,409203,123774638.23,4.1,Yes,Shoulder,25.2048,55.2708
2025-06,France,Nice,Wildlife,319970,111739405.23,3.6,No,Shoulder,43.7102,7.262
2023-05,Thailand,Phuket,Urban,185198,27922239.42,3.8,No,Off-Peak,7.8804,98.3923
2024-08,Brazil,Sao Paulo,Adventure,549097,166558953.61,4.8,No,Off-Peak,-23.5505,-46.6333
2025-10,France,Lyon,Urban,430827,69981888.32,4.1,Yes,Peak,45.764,4.8357
2023-03,Brazil,Salvador,Urban,54152,22927709.88,4.4,No,Peak,-12.9777,-38.5016
2022-04,USA,San Francisco,Beach,444103,154000773.58,4.2,Yes,Shoulder,37.7749,-122.4194
2024-07,France,Cannes,Nature,376548,96703714.62,3.4,Yes,Off-Peak,43.5528,7.0174
2022-09,UAE,Sharjah,Religious,150144,26549760.88,3.5,Yes,Peak,25.3463,55.4209
2022-04,UAE,Sharjah,Historical,247146,85413161.8,3.7,Yes,Peak,25.3463,55.4209
2023-04,Australia,Melbourne,Historical,494434,212291374.1,3.4,No,Peak,-37.8136,144.9631
2022-05,Italy,Milan,Urban,330833,86610972.16,4.8,No,Shoulder,45.4642,9.19
2024-10,India,Goa,Urban,73970,9362625.3,4.3,Yes,Peak,15.2993,74.124
2023-08,Australia,Gold Coast,Adventure,475155,65774952.26,4.2,Yes,Shoulder,-28.0167,153.4
2025-09,Australia,Perth,Wildlife,440618,163637220.47,4.6,Yes,Off-Peak,-31.9505,115.8605
2022-11,Japan,Tokyo,Luxury,182010,66358073.6,3.5,No,Off-Peak,35.6762,139.6503
2022-01,Japan,Nara,Beach,345207,119541758.31,3.5,Yes,Shoulder,34.6851,135.8048
2023-08,India,Goa,Wildlife,458324,105613577.75,4.8,No,Off-Peak,15.2993,74.124
2024-08,Italy,Milan,Nature,532683,208573538.6,4.5,No,Off-Peak,45.4642,9.19
2025-06,India,Delhi,Nature,189587,23931216.01,4.3,Yes,Shoulder,28.6139,77.209
2023-12,India,Mysuru,Urban,469387,201861305.77,3.6,Yes,Off-Peak,12.2958,76.6394
2023-06,Japan,Nara,Religious,25158,9959008.33,4.5,Yes,Shoulder,34.6851,135.8048
2024-07,Australia,Melbourne,Nature,543322,110684655.0,3.6,Yes,Peak,-37.8136,144.9631
2023-03,Japan,Tokyo,Urban,509786,104986940.26,4.3,Yes,Peak,35.6762,139.6503
2023-08,Italy,Venice,Historical,448653,176185818.5,3.5,No,Off-Peak,45.4408,12.3155
2025-10,India,Mumbai,Wildlife,205149,28350471.01,3.6,No,Peak,19.076,72.8777
2022-04,Australia,Sydney,Adventure,424179,72941439.82,3.4,Yes,Peak,-33.8688,151.2093
2023-12,Thailand,Chiang Mai,Religious,99135,19824867.43,4.7,Yes,Shoulder,18.7883,98.9853
2022-10,USA,New York,Adventure,291662,119955784.97,4.7,No,Off-Peak,40.7128,-74.006
2022-06,UAE,Abu Dhabi,Adventure,79665,17318710.94,3.9,Yes,Peak,24.4539,54.3773
2022-03,Australia,Melbourne,Wildlife,540499,197367027.69,3.3,Yes,Peak,-37.8136,144.9631
2025-10,Australia,Sydney,Nature,371263,129872852.74,3.8,No,Peak,-33.8688,151.2093
2022-08,Brazil,Salvador,Religious,498298,167449262.87,4.7,No,Off-Peak,-12.9777,-38.5016
2024-04,Thailand,Bangkok,Nature,416389,60068580.59,4.1,Yes,Off-Peak,13.7563,100.5018
2024-04,UAE,Dubai,Historical,23297,8285410.24,3.4,Yes,Shoulder,25.2048,55.2708
2025-10,Switzerland,Lucerne,Luxury,387398,65026776.65,3.4,Yes,Off-Peak,47.0502,8.3093
2022-03,UAE,Dubai,Urban,332848,45574150.98,3.8,No,Shoulder,25.2048,55.2708
2024-06,Australia,Perth,Historical,472027,91217621.0,4.4,No,Peak,-31.9505,115.8605
2022-07,Switzerland,Zurich,Beach,44785,4886020.29,3.7,No,Shoulder,47.3769,8.5417
2025-03,France,Paris,Adventure,232068,60260890.68,4.1,Yes,Shoulder,48.8566,2.3522
2023-06,Brazil,Rio de Janeiro,Luxury,45123,14569501.13,3.9,Yes,Shoulder,-22.9068,-43.1729
2024-09,Switzerland,Zurich,Wildlife,432432,147829893.62,4.5,Yes,Shoulder,47.3769,8.5417
2023-11,Australia,Perth,Beach,52968,17188655.96,3.9,No,Shoulder,-31.9505,115.8605
2024-07,Switzerland,Zurich,Adventure,403661,110555482.07,3.2,Yes,Shoulder,47.3769,8.5417
2025-11,Thailand,Bangkok,Historical,6863,2258578.57,4.9,No,Off-Peak,13.7563,100.5018
2023-02,Italy,Venice,Religious,485354,114247835.34,3.2,Yes,Shoulder,45.4408,12.3155
2024-02,India,Kerala,Wildlife,57131,24700644.75,4.1,No,Peak,10.8505,76.2711
2025-03,USA,Orlando,Nature,302853,70356616.23,4.8,No,Off-Peak,28.5383,-81.3792
2022-03,Thailand,Phuket,Luxury,596710,131395376.08,4.1,No,Off-Peak,7.8804,98.3923
2023-10,Australia,Sydney,Wildlife,593446,243603475.04,3.4,No,Off-Peak,-33.8688,151.2093
2025-07,UAE,Dubai,Religious,373149,143207092.57,3.6,No,Peak,25.2048,55.2708
2023-02,France,Paris,Adventure,465215,40015597.45,3.3,No,Shoulder,48.8566,2.3522
2023-02,Australia,Perth,Nature,352368,128648230.66,4.5,No,Peak,-31.9505,115.8605
2024-01,India,Kerala,Wildlife,109251,36531321.61,4.1,Yes,Off-Peak,10.8505,76.2711
2024-12,France,Lyon,Wildlife,301926,99369929.77,3.2,Yes,Peak,45.764,4.8357
2023-12,USA,New York,Urban,150223,30749993.57,3.2,Yes,Off-Peak,40.7128,-74.006
2025-12,USA,New York,Beach,536922,175223932.63,4.3,Yes,Shoulder,40.7128,-74.006
2023-04,Thailand,Phuket,Wildlife,485507,63110428.56,3.9,No,Peak,7.8804,98.3923
2023-04,India,Kerala,Nature,300801,110034627.39,3.3,Yes,Shoulder,10.8505,76.2711
2023-09,France,Lyon,Adventure,239253,73590051.17,4.3,Yes,Peak,45.764,4.8357
2022-07,Thailand,Chiang Mai,Wildlife,296482,132494304.81,4.2,No,Off-Peak,18.7883,98.9853
2022-10,USA,San Francisco,Wildlife,411308,138396588.32,3.8,No,Peak,37.7749,-122.4194
2024-05,Italy,Florence,Religious,167742,52633994.29,3.3,Yes,Peak,43.7696,11.2558
2023-03,Japan,Tokyo,Urban,140936,13306133.74,3.9,No,Off-Peak,35.6762,139.6503
2022-06,France,Nice,Religious,381885,103835724.59,4.5,No,Peak,43.7102,7.262
2024-09,Switzerland,Lucerne,Beach,179065,36640507.51,3.9,No,Peak,47.0502,8.3093
2023-02,Switzerland,Zurich,Adventure,193421,50383221.49,4.2,No,Off-Peak,47.3769,8.5417
2024-01,Brazil,Rio de Janeiro,Nature,588924,137823029.07,3.8,No,Off-Peak,-22.9068,-43.1729
2023-07,Brazil,Sao Paulo,Urban,583452,112072062.71,3.2,Yes,Off-Peak,-23.5505,-46.6333
2024-11,Switzerland,Zurich,Luxury,268257,40457273.99,3.3,No,Peak,47.3769,8.5417
2023-12,Thailand,Bangkok,Beach,319786,52366426.03,3.3,Yes,Shoulder,13.7563,100.5018
2025-08,India,Agra,Luxury,403730,126601825.52,4.7,No,Peak,27.1767,78.0081
2022-01,Brazil,Rio de Janeiro,Luxury,433620,48370231.01,3.7,Yes,Shoulder,-22.9068,-43.1729
2022-07,Brazil,Salvador,Adventure,135170,47504948.57,4.7,No,Shoulder,-12.9777,-38.5016
2025-11,Brazil,Rio de Janeiro,Wildlife,323529,74866737.07,4.2,Yes,Off-Peak,-22.9068,-43.1729
2023-05,France,Paris,Historical,236152,43436468.26,3.6,Yes,Shoulder,48.8566,2.3522
2025-05,France,Paris,Historical,594680,116235364.04,4.9,No,Peak,48.8566,2.3522
2025-05,Japan,Kyoto,Historical,335157,81988009.96,4.3,Yes,Off-Peak,35.0116,135.7681
2024-09,USA,San Francisco,Religious,45425,10593386.44,4.2,No,Peak,37.7749,-122.4194
2023-07,UAE,Abu Dhabi,Wildlife,109949,30217263.86,3.3,Yes,Peak,24.4539,54.3773
2023-06,USA,Orlando,Religious,413656,105609050.99,4.9,Yes,Off-Peak,28.5383,-81.3792
2022-04,Australia,Perth,Wildlife,286850,99963853.04,3.2,Yes,Off-Peak,-31.9505,115.8605
2024-05,USA,Orlando,Beach,555777,168722440.26,3.6,Yes,Shoulder,28.5383,-81.3792
2022-06,Japan,Nara,Adventure,307965,117597522.04,3.9,No,Peak,34.6851,135.8048
2023-03,India,Mysuru,Adventure,22743,5409470.32,4.7,No,Peak,12.2958,76.6394
2024-08,France,Paris,Luxury,369571,62579929.69,4.4,Yes,Peak,48.8566,2.3522
2023-07,India,Mysuru,Luxury,353428,131163496.6,3.5,Yes,Off-Peak,12.2958,76.6394
2022-02,India,Mysuru,Beach,307640,56585013.82,3.7,No,Off-Peak,12.2958,76.6394
2024-01,Brazil,Sao Paulo,Urban,593702,159256562.71,4.1,No,Peak,-23.5505,-46.6333
2022-02,Japan,Nara,Beach,116698,49118266.96,4.0,No,Peak,34.6851,135.8048
2023-03,France,Cannes,Wildlife,514908,100861977.73,4.8,Yes,Peak,43.5528,7.0174
2022-07,India,Varanasi,Historical,558443,237161595.31,3.3,Yes,Shoulder,25.3176,82.9739
2023-06,UAE,Dubai,Beach,43287,6189255.11,3.4,No,Off-Peak,25.2048,55.2708
2025-02,France,Lyon,Luxury,355421,87313930.16,3.6,Yes,Shoulder,45.764,4.8357
2025-11,Switzerland,Geneva,Luxury,597072,265352507.87,4.9,No,Peak,46.2044,6.1432
2025-08,Japan,Tokyo,Beach,508363,194632418.16,4.5,No,Peak,35.6762,139.6503
2025-04,India,Goa,Adventure,331229,73648410.59,3.9,No,Peak,15.2993,74.124
2025-12,UAE,Sharjah,Wildlife,122092,39021818.96,4.0,Yes,Off-Peak,25.3463,55.4209
2025-09,Japan,Osaka,Adventure,453341,82067019.95,4.1,Yes,Peak,34.6937,135.5023
2024-01,Switzerland,Geneva,Religious,556605,244242222.88,3.6,Yes,Off-Peak,46.2044,6.1432
2025-07,UAE,Sharjah,Historical,480251,84757849.05,3.3,Yes,Off-Peak,25.3463,55.4209
2024-07,Brazil,Rio de Janeiro,Luxury,135409,32893258.47,3.3,Yes,Off-Peak,-22.9068,-43.1729
2023-03,Australia,Sydney,Religious,505895,127044292.39,3.4,Yes,Off-Peak,-33.8688,151.2093
2024-02,Italy,Florence,Nature,30687,13065027.92,3.9,No,Off-Peak,43.7696,11.2558
2025-02,USA,San Francisco,Wildlife,223760,19190316.11,4.9,No,Off-Peak,37.7749,-122.4194
2025-03,Thailand,Bangkok,Nature,246986,42654196.6,3.4,Yes,Shoulder,13.7563,100.5018
2025-12,Switzerland,Geneva,Adventure,421843,90267175.44,3.4,Yes,Off-Peak,46.2044,6.1432
2022-04,India,Agra,Beach,413347,40395107.0,3.3,Yes,Shoulder,27.1767,78.0081
2024-04,India,Jaipur,Historical,347572,81211211.42,4.7,No,Peak,26.9124,75.7873
2025-12,Switzerland,Geneva,Historical,269638,35469955.47,3.4,Yes,Peak,46.2044,6.1432
2024-10,India,Agra,Urban,207603,67766494.72,3.9,Yes,Shoulder,27.1767,78.0081
2022-09,Switzerland,Geneva,Nature,506294,166735728.71,3.6,Yes,Off-Peak,46.2044,6.1432
2025-08,USA,New York,Wildlife,522776,225323970.61,3.6,No,Off-Peak,40.7128,-74.006
2025-03,Australia,Perth,Adventure,78617,9967434.54,3.3,Yes,Peak,-31.9505,115.8605
2022-06,India,Mysuru,Luxury,228685,87842604.43,3.4,No,Peak,12.2958,76.6394
2023-01,Japan,Tokyo,Luxury,168096,29730370.09,3.4,No,Shoulder,35.6762,139.6503
2023-01,Japan,Nara,Religious,536358,224107813.01,4.3,Yes,Off-Peak,34.6851,135.8048
2022-01,Thailand,Phuket,Nature,292220,39308415.86,4.6,Yes,Shoulder,7.8804,98.3923
2025-07,Brazil,Salvador,Adventure,244196,107856247.93,3.5,Yes,Shoulder,-12.9777,-38.5016
2022-12,UAE,Abu Dhabi,Luxury,111639,45613850.12,3.6,No,Shoulder,24.4539,54.3773
2022-11,Brazil,Salvador,Adventure,341465,66864955.07,4.8,No,Off-Peak,-12.9777,-38.5016
2023-06,USA,Orlando,Nature,550507,207282885.88,4.5,No,Shoulder,28.5383,-81.3792
2022-08,Switzerland,Geneva,Historical,536938,57732990.82,4.6,Yes,Peak,46.2044,6.1432
2022-02,India,Mysuru,Beach,275012,54610670.32,4.1,Yes,Off-Peak,12.2958,76.6394
2025-05,Australia,Gold Coast,Luxury,63496,21492263.24,3.5,No,Shoulder,-28.0167,153.4
2022-11,Thailand,Chiang Mai,Religious,59662,17513010.38,4.4,Yes,Shoulder,18.7883,98.9853
2024-06,USA,San Francisco,Adventure,251814,30974391.6,3.5,No,Off-Peak,37.7749,-122.4194
2023-01,India,Kerala,Religious,157834,42335242.01,3.3,Yes,Peak,10.8505,76.2711
2025-07,Brazil,Sao Paulo,Wildlife,366444,92824160.44,3.6,No,Shoulder,-23.5505,-46.6333
2025-02,Japan,Osaka,Religious,517611,187658379.41,3.3,Yes,Off-Peak,34.6937,135.5023
2022-05,Thailand,Phuket,Historical,94483,24320791.89,3.6,No,Off-Peak,7.8804,98.3923
2024-04,India,Kerala,Adventure,558339,243257846.9,3.9,No,Off-Peak,10.8505,76.2711
2023-12,France,Paris,Urban,173100,60620455.72,3.5,Yes,Peak,48.8566,2.3522
2024-02,India,Goa,Nature,384053,35281854.31,4.9,Yes,Shoulder,15.2993,74.124
2022-09,Italy,Florence,Wildlife,590754,96040946.97,4.8,Yes,Peak,43.7696,11.2558
2024-10,India,Varanasi,Nature,552044,61162655.7,4.3,Yes,Shoulder,25.3176,82.9739
2024-11,UAE,Abu Dhabi,Religious,309724,41892643.36,3.2,Yes,Peak,24.4539,54.3773
2024-12,France,Cannes,Urban,28599,3745293.44,4.0,Yes,Off-Peak,43.5528,7.0174
2023-02,Italy,Milan,Luxury,455763,91476849.06,3.5,No,Off-Peak,45.4642,9.19
2022-02,Australia,Sydney,Religious,25430,10361470.87,3.3,Yes,Shoulder,-33.8688,151.2093
2022-09,USA,Orlando,Luxury,140159,56698797.96,3.6,Yes,Peak,28.5383,-81.3792
2024-05,Japan,Nara,Adventure,16256,2076390.46,3.8,Yes,Shoulder,34.6851,135.8048
2025-10,Switzerland,Zurich,Nature,7957,2608115.64,4.4,No,Peak,47.3769,8.5417
2025-01,Thailand,Phuket,Historical,219655,97268955.54,4.6,Yes,Shoulder,7.8804,98.3923
2025-10,India,Jaipur,Luxury,440728,71315082.43,4.0,No,Shoulder,26.9124,75.7873
2025-11,UAE,Sharjah,Urban,499136,41639125.17,3.6,Yes,Off-Peak,25.3463,55.4209
2022-05,Australia,Gold Coast,Beach,269997,60513852.1,4.0,No,Shoulder,-28.0167,153.4
2025-08,Thailand,Bangkok,Urban,37115,6953697.54,4.5,Yes,Peak,13.7563,100.5018
2024-03,Australia,Sydney,Urban,518594,68869010.21,4.9,Yes,Shoulder,-33.8688,151.2093
2022-07,India,Agra,Historical,315082,67019822.97,3.8,Yes,Shoulder,27.1767,78.0081
2022-07,Brazil,Sao Paulo,Nature,440895,55201176.41,4.7,No,Off-Peak,-23.5505,-46.6333
2022-09,Italy,Venice,Beach,175545,35112434.7,4.7,Yes,Off-Peak,45.4408,12.3155
2023-04,Thailand,Chiang Mai,Religious,323935,136330160.91,4.5,No,Off-Peak,18.7883,98.9853
2025-12,UAE,Dubai,Nature,361371,108574395.14,3.3,Yes,Peak,25.2048,55.2708
2023-09,France,Lyon,Religious,171888,45966404.67,4.0,Yes,Off-Peak,45.764,4.8357
2024-12,Thailand,Chiang Mai,Adventure,574689,131425856.99,3.6,No,Off-Peak,18.7883,98.9853
2023-04,Switzerland,Lucerne,Beach,24588,4284435.03,4.9,Yes,Shoulder,47.0502,8.3093
2024-11,Brazil,Sao Paulo,Luxury,128451,13479722.1,4.8,No,Peak,-23.5505,-46.6333
2025-09,Italy,Venice,Religious,390850,170043587.7,4.6,No,Shoulder,45.4408,12.3155
2025-12,Italy,Rome,Religious,346820,100059798.56,4.0,No,Off-Peak,41.9028,12.4964
2022-07,Brazil,Salvador,Nature,97550,36146583.18,5.0,Yes,Peak,-12.9777,-38.5016
2024-03,USA,Orlando,Adventure,495456,120691203.67,3.7,Yes,Peak,28.5383,-81.3792
2025-01,UAE,Dubai,Religious,581184,254647242.52,4.2,Yes,Peak,25.2048,55.2708
2022-08,Australia,Melbourne,Nature,195352,30186668.01,4.5,No,Peak,-37.8136,144.9631
2024-06,India,Kerala,Luxury,290521,96418320.54,3.3,Yes,Peak,10.8505,76.2711
2022-07,Thailand,Phuket,Historical,414380,147788378.28,4.5,No,Shoulder,7.8804,98.3923
2022-07,Brazil,Rio de Janeiro,Religious,494205,166791579.52,4.9,Yes,Peak,-22.9068,-43.1729
2025-12,Switzerland,Lucerne,Religious,514345,209096919.73,3.5,No,Shoulder,47.0502,8.3093
2024-02,Switzerland,Lucerne,Historical,541977,152868048.88,4.6,Yes,Shoulder,47.0502,8.3093
2022-04,Thailand,Phuket,Beach,259502,82695101.32,4.0,No,Shoulder,7.8804,98.3923
2023-09,USA,Orlando,Wildlife,295133,98301920.84,4.4,No,Off-Peak,28.5383,-81.3792
2024-05,USA,New York,Luxury,50314,14850994.58,4.7,No,Peak,40.7128,-74.006
2023-07,UAE,Sharjah,Nature,365038,69414071.22,4.0,No,Shoulder,25.3463,55.4209
2025-11,France,Cannes,Urban,37498,6461268.8,4.2,Yes,Shoulder,43.5528,7.0174
2024-06,Switzerland,Geneva,Luxury,61822,13269070.94,4.7,No,Shoulder,46.2044,6.1432
2024-03,Japan,Nara,Historical,350889,77200553.09,4.1,Yes,Off-Peak,34.6851,135.8048
2022-04,India,Varanasi,Wildlife,225741,72529963.47,3.4,No,Off-Peak,25.3176,82.9739
2023-09,UAE,Dubai,Beach,207695,65945216.99,3.2,Yes,Off-Peak,25.2048,55.2708
2023-01,Brazil,Rio de Janeiro,Nature,160831,55443869.65,4.1,No,Peak,-22.9068,-43.1729
2025-02,Japan,Kyoto,Religious,433658,55534876.29,4.2,Yes,Shoulder,35.0116,135.7681
2022-09,Italy,Venice,Luxury,96224,18914999.4,3.5,Yes,Off-Peak,45.4408,12.3155
2025-04,Australia,Sydney,Wildlife,303575,41794327.83,4.3,Yes,Peak,-33.8688,151.2093
2023-06,Italy,Venice,Wildlife,262600,68354932.0,3.7,No,Peak,45.4408,12.3155
2023-09,Brazil,Rio de Janeiro,Religious,379273,78710639.25,4.0,Yes,Peak,-22.9068,-43.1729
2022-08,India,Goa,Wildlife,436041,75455276.18,3.6,No,Off-Peak,15.2993,74.124
2024-02,Australia,Gold Coast,Historical,497943,180957162.29,3.4,Yes,Shoulder,-28.0167,153.4
2024-07,Brazil,Rio de Janeiro,Beach,159638,62548305.54,3.8,No,Shoulder,-22.9068,-43.1729
2022-11,UAE,Dubai,Adventure,166293,69069824.98,4.2,Yes,Shoulder,25.2048,55.2708
2023-07,India,Mumbai,Urban,409963,96390969.54,4.5,Yes,Shoulder,19.076,72.8777
2023-12,India,Delhi,Religious,393999,149787801.61,3.8,No,Peak,28.6139,77.209
2025-10,Italy,Milan,Religious,227556,54299513.88,4.1,No,Shoulder,45.4642,9.19
2023-02,Brazil,Salvador,Nature,331750,105855261.73,4.1,Yes,Shoulder,-12.9777,-38.5016
2025-08,Brazil,Rio de Janeiro,Luxury,280621,26121687.18,4.1,Yes,Off-Peak,-22.9068,-43.1729
2024-04,Brazil,Sao Paulo,Beach,154020,22792561.94,4.4,Yes,Peak,-23.5505,-46.6333
2023-10,Brazil,Sao Paulo,Beach,397717,90739967.15,4.0,Yes,Off-Peak,-23.5505,-46.6333
2023-10,Thailand,Bangkok,Historical,75396,10847831.54,3.3,Yes,Off-Peak,13.7563,100.5018
2024-04,USA,New York,Wildlife,484299,198948726.59,4.8,No,Peak,40.7128,-74.006
2025-08,France,Nice,Nature,254215,75659847.88,4.3,Yes,Shoulder,43.7102,7.262
2025-06,Brazil,Rio de Janeiro,Adventure,401282,48802197.06,4.7,Yes,Peak,-22.9068,-43.1729
2022-12,Thailand,Bangkok,Luxury,172368,16475929.52,3.3,Yes,Peak,13.7563,100.5018
2024-05,Switzerland,Zurich,Urban,490806,72284679.14,4.6,No,Off-Peak,47.3769,8.5417
2024-08,Brazil,Salvador,Wildlife,344896,128313661.9,4.8,Yes,Peak,-12.9777,-38.5016
2022-11,UAE,Dubai,Beach,163047,70957193.3,5.0,Yes,Off-Peak,25.2048,55.2708
2023-07,Brazil,Salvador,Urban,60591,14172488.77,4.0,No,Peak,-12.9777,-38.5016
2022-01,USA,San Francisco,Luxury,433187,165839240.48,4.7,No,Off-Peak,37.7749,-122.4194
2023-10,Thailand,Bangkok,Adventure,274557,58717103.62,3.6,No,Shoulder,13.7563,100.5018
2024-12,USA,San Francisco,Urban,523854,44640104.49,3.2,No,Off-Peak,37.7749,-122.4194
2024-06,Australia,Perth,Beach,495841,222029046.87,3.4,No,Peak,-31.9505,115.8605
2024-02,Switzerland,Geneva,Beach,167595,62740731.24,3.4,Yes,Off-Peak,46.2044,6.1432
2022-08,France,Cannes,Wildlife,274649,24699992.72,3.8,No,Peak,43.5528,7.0174
2023-10,Switzerland,Geneva,Luxury,39891,13945703.86,3.9,Yes,Peak,46.2044,6.1432
2023-08,France,Cannes,Wildlife,401360,176069898.05,4.2,No,Shoulder,43.5528,7.0174
2025-02,France,Nice,Nature,493858,203518776.26,4.8,No,Peak,43.7102,7.262
2023-04,Switzerland,Lucerne,Religious,383497,126068116.83,3.7,No,Peak,47.0502,8.3093
2025-08,France,Paris,Urban,588392,168151167.32,4.1,Yes,Shoulder,48.8566,2.3522
2025-09,France,Cannes,Luxury,6231,1618705.28,4.8,No,Peak,43.5528,7.0174
2025-06,India,Varanasi,Historical,495040,172311802.0,3.3,No,Peak,25.3176,82.9739
2024-04,USA,Las Vegas,Religious,240861,84504520.18,4.3,No,Shoulder,36.1699,-115.1398
2022-06,Italy,Florence,Beach,437310,87979574.08,3.3,Yes,Shoulder,43.7696,11.2558
2022-04,India,Goa,Historical,496763,130973551.84,4.5,Yes,Shoulder,15.2993,74.124
2022-04,Italy,Rome,Adventure,395305,82526150.8,3.7,No,Peak,41.9028,12.4964
2022-06,Japan,Kyoto,Beach,39364,17564617.55,3.5,No,Off-Peak,35.0116,135.7681
2023-06,Brazil,Salvador,Wildlife,501365,165221021.67,4.4,No,Shoulder,-12.9777,-38.5016
2025-03,Japan,Nara,Wildlife,341898,121996541.75,3.7,Yes,Off-Peak,34.6851,135.8048
2025-07,Italy,Milan,Adventure,275443,27758551.36,3.4,No,Peak,45.4642,9.19
2023-07,Australia,Melbourne,Beach,467221,200077289.83,4.6,No,Peak,-37.8136,144.9631
2025-04,Japan,Kyoto,Nature,485862,194979993.34,4.6,No,Shoulder,35.0116,135.7681
2024-01,Brazil,Salvador,Historical,474016,168328134.92,4.8,Yes,Shoulder,-12.9777,-38.5016
2022-06,Australia,Gold Coast,Wildlife,525517,100602921.57,4.4,No,Shoulder,-28.0167,153.4
2024-09,USA,San Francisco,Historical,546286,99294039.04,4.3,Yes,Shoulder,37.7749,-122.4194
2024-09,India,Kerala,Luxury,358799,51393906.17,4.5,No,Off-Peak,10.8505,76.2711
2022-02,USA,Orlando,Luxury,351765,55356167.13,3.7,Yes,Off-Peak,28.5383,-81.3792
2022-07,Italy,Milan,Historical,119588,13572734.94,4.9,No,Shoulder,45.4642,9.19
2025-08,France,Lyon,Luxury,435292,179303320.66,4.3,No,Shoulder,45.764,4.8357
2023-04,Japan,Kyoto,Religious,85084,32833790.84,3.9,Yes,Peak,35.0116,135.7681
2025-06,Thailand,Chiang Mai,Urban,213204,71738154.82,4.7,Yes,Peak,18.7883,98.9853
2023-05,Italy,Venice,Adventure,443924,92372235.44,4.9,No,Shoulder,45.4408,12.3155
2023-10,Italy,Rome,Urban,356216,100545565.66,3.5,No,Shoulder,41.9028,12.4964
2023-07,France,Nice,Wildlife,72358,31804585.42,3.7,No,Off-Peak,43.7102,7.262
2023-07,USA,San Francisco,Adventure,10158,3007109.36,4.9,Yes,Off-Peak,37.7749,-122.4194
2022-12,Switzerland,Geneva,Historical,502486,88956443.2,3.3,Yes,Off-Peak,46.2044,6.1432
2023-11,Australia,Sydney,Adventure,289608,89764886.29,4.8,No,Off-Peak,-33.8688,151.2093
2024-10,UAE,Sharjah,Wildlife,532902,158901627.04,4.2,No,Off-Peak,25.3463,55.4209
2023-10,Australia,Gold Coast,Urban,297322,120976376.92,4.6,Yes,Peak,-28.0167,153.4
2025-04,USA,New York,Adventure,126159,43796874.43,4.2,Yes,Off-Peak,40.7128,-74.006
2022-12,India,Mumbai,Wildlife,461093,93676759.45,5.0,Yes,Off-Peak,19.076,72.8777
2025-03,UAE,Dubai,Beach,545994,66079234.1,4.7,No,Off-Peak,25.2048,55.2708
2024-04,Thailand,Chiang Mai,Religious,259176,59775242.56,4.9,Yes,Off-Peak,18.7883,98.9853
2022-09,UAE,Sharjah,Adventure,426593,144809259.46,3.6,Yes,Off-Peak,25.3463,55.4209
2025-04,India,Mysuru,Urban,356574,96927588.39,4.8,Yes,Peak,12.2958,76.6394
2025-10,UAE,Dubai,Adventure,142698,35149221.93,4.9,Yes,Peak,25.2048,55.2708
2025-08,India,Kerala,Adventure,466365,176807236.3,4.8,No,Peak,10.8505,76.2711
2023-07,Switzerland,Geneva,Urban,174818,43517489.69,4.8,No,Peak,46.2044,6.1432
2025-05,France,Paris,Historical,141376,22279664.52,4.5,No,Shoulder,48.8566,2.3522
2022-04,Italy,Milan,Luxury,570797,133562317.43,3.8,No,Off-Peak,45.4642,9.19
2024-09,Brazil,Salvador,Luxury,352423,77315376.1,3.8,No,Shoulder,-12.9777,-38.5016
2022-02,USA,New York,Adventure,553285,172922113.07,4.2,Yes,Off-Peak,40.7128,-74.006
2025-07,Italy,Rome,Luxury,184679,44347480.64,3.3,No,Shoulder,41.9028,12.4964
2023-08,USA,San Francisco,Adventure,556521,155067365.42,4.8,No,Off-Peak,37.7749,-122.4194
2022-03,India,Mumbai,Nature,166601,18212773.37,3.6,Yes,Shoulder,19.076,72.8777
2022-06,Switzerland,Lucerne,Adventure,487629,76828400.14,3.5,Yes,Peak,47.0502,8.3093
2024-04,UAE,Abu Dhabi,Urban,553357,70224946.41,4.0,No,Shoulder,24.4539,54.3773
2024-11,UAE,Dubai,Religious,453240,67476768.18,3.5,No,Shoulder,25.2048,55.2708
2022-10,UAE,Dubai,Beach,260014,69463525.1,4.8,No,Shoulder,25.2048,55.2708
2022-06,Japan,Osaka,Beach,463889,106916655.19,4.4,Yes,Peak,34.6937,135.5023
2024-07,USA,Orlando,Nature,391172,80810485.59,4.0,Yes,Shoulder,28.5383,-81.3792
2025-06,Italy,Milan,Beach,528979,53265978.25,3.8,No,Shoulder,45.4642,9.19
2022-04,Australia,Perth,Adventure,233929,85875611.61,3.6,Yes,Peak,-31.9505,115.8605
2022-02,Switzerland,Geneva,Urban,474932,162616119.08,4.6,Yes,Shoulder,46.2044,6.1432
2023-10,Italy,Florence,Urban,363804,151360460.47,4.1,Yes,Shoulder,43.7696,11.2558
2023-07,Thailand,Phuket,Historical,45556,5397457.26,4.1,Yes,Off-Peak,7.8804,98.3923
2024-02,Brazil,Sao Paulo,Wildlife,304357,50569910.58,3.9,No,Off-Peak,-23.5505,-46.6333
2023-06,Brazil,Rio de Janeiro,Urban,316448,112676792.35,4.0,Yes,Peak,-22.9068,-43.1729
2025-09,Italy,Venice,Adventure,78980,14600770.99,4.3,No,Shoulder,45.4408,12.3155
2022-02,Thailand,Chiang Mai,Beach,463965,150286206.92,4.0,Yes,Peak,18.7883,98.9853
2025-02,Brazil,Sao Paulo,Urban,332979,144775339.11,4.0,Yes,Off-Peak,-23.5505,-46.6333
2025-03,UAE,Dubai,Religious,587125,91792134.11,3.4,Yes,Peak,25.2048,55.2708
2023-04,Japan,Tokyo,Wildlife,128027,14558390.84,4.6,Yes,Shoulder,35.6762,139.6503
2024-04,Japan,Kyoto,Beach,378139,75088323.94,4.8,Yes,Peak,35.0116,135.7681
2022-08,Switzerland,Lucerne,Religious,22729,8702604.75,3.6,No,Peak,47.0502,8.3093
2022-02,Australia,Perth,Adventure,485650,153115023.34,4.0,Yes,Shoulder,-31.9505,115.8605
2024-01,Thailand,Bangkok,Religious,339254,103478097.05,4.4,No,Off-Peak,13.7563,100.5018
2023-11,Brazil,Salvador,Wildlife,315184,64937940.28,3.8,No,Off-Peak,-12.9777,-38.5016
2025-06,India,Mumbai,Nature,344958,115451131.78,3.9,Yes,Off-Peak,19.076,72.8777
2023-12,France,Lyon,Urban,543911,224146334.0,4.2,No,Peak,45.764,4.8357
2022-10,Australia,Melbourne,Beach,389799,167102761.47,4.8,Yes,Peak,-37.8136,144.9631
2022-07,UAE,Sharjah,Historical,333555,101999653.74,4.5,Yes,Off-Peak,25.3463,55.4209
2025-10,Australia,Perth,Urban,314745,62406912.59,3.3,Yes,Peak,-31.9505,115.8605
2025-04,Italy,Milan,Urban,409453,102934387.65,3.2,Yes,Off-Peak,45.4642,9.19
2025-08,India,Kerala,Nature,384978,55341381.27,4.9,Yes,Shoulder,10.8505,76.2711
2025-12,USA,Orlando,Adventure,15073,4455840.05,5.0,No,Peak,28.5383,-81.3792
2022-06,USA,New York,Adventure,267683,100373164.21,3.4,Yes,Off-Peak,40.7128,-74.006
2025-01,Italy,Florence,Religious,506424,149753626.3,3.3,Yes,Off-Peak,43.7696,11.2558
2022-06,Thailand,Chiang Mai,Adventure,270164,101629370.31,4.4,Yes,Off-Peak,18.7883,98.9853
2022-06,USA,San Francisco,Historical,13557,5873982.09,4.6,Yes,Off-Peak,37.7749,-122.4194
2025-10,Japan,Osaka,Religious,531741,135597605.33,3.6,No,Shoulder,34.6937,135.5023
2024-11,Italy,Milan,Luxury,453286,50885054.52,4.1,No,Peak,45.4642,9.19
2022-02,France,Paris,Adventure,163059,50404953.56,4.8,Yes,Shoulder,48.8566,2.3522
2022-06,France,Nice,Urban,46349,13861285.76,3.7,Yes,Peak,43.7102,7.262
2024-12,Brazil,Salvador,Historical,58204,17112348.65,4.4,No,Off-Peak,-12.9777,-38.5016
2025-01,Italy,Venice,Historical,127701,42161397.25,4.8,Yes,Shoulder,45.4408,12.3155
2023-01,Italy,Rome,Religious,232497,52368875.67,4.2,Yes,Peak,41.9028,12.4964
2024-04,Thailand,Bangkok,Luxury,249847,65197764.09,5.0,Yes,Off-Peak,13.7563,100.5018
2025-09,France,Paris,Historical,233227,72020693.78,4.8,No,Off-Peak,48.8566,2.3522
2022-08,India,Mumbai,Nature,36638,12720914.24,4.6,Yes,Peak,19.076,72.8777
2024-04,USA,Orlando,Beach,390749,169786443.69,3.3,No,Off-Peak,28.5383,-81.3792
2024-06,Australia,Sydney,Religious,525021,187914363.44,3.5,No,Peak,-33.8688,151.2093
2025-12,Japan,Tokyo,Nature,400653,49496113.37,3.2,Yes,Shoulder,35.6762,139.6503
2025-11,Thailand,Chiang Mai,Historical,533302,60979959.59,5.0,Yes,Off-Peak,18.7883,98.9853
2025-01,Thailand,Bangkok,Luxury,202093,80452021.47,3.6,No,Off-Peak,13.7563,100.5018
2023-11,Thailand,Bangkok,Urban,19328,4425332.33,4.3,No,Off-Peak,13.7563,100.5018
2023-04,Brazil,Rio de Janeiro,Nature,148576,49818730.47,3.3,No,Peak,-22.9068,-43.1729
2025-02,Australia,Sydney,Wildlife,32711,13105979.01,3.3,Yes,Shoulder,-33.8688,151.2093
2022-12,UAE,Dubai,Nature,266774,50780554.24,4.7,No,Off-Peak,25.2048,55.2708
2023-07,Switzerland,Geneva,Nature,312392,97006760.79,4.4,Yes,Off-Peak,46.2044,6.1432
2022-12,Australia,Sydney,Adventure,521830,143034439.14,4.8,Yes,Shoulder,-33.8688,151.2093
2023-11,Australia,Gold Coast,Religious,292674,131588097.47,3.4,Yes,Shoulder,-28.0167,153.4
2023-08,UAE,Dubai,Adventure,230203,84706792.57,3.6,No,Shoulder,25.2048,55.2708
2025-10,Switzerland,Zurich,Wildlife,579414,88254754.11,4.8,Yes,Peak,47.3769,8.5417
2023-05,Japan,Tokyo,Nature,39122,9081858.46,4.0,No,Off-Peak,35.6762,139.6503
2024-04,UAE,Abu Dhabi,Wildlife,547387,234927637.98,3.7,No,Peak,24.4539,54.3773
2022-03,Thailand,Bangkok,Luxury,141597,23272094.48,4.0,No,Peak,13.7563,100.5018
2024-02,Brazil,Sao Paulo,Beach,509140,63681429.71,3.8,No,Peak,-23.5505,-46.6333
2025-12,Switzerland,Zurich,Urban,121295,21060776.4,3.3,No,Peak,47.3769,8.5417
2025-10,Switzerland,Zurich,Nature,331742,112834607.7,4.8,Yes,Off-Peak,47.3769,8.5417
2022-07,Switzerland,Geneva,Urban,129007,28779252.04,3.3,Yes,Off-Peak,46.2044,6.1432
2025-03,France,Paris,Adventure,546481,124530666.08,4.5,No,Off-Peak,48.8566,2.3522
2023-11,Australia,Gold Coast,Urban,402498,58328592.94,3.9,Yes,Off-Peak,-28.0167,153.4
2024-08,Switzerland,Geneva,Wildlife,247718,28021066.36,3.7,Yes,Peak,46.2044,6.1432
2023-06,USA,Orlando,Religious,335050,131879650.09,3.8,No,Off-Peak,28.5383,-81.3792
2022-01,India,Goa,Historical,247081,28242558.77,4.9,Yes,Peak,15.2993,74.124
2024-10,Thailand,Bangkok,Luxury,236259,88821303.83,4.0,No,Shoulder,13.7563,100.5018
2025-12,Italy,Rome,Nature,471638,105889418.76,4.2,No,Shoulder,41.9028,12.4964
2022-02,India,Mumbai,Nature,477888,83962995.64,4.6,Yes,Off-Peak,19.076,72.8777
2022-08,Australia,Sydney,Historical,575001,86204771.8,4.6,No,Peak,-33.8688,151.2093
2025-05,Japan,Osaka,Urban,558323,160757930.07,3.5,No,Off-Peak,34.6937,135.5023
2022-12,India,Goa,Wildlife,445373,188545294.85,3.8,No,Shoulder,15.2993,74.124
2025-03,France,Lyon,Religious,195046,34012262.96,4.3,No,Off-Peak,45.764,4.8357
2022-09,Brazil,Sao Paulo,Historical,312949,138623729.51,4.6,No,Shoulder,-23.5505,-46.6333
2024-07,Australia,Perth,Religious,141766,20182622.23,3.2,Yes,Peak,-31.9505,115.8605
2025-06,UAE,Sharjah,Wildlife,75083,11693175.47,3.8,No,Shoulder,25.3463,55.4209
2023-09,Australia,Melbourne,Historical,250613,95724751.06,4.5,Yes,Peak,-37.8136,144.9631
2025-03,UAE,Abu Dhabi,Wildlife,544373,188254963.24,4.4,Yes,Peak,24.4539,54.3773
2024-06,France,Cannes,Historical,18379,2323408.48,4.5,No,Shoulder,43.5528,7.0174
2022-05,Australia,Perth,Nature,429710,40888204.83,3.7,No,Shoulder,-31.9505,115.8605
2022-12,USA,New York,Nature,307429,60240811.51,3.8,Yes,Shoulder,40.7128,-74.006
2022-11,Japan,Kyoto,Wildlife,511874,175976376.92,4.7,No,Shoulder,35.0116,135.7681
2022-04,Switzerland,Zurich,Adventure,223228,52098227.77,3.8,No,Shoulder,47.3769,8.5417
2022-07,Thailand,Chiang Mai,Historical,500298,103267010.99,4.2,Yes,Shoulder,18.7883,98.9853
2025-03,Thailand,Bangkok,Urban,552084,59075306.36,4.5,Yes,Off-Peak,13.7563,100.5018
2024-03,Brazil,Rio de Janeiro,Historical,126628,13694139.05,4.9,No,Off-Peak,-22.9068,-43.1729
2022-07,UAE,Sharjah,Nature,90695,9280795.47,4.2,No,Off-Peak,25.3463,55.4209
2023-02,Italy,Florence,Religious,518249,227472562.03,3.5,No,Shoulder,43.7696,11.2558
2025-08,Thailand,Phuket,Wildlife,591749,147725250.47,3.3,Yes,Shoulder,7.8804,98.3923
2022-12,Italy,Florence,Religious,259018,109985763.15,3.5,Yes,Shoulder,43.7696,11.2558
2024-07,Italy,Venice,Beach,430909,132447097.38,4.4,No,Shoulder,45.4408,12.3155
2024-04,India,Agra,Religious,572429,238650731.52,4.7,Yes,Shoulder,27.1767,78.0081
2024-03,Australia,Perth,Urban,71246,16310281.47,4.7,Yes,Peak,-31.9505,115.8605
2025-08,India,Goa,Wildlife,203088,16970382.43,4.6,Yes,Off-Peak,15.2993,74.124
2024-10,India,Kerala,Beach,516094,142060040.57,4.1,No,Shoulder,10.8505,76.2711
2022-11,UAE,Sharjah,Beach,240715,63674625.31,4.7,Yes,Shoulder,25.3463,55.4209
2024-09,Switzerland,Zurich,Urban,291221,87287989.25,4.4,No,Off-Peak,47.3769,8.5417
2025-08,USA,San Francisco,Adventure,434251,133664873.6,3.8,No,Off-Peak,37.7749,-122.4194
2023-09,USA,Orlando,Wildlife,419153,54194688.49,4.0,No,Shoulder,28.5383,-81.3792
2022-11,USA,New York,Historical,539596,132361264.23,4.3,No,Off-Peak,40.7128,-74.006
2022-03,Brazil,Sao Paulo,Nature,8662,1677938.32,4.6,Yes,Peak,-23.5505,-46.6333
2024-02,Italy,Milan,Nature,193273,19634334.69,3.4,No,Shoulder,45.4642,9.19
2023-12,USA,Orlando,Wildlife,185177,30071227.89,3.2,Yes,Off-Peak,28.5383,-81.3792
2023-03,USA,New York,Religious,404609,45324424.77,4.1,Yes,Shoulder,40.7128,-74.006
2024-02,Italy,Florence,Wildlife,492571,106491639.84,3.4,Yes,Off-Peak,43.7696,11.2558
2022-04,Brazil,Salvador,Religious,30924,12091533.62,4.8,No,Shoulder,-12.9777,-38.5016
2023-01,UAE,Sharjah,Adventure,224011,58746832.65,3.6,No,Peak,25.3463,55.4209
2022-11,Italy,Florence,Nature,424689,107098341.34,4.8,Yes,Off-Peak,43.7696,11.2558
2025-02,Italy,Venice,Nature,358389,42197663.17,3.6,Yes,Shoulder,45.4408,12.3155
2022-01,Thailand,Chiang Mai,Urban,60791,8070170.76,3.6,Yes,Peak,18.7883,98.9853
2023-01,Thailand,Bangkok,Nature,285072,47405187.3,4.6,Yes,Shoulder,13.7563,100.5018
2024-11,Switzerland,Lucerne,Urban,225769,48729914.8,4.3,Yes,Peak,47.0502,8.3093
2025-05,Australia,Perth,Beach,579016,104032624.43,3.6,Yes,Shoulder,-31.9505,115.8605
2025-08,Switzerland,Lucerne,Historical,394739,101322335.69,4.0,No,Shoulder,47.0502,8.3093
2023-12,India,Mysuru,Religious,315160,61030853.69,4.5,Yes,Peak,12.2958,76.6394
2023-03,Australia,Perth,Wildlife,570580,176690311.04,3.5,No,Peak,-31.9505,115.8605
2025-05,Australia,Melbourne,Wildlife,157535,24156579.52,4.9,No,Shoulder,-37.8136,144.9631
2023-05,Switzerland,Geneva,Adventure,219096,60182170.51,4.2,Yes,Peak,46.2044,6.1432
2025-08,Brazil,Sao Paulo,Nature,496519,164226752.92,3.3,No,Peak,-23.5505,-46.6333
2025-03,Japan,Kyoto,Religious,104198,37542283.14,4.7,No,Off-Peak,35.0116,135.7681
2022-09,Australia,Sydney,Religious,36303,3061171.81,4.0,No,Shoulder,-33.8688,151.2093
2023-03,India,Mysuru,Urban,484977,127480350.64,4.0,No,Shoulder,12.2958,76.6394
2024-04,Brazil,Salvador,Nature,562729,74651956.63,4.3,Yes,Shoulder,-12.9777,-38.5016
2023-10,India,Kerala,Adventure,558372,108801705.55,4.7,No,Peak,10.8505,76.2711
2023-11,Italy,Rome,Luxury,346053,58671547.28,4.4,No,Peak,41.9028,12.4964
2023-03,Brazil,Salvador,Urban,439773,135266297.19,4.9,No,Peak,-12.9777,-38.5016
2025-12,Japan,Osaka,Urban,340948,79597894.71,4.0,No,Peak,34.6937,135.5023
2024-09,France,Cannes,Wildlife,66035,10589647.21,3.3,Yes,Peak,43.5528,7.0174
2024-01,Italy,Milan,Luxury,218934,35453189.51,4.5,Yes,Off-Peak,45.4642,9.19
2023-02,UAE,Sharjah,Adventure,488607,69824083.55,4.5,No,Shoulder,25.3463,55.4209
2023-02,Thailand,Phuket,Historical,596690,141804138.48,3.9,Yes,Shoulder,7.8804,98.3923
2023-08,France,Paris,Luxury,15880,3599078.89,4.9,Yes,Shoulder,48.8566,2.3522
2024-03,Thailand,Bangkok,Urban,166744,32107643.42,4.6,Yes,Shoulder,13.7563,100.5018
2025-04,Thailand,Chiang Mai,Religious,379765,118918603.17,3.7,No,Off-Peak,18.7883,98.9853
2024-08,India,Goa,Historical,212437,89187245.05,3.7,No,Shoulder,15.2993,74.124
2023-07,Switzerland,Zurich,Religious,20182,7224228.5,4.7,No,Off-Peak,47.3769,8.5417
2023-05,UAE,Sharjah,Wildlife,319727,119362650.52,4.4,Yes,Shoulder,25.3463,55.4209
2025-12,Thailand,Chiang Mai,Religious,64726,8309791.83,4.9,Yes,Shoulder,18.7883,98.9853
2023-11,Australia,Perth,Historical,462958,131784026.52,4.0,No,Shoulder,-31.9505,115.8605
2025-02,Thailand,Phuket,Nature,99970,44123342.83,3.7,No,Off-Peak,7.8804,98.3923
2023-09,India,Mysuru,Nature,537793,143184508.3,3.9,No,Peak,12.2958,76.6394
2024-09,Italy,Venice,Luxury,52268,9604503.78,4.6,Yes,Off-Peak,45.4408,12.3155
2023-11,Japan,Osaka,Urban,248473,68455352.61,4.3,Yes,Peak,34.6937,135.5023
2024-01,Italy,Rome,Beach,377946,145260325.86,4.1,Yes,Peak,41.9028,12.4964
2023-02,Switzerland,Lucerne,Religious,52193,20933522.46,4.0,No,Off-Peak,47.0502,8.3093
2025-02,UAE,Dubai,Beach,319210,50568257.49,3.9,No,Off-Peak,25.2048,55.2708
2025-07,Thailand,Phuket,Historical,133477,31718248.96,3.5,Yes,Off-Peak,7.8804,98.3923
2025-09,India,Kerala,Religious,429736,190047621.61,4.2,No,Shoulder,10.8505,76.2711
2025-05,Switzerland,Lucerne,Beach,78536,7515102.61,4.7,Yes,Off-Peak,47.0502,8.3093
2023-02,Switzerland,Lucerne,Nature,237375,51733160.11,4.7,No,Shoulder,47.0502,8.3093
2023-03,UAE,Dubai,Religious,110295,21705148.03,3.2,Yes,Peak,25.2048,55.2708
2023-01,Brazil,Sao Paulo,Beach,510330,60827950.93,4.8,Yes,Peak,-23.5505,-46.6333
2024-06,Italy,Florence,Historical,376007,164070703.64,3.4,No,Shoulder,43.7696,11.2558
2025-03,India,Mysuru,Urban,100018,30486149.25,4.6,Yes,Peak,12.2958,76.6394
2022-03,UAE,Sharjah,Religious,396828,81086201.91,4.2,Yes,Shoulder,25.3463,55.4209
2022-06,UAE,Sharjah,Luxury,464299,173709460.86,4.1,No,Peak,25.3463,55.4209
2025-04,Switzerland,Zurich,Adventure,331305,99740989.68,3.6,Yes,Shoulder,47.3769,8.5417
2025-09,Australia,Sydney,Historical,519217,156834765.15,3.4,Yes,Peak,-33.8688,151.2093
2023-06,Italy,Rome,Religious,209171,29363749.48,3.4,No,Peak,41.9028,12.4964
2025-08,India,Kerala,Historical,506219,215742690.33,4.0,No,Shoulder,10.8505,76.2711
2022-10,Switzerland,Geneva,Wildlife,409075,71305064.75,3.2,No,Peak,46.2044,6.1432
2025-12,France,Nice,Adventure,439649,152426957.55,4.4,Yes,Off-Peak,43.7102,7.262
2024-04,Brazil,Sao Paulo,Religious,81999,21438068.99,3.4,Yes,Peak,-23.5505,-46.6333
2025-06,Switzerland,Geneva,Historical,55401,15543065.93,4.8,Yes,Shoulder,46.2044,6.1432
2022-04,Japan,Kyoto,Adventure,210171,42051447.85,4.3,No,Shoulder,35.0116,135.7681
2022-10,Italy,Rome,Nature,455039,55768751.38,3.7,No,Shoulder,41.9028,12.4964
2025-09,UAE,Sharjah,Historical,534421,210002244.5,4.8,No,Shoulder,25.3463,55.4209
2022-04,France,Cannes,Urban,579171,123331438.24,3.8,Yes,Peak,43.5528,7.0174
2024-04,Italy,Rome,Beach,232700,63289909.46,3.9,No,Peak,41.9028,12.4964
2023-05,Switzerland,Zurich,Luxury,270470,105683144.75,4.8,Yes,Shoulder,47.3769,8.5417
2023-05,Brazil,Sao Paulo,Beach,112171,42360667.82,4.2,Yes,Off-Peak,-23.5505,-46.6333
2023-05,UAE,Sharjah,Urban,346503,100289913.9,3.8,No,Peak,25.3463,55.4209
2024-09,Brazil,Salvador,Beach,353564,82440247.84,3.4,No,Off-Peak,-12.9777,-38.5016
2025-03,Australia,Perth,Nature,458192,152658161.73,4.3,No,Shoulder,-31.9505,115.8605
2022-10,India,Varanasi,Urban,275418,29999738.41,3.5,Yes,Off-Peak,25.3176,82.9739
2025-06,Brazil,Sao Paulo,Wildlife,481369,200177005.35,3.5,Yes,Shoulder,-23.5505,-46.6333
2024-02,Switzerland,Geneva,Luxury,481199,146180215.02,4.8,No,Peak,46.2044,6.1432
2023-07,India,Jaipur,Wildlife,414726,54504974.79,5.0,No,Peak,26.9124,75.7873
2024-10,Thailand,Phuket,Religious,398556,117775933.92,3.2,No,Peak,7.8804,98.3923
2022-06,Brazil,Sao Paulo,Historical,411936,148571036.77,3.9,No,Off-Peak,-23.5505,-46.6333
2025-03,India,Kerala,Adventure,328424,59091779.17,4.9,No,Off-Peak,10.8505,76.2711
2023-12,India,Jaipur,Luxury,420062,58068735.09,4.1,No,Shoulder,26.9124,75.7873
2022-05,USA,New York,Religious,170818,65609167.79,4.1,Yes,Peak,40.7128,-74.006
2022-10,France,Nice,Urban,342944,50188218.46,3.6,Yes,Off-Peak,43.7102,7.262
2024-10,UAE,Dubai,Religious,5721,2034937.92,4.1,No,Shoulder,25.2048,55.2708
2022-12,UAE,Dubai,Historical,479602,102599936.28,4.7,No,Peak,25.2048,55.2708
2023-10,India,Mumbai,Nature,243720,88711779.58,3.5,Yes,Shoulder,19.076,72.8777
2022-02,USA,Orlando,Religious,438805,134567994.01,4.7,Yes,Off-Peak,28.5383,-81.3792
2022-09,Italy,Venice,Historical,161681,13331024.81,3.4,Yes,Shoulder,45.4408,12.3155
2025-11,USA,Orlando,Historical,242209,90428062.15,3.7,Yes,Off-Peak,28.5383,-81.3792
2023-03,India,Varanasi,Urban,541864,182622641.89,4.6,Yes,Shoulder,25.3176,82.9739
2022-10,Thailand,Phuket,Urban,575416,55642150.54,3.5,Yes,Off-Peak,7.8804,98.3923
2022-06,Switzerland,Zurich,Nature,244165,63988785.26,4.9,Yes,Shoulder,47.3769,8.5417
2025-08,France,Paris,Luxury,49705,6746132.03,3.8,No,Off-Peak,48.8566,2.3522
2023-02,Thailand,Chiang Mai,Religious,461360,98638813.86,4.1,No,Off-Peak,18.7883,98.9853
2025-09,Italy,Milan,Urban,228563,60761049.94,4.9,Yes,Peak,45.4642,9.19
2023-09,Thailand,Chiang Mai,Urban,161336,30542232.58,3.5,No,Peak,18.7883,98.9853
2024-06,Australia,Sydney,Adventure,75892,21614745.77,3.8,Yes,Off-Peak,-33.8688,151.2093
2024-12,Australia,Gold Coast,Adventure,246593,66331108.85,4.0,Yes,Off-Peak,-28.0167,153.4
2024-04,Thailand,Phuket,Luxury,500782,209617443.78,4.5,Yes,Shoulder,7.8804,98.3923
2023-09,Switzerland,Geneva,Wildlife,318763,34822071.44,4.4,Yes,Shoulder,46.2044,6.1432
2022-05,Thailand,Phuket,Nature,222691,76875072.31,3.9,No,Shoulder,7.8804,98.3923
2025-10,Japan,Tokyo,Adventure,394459,89372182.32,3.4,Yes,Off-Peak,35.6762,139.6503
2023-05,USA,New York,Nature,274404,22337385.61,4.7,Yes,Off-Peak,40.7128,-74.006
2023-11,France,Lyon,Adventure,305056,91097649.33,4.8,No,Off-Peak,45.764,4.8357
2023-06,Australia,Perth,Nature,332038,52796502.77,4.3,No,Peak,-31.9505,115.8605
2023-03,France,Lyon,Nature,242797,99122040.91,4.6,No,Peak,45.764,4.8357
2022-02,Brazil,Sao Paulo,Historical,495107,44215879.04,3.3,Yes,Shoulder,-23.5505,-46.6333
2023-08,USA,Las Vegas,Wildlife,313798,67400588.66,4.5,No,Shoulder,36.1699,-115.1398
2025-11,UAE,Sharjah,Historical,77162,30094085.08,4.1,No,Peak,25.3463,55.4209
2025-01,Italy,Rome,Adventure,389152,103001606.16,3.7,No,Off-Peak,41.9028,12.4964
2023-07,Japan,Kyoto,Beach,519897,224831481.68,3.6,Yes,Peak,35.0116,135.7681
2025-03,Italy,Venice,Religious,245241,43577929.2,3.3,No,Peak,45.4408,12.3155
2025-08,USA,San Francisco,Historical,221782,98206703.08,4.5,Yes,Off-Peak,37.7749,-122.4194
2024-06,Switzerland,Geneva,Wildlife,329695,114579272.81,4.1,Yes,Off-Peak,46.2044,6.1432
2024-01,India,Kerala,Luxury,427250,170072191.5,5.0,No,Off-Peak,10.8505,76.2711
2024-01,India,Goa,Adventure,476105,66635688.49,5.0,Yes,Peak,15.2993,74.124
2025-02,Italy,Venice,Nature,131796,52418620.89,4.1,Yes,Off-Peak,45.4408,12.3155
2022-09,Switzerland,Geneva,Luxury,466755,82488846.33,4.6,Yes,Peak,46.2044,6.1432
2025-06,India,Delhi,Luxury,382647,111300716.14,4.4,Yes,Off-Peak,28.6139,77.209
2022-03,UAE,Sharjah,Urban,421381,118382700.93,5.0,Yes,Peak,25.3463,55.4209
2023-02,Japan,Osaka,Religious,282478,77056867.21,4.5,Yes,Peak,34.6937,135.5023
2024-04,Switzerland,Lucerne,Religious,329310,38295083.42,4.9,Yes,Peak,47.0502,8.3093
2024-06,India,Mysuru,Historical,251456,64201920.41,4.5,No,Shoulder,12.2958,76.6394
2025-05,Japan,Nara,Historical,269681,29872693.15,3.9,No,Shoulder,34.6851,135.8048
2025-05,Australia,Gold Coast,Religious,584322,170566498.27,3.7,Yes,Shoulder,-28.0167,153.4
2022-07,Japan,Nara,Nature,211919,76785264.04,3.9,No,Off-Peak,34.6851,135.8048
2024-08,Brazil,Sao Paulo,Luxury,190876,47843052.97,4.1,No,Off-Peak,-23.5505,-46.6333
2024-12,Australia,Melbourne,Luxury,383410,40873025.7,4.7,No,Peak,-37.8136,144.9631
2025-02,Thailand,Phuket,Religious,81518,13158779.29,4.7,Yes,Shoulder,7.8804,98.3923
2024-04,Switzerland,Geneva,Wildlife,192858,76436793.28,3.5,Yes,Shoulder,46.2044,6.1432
2023-12,Thailand,Phuket,Beach,125566,11585775.8,3.3,Yes,Shoulder,7.8804,98.3923
2024-10,France,Lyon,Beach,327907,63578722.21,3.5,Yes,Off-Peak,45.764,4.8357
2022-05,USA,San Francisco,Urban,168875,75545295.85,4.3,Yes,Peak,37.7749,-122.4194
2024-01,Switzerland,Geneva,Urban,106972,41231486.8,4.5,Yes,Off-Peak,46.2044,6.1432
2023-10,Brazil,Salvador,Wildlife,98913,16117234.99,4.4,Yes,Off-Peak,-12.9777,-38.5016
2024-06,Thailand,Chiang Mai,Nature,404392,90271885.14,3.5,Yes,Shoulder,18.7883,98.9853
2022-12,UAE,Dubai,Nature,52243,13033876.97,4.0,Yes,Shoulder,25.2048,55.2708
2024-09,Italy,Rome,Luxury,386506,112093354.71,4.0,Yes,Off-Peak,41.9028,12.4964
2025-07,Australia,Perth,Religious,113588,24297313.77,4.4,Yes,Peak,-31.9505,115.8605
2022-08,Thailand,Phuket,Historical,12458,4137021.39,3.8,Yes,Off-Peak,7.8804,98.3923
2025-11,Thailand,Bangkok,Luxury,196771,16076755.8,4.9,No,Shoulder,13.7563,100.5018
2024-12,Australia,Perth,Luxury,538081,193224967.31,3.3,No,Shoulder,-31.9505,115.8605
2023-11,Brazil,Sao Paulo,Luxury,215204,95751734.1,4.1,No,Peak,-23.5505,-46.6333
2023-06,Japan,Nara,Wildlife,292107,28887141.69,3.9,Yes,Off-Peak,34.6851,135.8048
2023-11,UAE,Abu Dhabi,Luxury,449907,170575871.57,4.6,No,Shoulder,24.4539,54.3773
2024-01,Thailand,Chiang Mai,Urban,411056,157487050.47,4.3,No,Shoulder,18.7883,98.9853
2025-05,France,Lyon,Nature,375758,68304615.04,4.0,No,Off-Peak,45.764,4.8357
2022-02,India,Agra,Religious,270486,45791896.92,4.1,Yes,Shoulder,27.1767,78.0081
2023-03,USA,San Francisco,Urban,335113,68069318.42,3.2,No,Off-Peak,37.7749,-122.4194
2024-10,USA,New York,Beach,510454,111585792.95,4.2,Yes,Shoulder,40.7128,-74.006
2025-02,Switzerland,Geneva,Nature,427485,63702097.92,4.3,Yes,Off-Peak,46.2044,6.1432
2025-12,Brazil,Sao Paulo,Beach,322659,108978771.57,3.7,Yes,Off-Peak,-23.5505,-46.6333
2022-04,Japan,Nara,Urban,224185,25181269.69,3.2,No,Peak,34.6851,135.8048
2023-09,Italy,Florence,Historical,35738,3465840.44,4.5,Yes,Off-Peak,43.7696,11.2558
2024-05,Australia,Melbourne,Luxury,563852,88079838.12,4.8,No,Off-Peak,-37.8136,144.9631
2025-09,USA,San Francisco,Luxury,284422,113653475.2,4.5,Yes,Peak,37.7749,-122.4194
2025-01,Italy,Milan,Wildlife,211114,37546379.49,3.8,Yes,Peak,45.4642,9.19
2022-04,Brazil,Sao Paulo,Historical,78207,6868519.77,4.3,No,Peak,-23.5505,-46.6333
2025-08,Thailand,Chiang Mai,Religious,120526,14769778.41,3.7,No,Shoulder,18.7883,98.9853
2025-05,Thailand,Phuket,Wildlife,598264,92616232.12,3.6,Yes,Peak,7.8804,98.3923
2023-05,UAE,Dubai,Nature,281389,115114888.25,4.0,No,Off-Peak,25.2048,55.2708
2023-10,Thailand,Chiang Mai,Beach,225592,96995473.61,4.8,Yes,Off-Peak,18.7883,98.9853
2022-02,India,Agra,Luxury,495043,197257526.71,4.0,No,Off-Peak,27.1767,78.0081
2025-05,India,Varanasi,Historical,94334,40406334.73,4.3,Yes,Shoulder,25.3176,82.9739
2025-01,UAE,Dubai,Historical,234031,29752154.35,4.1,No,Off-Peak,25.2048,55.2708
2023-08,Brazil,Salvador,Historical,551221,186839998.31,4.9,Yes,Off-Peak,-12.9777,-38.5016
2022-01,UAE,Sharjah,Religious,472554,198078838.57,4.1,Yes,Off-Peak,25.3463,55.4209
2025-05,Brazil,Rio de Janeiro,Luxury,52049,20437468.51,3.9,Yes,Off-Peak,-22.9068,-43.1729
2022-03,USA,New York,Wildlife,525049,144521212.72,4.6,No,Off-Peak,40.7128,-74.006
2024-09,Switzerland,Lucerne,Nature,286966,108486442.46,3.6,No,Off-Peak,47.0502,8.3093
2025-07,Japan,Nara,Urban,349523,117207984.22,3.2,No,Off-Peak,34.6851,135.8048
2022-12,Brazil,Rio de Janeiro,Beach,507486,155953226.12,3.5,No,Shoulder,-22.9068,-43.1729
2023-05,Switzerland,Zurich,Nature,413903,146340430.53,3.3,No,Shoulder,47.3769,8.5417
2023-06,Switzerland,Geneva,Urban,531988,238183514.72,4.8,No,Shoulder,46.2044,6.1432
2023-01,Brazil,Rio de Janeiro,Adventure,30118,13237932.3,3.3,No,Off-Peak,-22.9068,-43.1729
2024-04,India,Mumbai,Beach,167020,21036708.59,3.9,Yes,Shoulder,19.076,72.8777
2024-01,India,Agra,Nature,426742,68709558.37,4.9,Yes,Peak,27.1767,78.0081
2023-05,Australia,Perth,Beach,374753,165653738.74,3.3,Yes,Off-Peak,-31.9505,115.8605
2025-08,USA,New York,Wildlife,193744,30444493.87,3.5,Yes,Peak,40.7128,-74.006
2022-06,Brazil,Sao Paulo,Religious,230445,18808986.98,3.7,Yes,Peak,-23.5505,-46.6333
2025-09,Switzerland,Zurich,Luxury,45875,19511267.13,3.4,Yes,Off-Peak,47.3769,8.5417
2025-01,Switzerland,Zurich,Nature,39112,16298659.43,3.3,No,Off-Peak,47.3769,8.5417
2023-02,Switzerland,Geneva,Religious,475063,115954353.55,4.7,No,Peak,46.2044,6.1432
2023-06,Brazil,Salvador,Religious,162664,51416684.69,3.8,Yes,Off-Peak,-12.9777,-38.5016
2022-10,France,Nice,Nature,514628,186776430.78,4.8,No,Off-Peak,43.7102,7.262
2024-09,Italy,Florence,Religious,108249,16056182.73,3.9,No,Shoulder,43.7696,11.2558
2025-07,UAE,Sharjah,Historical,556497,113815372.68,3.8,Yes,Peak,25.3463,55.4209
2025-11,India,Jaipur,Religious,448780,176207829.45,3.7,No,Off-Peak,26.9124,75.7873
2025-10,France,Lyon,Urban,20616,5558579.51,3.7,Yes,Shoulder,45.764,4.8357
2025-01,Australia,Sydney,Adventure,540215,174019792.36,3.7,No,Peak,-33.8688,151.2093
2024-05,Japan,Osaka,Luxury,33062,9931629.49,3.9,No,Shoulder,34.6937,135.5023
2024-09,Japan,Osaka,Historical,353799,140726052.74,4.1,Yes,Shoulder,34.6937,135.5023
2023-10,Italy,Milan,Urban,464946,114097937.9,4.7,No,Off-Peak,45.4642,9.19
2023-12,USA,Orlando,Urban,193659,78503950.14,3.4,Yes,Shoulder,28.5383,-81.3792
2025-12,Thailand,Bangkok,Nature,307470,79491810.13,4.0,Yes,Peak,13.7563,100.5018
2023-10,Thailand,Bangkok,Religious,303868,91750756.02,3.7,No,Shoulder,13.7563,100.5018
2025-11,UAE,Abu Dhabi,Historical,283031,68340509.16,3.4,No,Off-Peak,24.4539,54.3773
2023-10,Thailand,Bangkok,Religious,166520,49434067.14,3.8,Yes,Peak,13.7563,100.5018
2023-05,Thailand,Phuket,Beach,473452,103673450.06,3.4,Yes,Peak,7.8804,98.3923
2024-02,Thailand,Bangkok,Religious,511121,78210421.95,3.3,No,Off-Peak,13.7563,100.5018
2022-07,France,Nice,Wildlife,294726,122419972.82,4.3,Yes,Peak,43.7102,7.262
2023-10,Australia,Gold Coast,Nature,387244,144214747.12,3.8,No,Off-Peak,-28.0167,153.4
2024-04,UAE,Dubai,Nature,134002,20811691.21,4.6,No,Shoulder,25.2048,55.2708
2022-04,UAE,Abu Dhabi,Religious,538698,194304170.45,3.7,Yes,Peak,24.4539,54.3773
2023-07,Switzerland,Geneva,Nature,58283,6376122.34,3.4,No,Shoulder,46.2044,6.1432
2022-11,Thailand,Chiang Mai,Historical,341655,106434578.04,4.2,Yes,Peak,18.7883,98.9853
2022-03,UAE,Sharjah,Nature,407354,163766887.0,4.4,No,Peak,25.3463,55.4209
2024-09,Switzerland,Lucerne,Religious,547798,174805092.25,3.2,Yes,Peak,47.0502,8.3093
2023-01,Australia,Gold Coast,Historical,583675,66742543.47,3.9,Yes,Peak,-28.0167,153.4
2023-07,India,Agra,Beach,430614,39703460.86,4.5,Yes,Shoulder,27.1767,78.0081
2024-08,Japan,Nara,Beach,259797,38561190.47,3.2,Yes,Shoulder,34.6851,135.8048
2024-10,Switzerland,Lucerne,Adventure,474286,203537789.4,5.0,Yes,Shoulder,47.0502,8.3093
2024-10,Switzerland,Lucerne,Urban,226516,41867140.77,4.9,Yes,Off-Peak,47.0502,8.3093
2023-04,Thailand,Phuket,Urban,428814,174034540.83,4.6,Yes,Shoulder,7.8804,98.3923
2025-09,Japan,Osaka,Historical,542398,80638230.63,3.5,No,Off-Peak,34.6937,135.5023
2022-10,USA,San Francisco,Luxury,296602,57414141.84,4.7,No,Off-Peak,37.7749,-122.4194
2024-08,Switzerland,Zurich,Luxury,179539,41364363.43,4.0,No,Shoulder,47.3769,8.5417
2023-08,France,Cannes,Urban,470176,143625627.22,3.5,No,Shoulder,43.5528,7.0174
2023-08,Thailand,Chiang Mai,Urban,97601,21676032.21,4.3,No,Peak,18.7883,98.9853
2024-04,France,Lyon,Luxury,351324,68526584.2,3.5,No,Peak,45.764,4.8357
2024-12,Italy,Milan,Luxury,16648,2984312.48,4.9,No,Off-Peak,45.4642,9.19
2022-05,UAE,Sharjah,Historical,549589,178438706.95,4.2,Yes,Shoulder,25.3463,55.4209
2023-06,Italy,Venice,Luxury,148028,42523770.66,3.4,Yes,Peak,45.4408,12.3155
2024-08,Thailand,Bangkok,Urban,246595,24584656.02,3.9,Yes,Peak,13.7563,100.5018
2023-08,Switzerland,Geneva,Religious,520836,137206839.74,3.6,No,Off-Peak,46.2044,6.1432
2025-08,Australia,Perth,Wildlife,346365,112623756.31,4.4,No,Off-Peak,-31.9505,115.8605
2025-08,Switzerland,Geneva,Beach,593903,59402974.65,3.8,Yes,Shoulder,46.2044,6.1432
2025-06,Italy,Milan,Luxury,507244,89590024.12,3.7,No,Peak,45.4642,9.19
2024-06,UAE,Dubai,Beach,178653,38594169.76,3.4,No,Off-Peak,25.2048,55.2708
2022-12,Japan,Osaka,Beach,270494,27789781.99,3.5,No,Off-Peak,34.6937,135.5023
2023-12,USA,San Francisco,Adventure,109597,10824062.18,3.8,Yes,Shoulder,37.7749,-122.4194
2023-10,Switzerland,Geneva,Luxury,27756,6062034.99,3.4,Yes,Off-Peak,46.2044,6.1432
2024-11,Switzerland,Geneva,Historical,57074,17783456.07,5.0,Yes,Peak,46.2044,6.1432
2024-04,Brazil,Salvador,Luxury,503905,172728797.7,3.6,No,Shoulder,-12.9777,-38.5016
2023-06,Brazil,Salvador,Adventure,54933,8606171.0,4.2,Yes,Off-Peak,-12.9777,-38.5016
2022-03,India,Jaipur,Beach,519919,111545108.14,3.4,Yes,Shoulder,26.9124,75.7873
2025-06,USA,Orlando,Urban,486430,143370453.97,4.6,No,Shoulder,28.5383,-81.3792
2022-09,Brazil,Rio de Janeiro,Wildlife,354964,30885368.6,3.5,No,Peak,-22.9068,-43.1729
2023-09,France,Lyon,Nature,231040,22308407.22,4.9,Yes,Shoulder,45.764,4.8357
2022-08,Thailand,Phuket,Nature,389072,36905402.06,3.3,Yes,Peak,7.8804,98.3923
2025-02,France,Cannes,Wildlife,581464,108370506.14,4.6,Yes,Off-Peak,43.5528,7.0174
2023-04,France,Lyon,Adventure,473725,45562419.06,3.6,Yes,Off-Peak,45.764,4.8357
2022-12,USA,Las Vegas,Luxury,96214,22826240.24,3.8,Yes,Peak,36.1699,-115.1398
2022-06,Japan,Kyoto,Luxury,426219,186755554.58,3.8,Yes,Off-Peak,35.0116,135.7681
2023-09,Italy,Florence,Religious,480727,98644064.56,4.0,Yes,Peak,43.7696,11.2558
2025-12,Japan,Nara,Beach,501049,66774879.14,4.5,Yes,Peak,34.6851,135.8048
2024-12,India,Mumbai,Wildlife,462832,44162335.9,4.2,No,Off-Peak,19.076,72.8777
2022-06,France,Paris,Historical,191469,75491455.0,4.0,Yes,Peak,48.8566,2.3522
2025-01,Japan,Osaka,Nature,201737,72885369.9,4.9,Yes,Shoulder,34.6937,135.5023
2023-07,Australia,Gold Coast,Religious,560457,245635719.36,4.8,No,Off-Peak,-28.0167,153.4
2025-02,Thailand,Bangkok,Urban,468849,70180986.65,4.7,Yes,Peak,13.7563,100.5018
2024-02,Italy,Florence,Urban,190217,44232679.83,4.2,No,Shoulder,43.7696,11.2558
2022-10,Australia,Sydney,Beach,30742,5923898.88,4.7,Yes,Off-Peak,-33.8688,151.2093
2022-07,USA,New York,Beach,336415,102442719.68,3.5,No,Off-Peak,40.7128,-74.006
2023-01,Japan,Kyoto,Nature,441886,36415772.06,4.1,No,Shoulder,35.0116,135.7681
2025-09,USA,Las Vegas,Beach,493072,39974489.39,4.7,No,Peak,36.1699,-115.1398
2024-05,UAE,Abu Dhabi,Wildlife,249619,23017815.01,4.4,Yes,Off-Peak,24.4539,54.3773
2022-04,India,Delhi,Historical,467250,178956088.54,3.8,Yes,Shoulder,28.6139,77.209
2025-12,Japan,Kyoto,Wildlife,597862,68298433.65,4.4,No,Off-Peak,35.0116,135.7681
2024-01,Switzerland,Zurich,Wildlife,481067,105229088.31,3.8,Yes,Off-Peak,47.3769,8.5417
2025-09,Japan,Kyoto,Historical,37009,16394311.13,4.4,No,Shoulder,35.0116,135.7681
2023-01,France,Cannes,Nature,579825,200309560.62,3.3,Yes,Off-Peak,43.5528,7.0174
2024-10,USA,San Francisco,Urban,34286,11910702.67,3.3,No,Shoulder,37.7749,-122.4194
2025-12,USA,Orlando,Religious,161491,47033532.79,4.9,No,Off-Peak,28.5383,-81.3792
2023-12,India,Varanasi,Beach,405763,119019719.51,3.9,Yes,Off-Peak,25.3176,82.9739
2024-04,Switzerland,Lucerne,Adventure,340898,109579819.85,4.5,No,Peak,47.0502,8.3093
2024-03,Brazil,Salvador,Beach,172892,62454151.46,5.0,No,Shoulder,-12.9777,-38.5016
2024-04,France,Paris,Beach,593369,209825021.77,3.2,Yes,Off-Peak,48.8566,2.3522
2025-01,India,Jaipur,Beach,296858,113220225.31,3.3,No,Peak,26.9124,75.7873
2024-08,India,Kerala,Luxury,147537,48201158.31,4.1,No,Shoulder,10.8505,76.2711
2024-08,Switzerland,Geneva,Wildlife,492524,182436339.74,3.4,No,Peak,46.2044,6.1432
2022-07,UAE,Sharjah,Historical,140729,40582333.81,4.0,No,Off-Peak,25.3463,55.4209
2024-05,UAE,Dubai,Nature,519700,163821791.55,4.9,No,Off-Peak,25.2048,55.2708
2025-02,Brazil,Salvador,Adventure,122512,16568481.68,3.8,Yes,Peak,-12.9777,-38.5016
2025-11,Australia,Perth,Wildlife,256824,96288406.32,4.5,Yes,Off-Peak,-31.9505,115.8605
2023-11,India,Goa,Historical,525082,124462192.99,4.5,No,Shoulder,15.2993,74.124
2024-11,Thailand,Bangkok,Historical,385744,109500682.46,4.5,No,Shoulder,13.7563,100.5018
2024-05,Thailand,Phuket,Urban,539345,142752030.56,4.3,No,Shoulder,7.8804,98.3923
2025-06,Brazil,Salvador,Urban,354272,56676171.12,3.6,No,Shoulder,-12.9777,-38.5016
2022-08,Brazil,Salvador,Adventure,497490,104347103.52,4.6,Yes,Shoulder,-12.9777,-38.5016
2023-05,Japan,Tokyo,Luxury,403423,127865908.6,3.4,No,Off-Peak,35.6762,139.6503
2025-02,France,Paris,Nature,445641,70412606.39,3.6,Yes,Peak,48.8566,2.3522
2024-07,France,Nice,Nature,587078,55569313.04,4.4,Yes,Shoulder,43.7102,7.262
2023-04,Thailand,Phuket,Religious,248419,97367326.17,3.5,Yes,Peak,7.8804,98.3923
2024-08,Italy,Florence,Urban,580522,149554170.54,3.4,Yes,Shoulder,43.7696,11.2558
2023-07,Italy,Milan,Religious,211535,26488748.35,3.6,Yes,Peak,45.4642,9.19
2024-05,Italy,Venice,Wildlife,91721,24668618.71,3.8,Yes,Peak,45.4408,12.3155
2025-08,Brazil,Salvador,Wildlife,295353,64446915.89,4.6,Yes,Off-Peak,-12.9777,-38.5016
2025-11,Australia,Perth,Wildlife,523991,193332054.17,4.2,No,Off-Peak,-31.9505,115.8605
2025-07,Japan,Tokyo,Urban,136637,21632735.6,4.4,Yes,Off-Peak,35.6762,139.6503
2025-09,Japan,Tokyo,Religious,77047,20273598.22,3.3,Yes,Off-Peak,35.6762,139.6503
2024-09,Italy,Rome,Beach,289870,101813059.52,3.5,No,Off-Peak,41.9028,12.4964
2025-04,Australia,Perth,Urban,200510,30661845.08,4.2,No,Shoulder,-31.9505,115.8605
2024-10,UAE,Abu Dhabi,Religious,9995,1999698.07,3.9,No,Peak,24.4539,54.3773
2023-06,Brazil,Salvador,Historical,290827,29770223.05,4.5,Yes,Off-Peak,-12.9777,-38.5016
2023-05,Italy,Milan,Nature,501965,104940225.52,4.7,Yes,Peak,45.4642,9.19
2022-05,India,Jaipur,Luxury,555053,169945785.58,4.9,Yes,Peak,26.9124,75.7873
2024-05,Italy,Venice,Religious,392670,61943993.56,3.8,Yes,Peak,45.4408,12.3155
2022-03,France,Lyon,Nature,528747,100906192.86,3.9,Yes,Shoulder,45.764,4.8357
2025-08,France,Cannes,Adventure,305199,67817921.52,3.7,No,Off-Peak,43.5528,7.0174
2022-01,USA,San Francisco,Adventure,175568,76505486.46,4.7,No,Shoulder,37.7749,-122.4194
2022-10,USA,San Francisco,Nature,182856,53166826.15,3.2,Yes,Off-Peak,37.7749,-122.4194
2023-06,Japan,Osaka,Luxury,245201,54365772.12,3.3,No,Off-Peak,34.6937,135.5023
2025-11,Thailand,Chiang Mai,Beach,56996,13356135.77,4.6,Yes,Shoulder,18.7883,98.9853
2024-05,Switzerland,Zurich,Religious,58971,7081923.82,3.5,Yes,Peak,47.3769,8.5417
2022-01,USA,New York,Adventure,190934,26963587.14,4.3,No,Off-Peak,40.7128,-74.006
2024-09,UAE,Dubai,Beach,406572,168733495.3,3.8,No,Shoulder,25.2048,55.2708
2022-08,France,Lyon,Nature,287919,46292426.32,3.6,No,Off-Peak,45.764,4.8357
2023-10,India,Agra,Historical,548045,110504228.22,4.0,No,Shoulder,27.1767,78.0081
2025-07,France,Cannes,Religious,108708,37939096.71,4.2,Yes,Shoulder,43.5528,7.0174
2025-02,Australia,Melbourne,Adventure,323785,46290914.66,4.7,Yes,Shoulder,-37.8136,144.9631
2025-01,France,Lyon,Urban,172806,46035095.5,3.7,No,Peak,45.764,4.8357
2023-12,France,Nice,Luxury,543160,224582420.43,4.2,Yes,Off-Peak,43.7102,7.262
2022-10,Italy,Milan,Beach,342062,142001208.08,4.7,Yes,Peak,45.4642,9.19
2022-10,Thailand,Phuket,Beach,50045,15470587.74,4.1,No,Shoulder,7.8804,98.3923
2024-09,USA,San Francisco,Luxury,532639,122081317.54,4.3,Yes,Shoulder,37.7749,-122.4194
2022-12,Switzerland,Zurich,Historical,490858,84181358.49,3.9,No,Shoulder,47.3769,8.5417
2023-06,France,Cannes,Historical,332335,149076607.85,4.9,Yes,Peak,43.5528,7.0174
2022-07,France,Paris,Nature,104722,10765991.03,3.8,Yes,Peak,48.8566,2.3522
2024-11,France,Lyon,Adventure,427200,174412176.37,3.6,Yes,Shoulder,45.764,4.8357
2022-10,USA,New York,Urban,136474,30840166.24,4.9,No,Peak,40.7128,-74.006
2022-09,Japan,Kyoto,Religious,15514,2658353.37,4.7,No,Peak,35.0116,135.7681
2022-03,Japan,Nara,Wildlife,467433,119388067.36,3.3,Yes,Shoulder,34.6851,135.8048
2025-10,Japan,Nara,Luxury,452329,188477967.74,3.7,No,Off-Peak,34.6851,135.8048
2024-05,Italy,Rome,Religious,46646,6812037.83,3.7,Yes,Peak,41.9028,12.4964
2023-12,Japan,Kyoto,Historical,42534,3696541.29,4.4,No,Peak,35.0116,135.7681
2023-11,USA,San Francisco,Urban,149251,22037408.92,3.8,Yes,Off-Peak,37.7749,-122.4194
2025-02,Switzerland,Lucerne,Adventure,222440,57744658.31,4.7,Yes,Shoulder,47.0502,8.3093
2023-03,Switzerland,Geneva,Historical,199280,75293366.63,3.5,Yes,Off-Peak,46.2044,6.1432
2024-12,Japan,Kyoto,Luxury,486736,131861626.79,4.1,Yes,Off-Peak,35.0116,135.7681
2024-06,Italy,Venice,Nature,374394,40905202.15,4.3,No,Shoulder,45.4408,12.3155
2025-11,Japan,Tokyo,Luxury,89560,29754169.12,4.3,Yes,Shoulder,35.6762,139.6503
2023-08,Japan,Osaka,Wildlife,266563,92329025.39,3.8,No,Shoulder,34.6937,135.5023
2023-12,India,Varanasi,Beach,507777,176497839.51,4.2,No,Shoulder,25.3176,82.9739
2023-11,USA,San Francisco,Wildlife,212429,46695584.31,3.9,No,Peak,37.7749,-122.4194
2022-01,France,Nice,Religious,578397,241435929.35,3.8,No,Shoulder,43.7102,7.262
2025-12,USA,Orlando,Adventure,296403,41575511.81,3.9,No,Off-Peak,28.5383,-81.3792
2025-10,France,Nice,Beach,203105,72046121.74,4.3,No,Off-Peak,43.7102,7.262
2025-07,France,Cannes,Religious,223281,26928030.15,4.5,Yes,Peak,43.5528,7.0174
2023-08,Brazil,Sao Paulo,Religious,527069,63081842.75,3.6,No,Peak,-23.5505,-46.6333
2023-10,UAE,Abu Dhabi,Beach,15293,2648277.6,4.1,No,Peak,24.4539,54.3773
2022-09,Italy,Venice,Luxury,278484,111528351.11,4.1,No,Peak,45.4408,12.3155
2025-05,Japan,Kyoto,Historical,231995,30570726.29,3.3,Yes,Shoulder,35.0116,135.7681
2023-11,Brazil,Salvador,Urban,246234,81172478.58,4.5,No,Peak,-12.9777,-38.5016
2024-05,France,Paris,Religious,174063,74978785.48,4.0,No,Peak,48.8566,2.3522
2025-03,France,Paris,Nature,325668,54804728.6,5.0,Yes,Shoulder,48.8566,2.3522
2023-04,Switzerland,Geneva,Beach,174841,66801880.58,4.5,No,Shoulder,46.2044,6.1432
2023-04,USA,New York,Historical,33050,8873581.21,3.2,No,Off-Peak,40.7128,-74.006
2025-08,Switzerland,Geneva,Beach,102181,42869757.52,3.4,Yes,Off-Peak,46.2044,6.1432
2024-11,France,Lyon,Historical,29888,7342392.61,3.4,No,Off-Peak,45.764,4.8357
2024-07,France,Cannes,Wildlife,581877,184667923.09,4.3,Yes,Peak,43.5528,7.0174
2023-02,USA,San Francisco,Adventure,16266,7094883.41,3.7,No,Shoulder,37.7749,-122.4194
2025-11,Thailand,Phuket,Nature,228394,44196784.77,3.4,Yes,Off-Peak,7.8804,98.3923
2022-02,Australia,Sydney,Urban,52169,20454344.59,3.2,Yes,Shoulder,-33.8688,151.2093
2022-08,USA,New York,Nature,213957,43733755.52,3.8,No,Shoulder,40.7128,-74.006
2025-11,USA,Las Vegas,Wildlife,54623,19726578.49,5.0,Yes,Shoulder,36.1699,-115.1398
2025-09,Japan,Osaka,Wildlife,448823,57573417.0,3.4,No,Peak,34.6937,135.5023
2025-02,Switzerland,Lucerne,Wildlife,591470,203859776.68,4.8,No,Off-Peak,47.0502,8.3093
2023-12,UAE,Abu Dhabi,Historical,464228,74537795.07,4.1,Yes,Peak,24.4539,54.3773
2025-01,Japan,Tokyo,Nature,563923,173376953.89,4.4,Yes,Peak,35.6762,139.6503
2022-03,USA,San Francisco,Urban,240745,51437826.74,4.3,No,Off-Peak,37.7749,-122.4194
2022-06,Switzerland,Geneva,Wildlife,539570,208527999.24,3.6,Yes,Shoulder,46.2044,6.1432
2024-08,Switzerland,Lucerne,Luxury,37108,13662350.99,4.5,Yes,Peak,47.0502,8.3093
2023-09,France,Lyon,Religious,512993,158685190.1,4.8,Yes,Shoulder,45.764,4.8357
2025-11,Australia,Melbourne,Adventure,415305,38290385.81,4.8,No,Shoulder,-37.8136,144.9631
2024-05,Japan,Kyoto,Historical,196575,64767665.3,3.8,Yes,Off-Peak,35.0116,135.7681
2024-06,Japan,Osaka,Beach,445901,58814715.58,3.3,No,Shoulder,34.6937,135.5023
2024-06,France,Lyon,Urban,211799,31512983.6,4.4,No,Off-Peak,45.764,4.8357
2025-08,Australia,Gold Coast,Religious,234685,41957600.47,4.9,Yes,Off-Peak,-28.0167,153.4
2024-06,Switzerland,Lucerne,Wildlife,438250,148330596.01,4.1,Yes,Shoulder,47.0502,8.3093
2025-12,Italy,Rome,Beach,37803,9395814.6,3.5,Yes,Off-Peak,41.9028,12.4964
2022-05,India,Delhi,Historical,523510,193409576.45,3.7,Yes,Shoulder,28.6139,77.209
2024-11,Thailand,Phuket,Beach,520670,213592757.46,3.7,Yes,Shoulder,7.8804,98.3923
2024-07,USA,San Francisco,Historical,433715,118435493.55,3.7,No,Peak,37.7749,-122.4194
2023-08,UAE,Dubai,Wildlife,311545,31758530.73,3.7,No,Off-Peak,25.2048,55.2708
2022-08,France,Paris,Wildlife,21432,5411461.04,3.2,Yes,Peak,48.8566,2.3522
2025-09,Australia,Perth,Urban,54289,17592729.6,3.6,Yes,Off-Peak,-31.9505,115.8605
2024-01,Japan,Kyoto,Luxury,327917,119981810.44,4.2,No,Shoulder,35.0116,135.7681
2025-05,USA,New York,Beach,229174,40446773.85,4.9,Yes,Off-Peak,40.7128,-74.006
2025-02,Thailand,Chiang Mai,Adventure,529509,93519265.05,4.7,Yes,Off-Peak,18.7883,98.9853
2024-10,Thailand,Bangkok,Historical,301233,35832984.4,4.9,Yes,Peak,13.7563,100.5018
2023-04,France,Cannes,Adventure,307422,52741440.92,4.7,No,Shoulder,43.5528,7.0174
2024-09,UAE,Abu Dhabi,Historical,106604,15077953.86,3.9,Yes,Off-Peak,24.4539,54.3773
2023-06,India,Goa,Nature,262667,108824387.57,4.0,Yes,Shoulder,15.2993,74.124
2025-08,Italy,Florence,Wildlife,404856,76731011.73,5.0,No,Peak,43.7696,11.2558
2022-06,UAE,Dubai,Adventure,335513,52352372.17,3.3,No,Off-Peak,25.2048,55.2708
2025-02,France,Paris,Beach,124058,39305141.46,3.2,Yes,Off-Peak,48.8566,2.3522
2025-06,France,Nice,Nature,426539,42449369.12,3.3,Yes,Peak,43.7102,7.262
2022-11,France,Lyon,Luxury,282640,104617793.23,4.0,Yes,Shoulder,45.764,4.8357
2023-05,Australia,Melbourne,Adventure,592766,116719349.06,4.0,Yes,Off-Peak,-37.8136,144.9631
2023-06,France,Lyon,Adventure,331194,77115948.31,4.5,No,Off-Peak,45.764,4.8357
2023-09,Australia,Melbourne,Adventure,464893,106249505.42,3.4,No,Peak,-37.8136,144.9631
2025-04,Switzerland,Zurich,Urban,287813,126053517.49,3.5,Yes,Peak,47.3769,8.5417
2023-12,Japan,Osaka,Nature,587127,226294326.13,4.1,Yes,Shoulder,34.6937,135.5023
2024-10,Australia,Melbourne,Beach,537659,109867069.67,4.9,No,Off-Peak,-37.8136,144.9631
2022-06,India,Varanasi,Wildlife,538180,204007477.81,3.8,No,Peak,25.3176,82.9739
2025-10,Australia,Melbourne,Wildlife,299124,78420154.73,4.1,No,Off-Peak,-37.8136,144.9631
2025-02,Brazil,Sao Paulo,Nature,282393,26135989.89,4.0,Yes,Peak,-23.5505,-46.6333
2025-01,UAE,Dubai,Adventure,410308,92058593.34,4.2,Yes,Shoulder,25.2048,55.2708
2023-02,Thailand,Phuket,Wildlife,387736,97389861.15,3.6,No,Shoulder,7.8804,98.3923
2025-02,USA,San Francisco,Historical,26703,3516625.31,3.2,No,Peak,37.7749,-122.4194
2023-05,Thailand,Bangkok,Religious,382971,134239538.1,4.3,Yes,Peak,13.7563,100.5018
2022-10,UAE,Dubai,Urban,238363,60408775.12,4.0,Yes,Off-Peak,25.2048,55.2708
2025-10,Italy,Florence,Wildlife,114212,21672873.08,3.4,No,Peak,43.7696,11.2558
2022-04,Japan,Kyoto,Nature,394790,141067219.08,5.0,No,Peak,35.0116,135.7681
2023-05,Brazil,Salvador,Urban,561965,239957624.07,4.0,No,Peak,-12.9777,-38.5016
2024-08,Japan,Nara,Urban,100216,29149453.29,4.5,No,Off-Peak,34.6851,135.8048
2025-10,Brazil,Salvador,Religious,376556,147537526.93,4.5,Yes,Peak,-12.9777,-38.5016
2025-11,Thailand,Chiang Mai,Historical,207423,54430752.76,4.8,Yes,Off-Peak,18.7883,98.9853
2022-10,France,Nice,Urban,144169,59661017.24,3.5,Yes,Off-Peak,43.7102,7.262
2022-07,Italy,Milan,Wildlife,411284,95089827.64,4.7,Yes,Shoulder,45.4642,9.19
2025-11,USA,New York,Luxury,296677,60656168.36,3.9,Yes,Peak,40.7128,-74.006
2024-09,Switzerland,Geneva,Historical,247647,107501246.27,4.9,No,Peak,46.2044,6.1432
2025-10,Italy,Venice,Adventure,562734,52901829.61,4.6,No,Shoulder,45.4408,12.3155
2024-10,Australia,Gold Coast,Adventure,182951,44579808.07,4.9,No,Off-Peak,-28.0167,153.4
2023-02,Thailand,Phuket,Nature,196428,38851074.25,3.7,Yes,Shoulder,7.8804,98.3923
2025-10,Thailand,Bangkok,Wildlife,144663,39407786.57,3.6,No,Shoulder,13.7563,100.5018
2023-11,Brazil,Rio de Janeiro,Historical,88688,8442547.66,3.4,Yes,Off-Peak,-22.9068,-43.1729
2023-05,Thailand,Bangkok,Nature,76001,31220641.51,4.3,No,Shoulder,13.7563,100.5018
2024-08,UAE,Abu Dhabi,Historical,232096,49585248.28,3.8,Yes,Peak,24.4539,54.3773
2022-01,India,Mumbai,Nature,195332,20359949.82,4.0,Yes,Shoulder,19.076,72.8777
2024-07,Brazil,Sao Paulo,Nature,59252,23184107.44,4.0,Yes,Peak,-23.5505,-46.6333
2023-06,Italy,Milan,Historical,207134,73443175.54,4.1,Yes,Peak,45.4642,9.19
2025-03,Thailand,Chiang Mai,Beach,396242,108740532.4,3.9,Yes,Peak,18.7883,98.9853
2022-10,Brazil,Rio de Janeiro,Adventure,500000,45091050.7,4.4,No,Peak,-22.9068,-43.1729
2025-02,Italy,Rome,Urban,552825,115237891.46,3.6,No,Shoulder,41.9028,12.4964
2023-04,UAE,Dubai,Nature,142788,15405813.04,3.8,No,Off-Peak,25.2048,55.2708
2024-05,France,Cannes,Beach,383303,58702578.23,3.6,Yes,Off-Peak,43.5528,7.0174
2024-06,India,Delhi,Religious,75294,6351898.04,4.9,No,Peak,28.6139,77.209
2024-05,Japan,Tokyo,Luxury,54366,14278752.35,3.8,No,Off-Peak,35.6762,139.6503
2025-02,Australia,Gold Coast,Religious,10123,2963659.45,3.4,No,Peak,-28.0167,153.4
2023-04,USA,San Francisco,Luxury,189523,44073867.33,3.7,No,Peak,37.7749,-122.4194
2024-04,Thailand,Bangkok,Religious,531075,62997219.99,4.8,No,Shoulder,13.7563,100.5018
2023-03,Italy,Rome,Urban,328448,119295662.95,3.8,Yes,Shoulder,41.9028,12.4964
2022-07,USA,San Francisco,Wildlife,158340,64031817.1,3.7,Yes,Off-Peak,37.7749,-122.4194
2022-07,Brazil,Rio de Janeiro,Luxury,305454,113055030.33,4.9,No,Off-Peak,-22.9068,-43.1729
2024-12,USA,New York,Luxury,468071,135060358.64,4.5,No,Shoulder,40.7128,-74.006
2025-04,Australia,Perth,Historical,288884,125480335.45,3.4,No,Shoulder,-31.9505,115.8605
2024-04,UAE,Abu Dhabi,Urban,163582,70562481.95,4.1,Yes,Shoulder,24.4539,54.3773
2025-04,Brazil,Sao Paulo,Religious,569107,91143478.46,4.1,Yes,Peak,-23.5505,-46.6333
2024-04,USA,Las Vegas,Urban,119834,25387842.09,4.4,Yes,Off-Peak,36.1699,-115.1398
2022-01,Japan,Nara,Urban,578132,140455129.55,3.7,No,Shoulder,34.6851,135.8048
2023-11,Brazil,Rio de Janeiro,Historical,412873,155515334.32,4.7,No,Off-Peak,-22.9068,-43.1729
2025-09,Brazil,Rio de Janeiro,Adventure,458099,164931725.54,4.7,Yes,Shoulder,-22.9068,-43.1729
2023-10,Italy,Milan,Wildlife,223463,27617710.1,3.9,No,Peak,45.4642,9.19
2022-01,France,Nice,Beach,266271,75740692.21,3.8,No,Shoulder,43.7102,7.262
2022-10,France,Lyon,Urban,250501,36874402.49,4.6,No,Peak,45.764,4.8357
2024-08,India,Goa,Nature,354851,81859802.73,4.3,Yes,Peak,15.2993,74.124
2023-04,Japan,Osaka,Luxury,81729,16770773.57,3.5,No,Off-Peak,34.6937,135.5023
2025-11,Switzerland,Geneva,Wildlife,470366,179706068.0,3.2,No,Peak,46.2044,6.1432
2024-08,UAE,Dubai,Urban,31103,13290227.99,3.4,No,Peak,25.2048,55.2708
2022-04,Japan,Nara,Urban,37911,13318308.25,3.3,No,Off-Peak,34.6851,135.8048
2024-12,USA,Las Vegas,Wildlife,411343,45455795.13,4.5,No,Peak,36.1699,-115.1398
2024-04,Switzerland,Lucerne,Adventure,485700,196098918.16,4.8,No,Shoulder,47.0502,8.3093
2025-12,Thailand,Phuket,Religious,11513,2007149.69,3.9,No,Off-Peak,7.8804,98.3923
2024-11,France,Nice,Wildlife,309579,60000832.58,3.7,No,Shoulder,43.7102,7.262
2023-05,Australia,Melbourne,Historical,71605,24957450.73,4.3,No,Peak,-37.8136,144.9631
2025-08,UAE,Dubai,Adventure,275783,30445993.05,3.5,Yes,Shoulder,25.2048,55.2708
2023-09,Japan,Kyoto,Beach,133631,11397448.29,4.5,Yes,Peak,35.0116,135.7681
2025-10,Italy,Rome,Urban,308529,132910545.22,3.7,No,Off-Peak,41.9028,12.4964
2023-12,Thailand,Phuket,Urban,79523,9612048.71,4.9,No,Off-Peak,7.8804,98.3923
2024-03,India,Delhi,Nature,335983,98574118.21,4.8,No,Shoulder,28.6139,77.209
2025-06,USA,Orlando,Luxury,466552,122177634.4,4.6,No,Off-Peak,28.5383,-81.3792
2024-01,Australia,Perth,Luxury,459058,183022411.55,4.1,No,Peak,-31.9505,115.8605
2022-01,Switzerland,Geneva,Religious,136829,53972368.18,3.5,No,Off-Peak,46.2044,6.1432
2022-05,Australia,Gold Coast,Wildlife,199034,42710707.5,3.7,No,Shoulder,-28.0167,153.4
2024-06,Italy,Milan,Religious,155566,29660511.42,3.7,Yes,Peak,45.4642,9.19
2023-12,UAE,Dubai,Beach,585922,136658695.51,4.3,No,Shoulder,25.2048,55.2708
2022-03,Japan,Nara,Beach,294018,64849877.89,4.1,No,Off-Peak,34.6851,135.8048
2023-04,UAE,Dubai,Adventure,44240,16635883.43,3.4,Yes,Peak,25.2048,55.2708
2025-09,Japan,Tokyo,Nature,575410,258897159.19,4.7,Yes,Peak,35.6762,139.6503
2022-08,India,Jaipur,Urban,118764,38880488.69,3.9,No,Shoulder,26.9124,75.7873
2024-10,Switzerland,Geneva,Wildlife,364806,72348161.45,3.4,No,Off-Peak,46.2044,6.1432
2023-10,Italy,Milan,Historical,114410,20856673.07,3.9,No,Off-Peak,45.4642,9.19
2023-02,Australia,Perth,Religious,553701,59222444.49,4.0,Yes,Shoulder,-31.9505,115.8605
2025-07,Switzerland,Geneva,Nature,98315,19803201.8,4.9,No,Shoulder,46.2044,6.1432
2024-11,UAE,Dubai,Religious,218210,74828269.94,4.5,No,Shoulder,25.2048,55.2708
2025-06,USA,New York,Adventure,491513,98792972.64,4.4,Yes,Shoulder,40.7128,-74.006
2022-09,France,Paris,Urban,458157,182558740.17,4.9,No,Shoulder,48.8566,2.3522
2025-02,Thailand,Phuket,Nature,181287,40886330.59,4.8,No,Peak,7.8804,98.3923
2022-08,UAE,Sharjah,Wildlife,384466,168187569.32,4.0,No,Off-Peak,25.3463,55.4209
2022-06,Brazil,Salvador,Beach,55972,7193128.87,5.0,No,Peak,-12.9777,-38.5016
2025-11,Brazil,Rio de Janeiro,Adventure,333002,129728662.96,3.5,No,Peak,-22.9068,-43.1729
2023-12,France,Nice,Historical,135233,39445916.22,4.3,No,Shoulder,43.7102,7.262
2025-11,UAE,Dubai,Urban,324549,76047282.58,3.5,Yes,Peak,25.2048,55.2708
2024-03,UAE,Abu Dhabi,Nature,450668,141465938.32,3.6,Yes,Shoulder,24.4539,54.3773
2022-10,Australia,Sydney,Urban,552276,82723166.09,3.4,Yes,Off-Peak,-33.8688,151.2093
2022-01,Japan,Tokyo,Nature,294947,29451069.32,4.1,No,Shoulder,35.6762,139.6503
2025-08,Switzerland,Geneva,Urban,73729,30285537.52,3.3,No,Shoulder,46.2044,6.1432
2022-04,USA,Las Vegas,Wildlife,368357,67633049.89,3.2,Yes,Shoulder,36.1699,-115.1398
2022-04,Japan,Kyoto,Wildlife,545531,48576312.84,3.7,Yes,Off-Peak,35.0116,135.7681
2025-04,Japan,Tokyo,Beach,30216,7650123.01,3.4,Yes,Peak,35.6762,139.6503
2024-08,Australia,Melbourne,Wildlife,140495,43968180.04,3.6,No,Off-Peak,-37.8136,144.9631
2024-02,Australia,Gold Coast,Historical,467250,113028378.29,4.0,No,Peak,-28.0167,153.4
2024-12,Australia,Gold Coast,Historical,330042,61584914.43,4.9,Yes,Off-Peak,-28.0167,153.4
2023-10,UAE,Abu Dhabi,Nature,115889,34145089.92,4.6,Yes,Shoulder,24.4539,54.3773
2025-10,USA,Las Vegas,Beach,490146,190146966.81,4.9,No,Peak,36.1699,-115.1398
2023-03,France,Nice,Nature,272054,79079510.93,4.0,No,Shoulder,43.7102,7.262
2024-09,Switzerland,Lucerne,Adventure,351619,144130838.13,4.7,No,Peak,47.0502,8.3093
2025-03,Japan,Tokyo,Beach,142989,23133832.61,4.9,Yes,Peak,35.6762,139.6503
2025-01,Thailand,Phuket,Religious,259196,50950558.66,4.4,Yes,Off-Peak,7.8804,98.3923
2024-03,Italy,Rome,Adventure,98923,43894008.58,3.3,No,Shoulder,41.9028,12.4964
2022-01,Australia,Sydney,Urban,53085,20630916.51,3.5,No,Peak,-33.8688,151.2093
2023-05,UAE,Abu Dhabi,Nature,309193,118969272.13,4.5,No,Shoulder,24.4539,54.3773
2022-11,France,Lyon,Beach,159512,50034132.37,4.0,Yes,Peak,45.764,4.8357
2023-04,Thailand,Phuket,Religious,529524,73163223.3,4.1,No,Shoulder,7.8804,98.3923
2022-04,Australia,Perth,Nature,116593,17452964.34,4.6,Yes,Peak,-31.9505,115.8605
2022-04,India,Goa,Luxury,50495,7994942.37,5.0,No,Shoulder,15.2993,74.124
2024-05,UAE,Sharjah,Religious,503958,93214051.0,3.9,No,Peak,25.3463,55.4209
2025-07,Thailand,Bangkok,Urban,584589,255262535.68,4.4,Yes,Off-Peak,13.7563,100.5018
2023-03,USA,San Francisco,Adventure,232119,79696436.22,4.7,No,Shoulder,37.7749,-122.4194
2022-05,UAE,Sharjah,Religious,303892,57670780.81,3.9,Yes,Off-Peak,25.3463,55.4209
2024-08,France,Cannes,Nature,332793,65235881.52,5.0,Yes,Shoulder,43.5528,7.0174
2024-02,Australia,Sydney,Luxury,528970,112575872.03,4.7,No,Shoulder,-33.8688,151.2093
2022-01,UAE,Abu Dhabi,Beach,436846,161933216.96,4.4,Yes,Shoulder,24.4539,54.3773
2022-10,Japan,Nara,Adventure,335067,97392749.52,3.9,No,Shoulder,34.6851,135.8048
2022-01,USA,Las Vegas,Adventure,97563,14447547.27,4.8,No,Peak,36.1699,-115.1398
2024-07,USA,Orlando,Religious,375280,146545433.42,3.6,Yes,Peak,28.5383,-81.3792
2022-03,Thailand,Phuket,Urban,438284,46428334.89,3.5,No,Off-Peak,7.8804,98.3923
2025-04,Japan,Tokyo,Wildlife,198866,19311526.13,3.3,No,Peak,35.6762,139.6503
2022-02,Italy,Venice,Nature,132779,28392179.57,4.6,No,Shoulder,45.4408,12.3155
2025-03,Japan,Kyoto,Religious,179268,16526145.18,4.5,No,Shoulder,35.0116,135.7681
2023-05,UAE,Dubai,Beach,589048,147568397.08,4.0,No,Peak,25.2048,55.2708
2024-06,Brazil,Rio de Janeiro,Nature,577281,186990214.53,4.4,No,Off-Peak,-22.9068,-43.1729
2022-04,Thailand,Chiang Mai,Wildlife,30215,8071591.27,3.8,No,Off-Peak,18.7883,98.9853
2025-09,UAE,Abu Dhabi,Nature,328598,78741594.57,4.4,Yes,Shoulder,24.4539,54.3773
2023-02,Brazil,Salvador,Luxury,329321,87947421.23,4.8,No,Shoulder,-12.9777,-38.5016
2025-02,India,Mumbai,Adventure,356682,72639435.88,4.3,Yes,Shoulder,19.076,72.8777
2024-01,Thailand,Bangkok,Adventure,400316,63235756.94,4.8,Yes,Off-Peak,13.7563,100.5018
2024-08,Thailand,Chiang Mai,Nature,171555,53841282.23,3.7,No,Shoulder,18.7883,98.9853
2024-07,Brazil,Salvador,Beach,178693,62405415.14,3.7,Yes,Peak,-12.9777,-38.5016
2024-04,Japan,Osaka,Luxury,268617,61021806.02,3.3,Yes,Off-Peak,34.6937,135.5023
2022-06,Brazil,Salvador,Beach,410101,181559336.87,4.8,No,Peak,-12.9777,-38.5016
2025-12,Switzerland,Lucerne,Wildlife,409869,175743315.77,4.3,Yes,Off-Peak,47.0502,8.3093
2023-04,USA,Orlando,Religious,24929,2763438.41,4.9,No,Off-Peak,28.5383,-81.3792
2023-06,France,Nice,Beach,319253,125956454.62,5.0,Yes,Shoulder,43.7102,7.262
2023-04,Japan,Tokyo,Beach,575911,71921432.27,4.2,Yes,Off-Peak,35.6762,139.6503
2022-09,Thailand,Phuket,Nature,76425,20081818.83,4.1,Yes,Shoulder,7.8804,98.3923
2022-06,Brazil,Salvador,Adventure,7473,1040083.91,4.6,Yes,Off-Peak,-12.9777,-38.5016
2023-12,Japan,Tokyo,Adventure,530519,48542156.4,4.3,Yes,Shoulder,35.6762,139.6503
2023-02,France,Lyon,Historical,164281,69560984.86,3.6,No,Shoulder,45.764,4.8357
2022-01,Japan,Tokyo,Adventure,310228,33949276.75,4.1,Yes,Peak,35.6762,139.6503
2022-12,France,Cannes,Beach,512412,199064490.62,3.5,No,Shoulder,43.5528,7.0174
2025-07,India,Kerala,Wildlife,107428,27910267.6,3.8,Yes,Peak,10.8505,76.2711
2024-06,India,Jaipur,Luxury,88028,35340002.68,4.7,Yes,Peak,26.9124,75.7873
2023-04,USA,Orlando,Urban,560324,250318847.54,4.6,No,Peak,28.5383,-81.3792
2023-07,Australia,Sydney,Wildlife,332801,64112326.88,4.3,Yes,Off-Peak,-33.8688,151.2093
2022-09,India,Varanasi,Wildlife,16319,2154657.76,4.9,Yes,Off-Peak,25.3176,82.9739
2025-07,India,Goa,Beach,253948,101220523.6,4.2,Yes,Off-Peak,15.2993,74.124
2022-12,Brazil,Salvador,Nature,124571,17696625.93,3.9,Yes,Peak,-12.9777,-38.5016
2023-05,Australia,Melbourne,Historical,191592,54060030.05,3.4,No,Peak,-37.8136,144.9631
2023-12,Thailand,Phuket,Adventure,172958,55787607.15,3.3,Yes,Peak,7.8804,98.3923
2024-04,Japan,Tokyo,Wildlife,108523,31328399.82,4.5,Yes,Shoulder,35.6762,139.6503
2024-08,Japan,Kyoto,Beach,410043,48204721.32,4.6,No,Off-Peak,35.0116,135.7681
2024-04,Switzerland,Zurich,Wildlife,123425,46164187.68,4.5,No,Shoulder,47.3769,8.5417
2023-09,Italy,Rome,Historical,193238,39274526.0,4.1,No,Peak,41.9028,12.4964
2022-02,UAE,Abu Dhabi,Adventure,250221,35859945.82,4.3,No,Peak,24.4539,54.3773
2023-02,Thailand,Chiang Mai,Beach,359427,66378225.76,4.4,No,Peak,18.7883,98.9853
2022-04,France,Lyon,Religious,82867,7471570.66,3.8,No,Peak,45.764,4.8357
2023-09,Switzerland,Geneva,Adventure,531176,150145901.73,3.9,No,Off-Peak,46.2044,6.1432
2024-09,India,Kerala,Urban,525694,126892361.19,4.3,Yes,Shoulder,10.8505,76.2711
2025-06,India,Kerala,Wildlife,29847,6724536.48,4.4,Yes,Off-Peak,10.8505,76.2711
2023-09,Switzerland,Zurich,Beach,342568,38079165.05,4.8,No,Peak,47.3769,8.5417
2023-04,Thailand,Chiang Mai,Adventure,469195,132756015.02,4.2,Yes,Shoulder,18.7883,98.9853
2022-01,Switzerland,Zurich,Religious,141772,17003823.94,4.6,Yes,Peak,47.3769,8.5417
2023-01,USA,New York,Luxury,452928,125751151.22,3.3,Yes,Off-Peak,40.7128,-74.006
2022-03,India,Agra,Luxury,322560,63375072.07,3.3,No,Shoulder,27.1767,78.0081
2025-11,USA,San Francisco,Historical,86411,21648432.41,4.4,No,Shoulder,37.7749,-122.4194
2024-04,Australia,Perth,Luxury,599270,259056970.57,4.3,Yes,Peak,-31.9505,115.8605
2025-12,USA,New York,Beach,474584,92033733.18,3.7,Yes,Peak,40.7128,-74.006
2022-08,Switzerland,Lucerne,Beach,551534,230622935.96,3.4,No,Off-Peak,47.0502,8.3093
2024-06,UAE,Abu Dhabi,Wildlife,426650,99816632.33,3.3,No,Peak,24.4539,54.3773
2022-07,USA,San Francisco,Wildlife,35395,3342487.84,3.5,Yes,Off-Peak,37.7749,-122.4194
2022-05,UAE,Abu Dhabi,Wildlife,352189,141544978.12,4.0,Yes,Peak,24.4539,54.3773
2022-01,Italy,Venice,Urban,587084,199883537.81,3.8,Yes,Off-Peak,45.4408,12.3155
2024-05,Thailand,Chiang Mai,Wildlife,175040,56561351.14,3.8,Yes,Shoulder,18.7883,98.9853
2025-05,Italy,Rome,Adventure,375475,103962524.04,4.1,No,Peak,41.9028,12.4964
2024-06,Australia,Perth,Adventure,188135,58167144.36,4.8,Yes,Peak,-31.9505,115.8605
2022-11,Australia,Perth,Urban,21668,1974057.9,4.7,Yes,Shoulder,-31.9505,115.8605
2023-01,Switzerland,Geneva,Urban,449269,163238558.67,3.7,No,Off-Peak,46.2044,6.1432
2025-02,Italy,Milan,Nature,265531,52592449.65,4.6,No,Peak,45.4642,9.19
2025-11,Japan,Tokyo,Luxury,584939,189964774.53,3.9,Yes,Off-Peak,35.6762,139.6503
2023-04,Japan,Osaka,Urban,241713,99376198.29,4.9,Yes,Peak,34.6937,135.5023
2023-01,France,Cannes,Nature,449729,80934485.72,3.3,No,Shoulder,43.5528,7.0174
2024-02,Italy,Rome,Nature,397585,69381607.15,4.4,No,Peak,41.9028,12.4964
2022-11,UAE,Dubai,Luxury,425637,62705069.77,3.6,No,Off-Peak,25.2048,55.2708
2023-06,India,Delhi,Religious,294341,63087819.04,4.5,No,Peak,28.6139,77.209
2022-06,USA,Orlando,Historical,159453,18965909.71,3.8,No,Off-Peak,28.5383,-81.3792
2025-06,Brazil,Sao Paulo,Urban,506273,71728359.15,4.7,No,Peak,-23.5505,-46.6333
2024-09,USA,San Francisco,Historical,254180,104904055.02,3.3,Yes,Peak,37.7749,-122.4194
2025-06,UAE,Abu Dhabi,Adventure,519975,215148973.63,4.4,No,Peak,24.4539,54.3773
2024-05,Brazil,Salvador,Adventure,530450,92127941.42,4.5,No,Peak,-12.9777,-38.5016
2024-08,Brazil,Salvador,Religious,558975,202868366.52,4.2,Yes,Off-Peak,-12.9777,-38.5016
2024-06,Japan,Tokyo,Religious,69125,26234512.57,3.7,Yes,Shoulder,35.6762,139.6503
2025-01,Japan,Osaka,Adventure,508428,213254275.78,4.8,Yes,Off-Peak,34.6937,135.5023
2023-05,Thailand,Chiang Mai,Religious,184847,65409143.82,5.0,Yes,Shoulder,18.7883,98.9853
2023-05,Switzerland,Zurich,Luxury,152129,67314973.42,4.8,Yes,Shoulder,47.3769,8.5417
2022-11,Thailand,Chiang Mai,Urban,407577,63609563.05,3.3,Yes,Off-Peak,18.7883,98.9853
2024-03,UAE,Dubai,Luxury,451456,55197627.42,3.2,No,Peak,25.2048,55.2708
2022-10,Thailand,Phuket,Historical,112415,30574958.52,4.1,Yes,Off-Peak,7.8804,98.3923
2022-05,Australia,Sydney,Urban,450372,108978833.01,3.8,Yes,Peak,-33.8688,151.2093
2022-01,France,Nice,Adventure,338888,118286980.21,3.5,No,Peak,43.7102,7.262
2022-12,India,Delhi,Wildlife,60263,8501377.9,4.9,No,Shoulder,28.6139,77.209
2022-12,Japan,Kyoto,Beach,123300,35146436.77,4.8,No,Shoulder,35.0116,135.7681
2022-10,Brazil,Salvador,Religious,314704,29448090.4,4.0,No,Off-Peak,-12.9777,-38.5016
2024-09,Brazil,Salvador,Urban,479646,67463585.25,4.9,Yes,Off-Peak,-12.9777,-38.5016
2022-09,France,Lyon,Urban,287786,64790683.12,4.4,Yes,Off-Peak,45.764,4.8357
2024-04,Italy,Venice,Historical,564163,195092682.42,3.8,No,Peak,45.4408,12.3155
2025-12,Switzerland,Lucerne,Urban,342701,85357978.11,3.8,No,Shoulder,47.0502,8.3093
2025-09,UAE,Dubai,Adventure,518569,155271152.27,3.3,No,Off-Peak,25.2048,55.2708
2025-07,Thailand,Chiang Mai,Nature,497022,111473333.51,4.0,No,Off-Peak,18.7883,98.9853
2025-02,France,Paris,Nature,391894,119112399.86,4.5,Yes,Off-Peak,48.8566,2.3522
2025-01,India,Delhi,Beach,246052,108469336.37,3.8,No,Shoulder,28.6139,77.209
2023-11,India,Agra,Luxury,561520,173520754.84,4.9,No,Shoulder,27.1767,78.0081
2023-11,India,Mysuru,Urban,226751,74898100.76,4.8,No,Peak,12.2958,76.6394
2022-11,Thailand,Phuket,Historical,90865,9183541.09,4.1,Yes,Off-Peak,7.8804,98.3923
2023-08,Italy,Venice,Urban,403133,168712868.06,4.1,Yes,Off-Peak,45.4408,12.3155
2024-09,Australia,Gold Coast,Religious,68842,30537415.97,4.3,Yes,Off-Peak,-28.0167,153.4
2023-10,UAE,Abu Dhabi,Adventure,257080,96767013.73,4.4,No,Off-Peak,24.4539,54.3773
2024-05,Brazil,Sao Paulo,Luxury,44916,18901766.28,4.9,No,Off-Peak,-23.5505,-46.6333
2024-12,Japan,Nara,Religious,269248,94006742.39,4.5,No,Peak,34.6851,135.8048
2025-12,Italy,Venice,Urban,352034,82778759.42,4.6,Yes,Peak,45.4408,12.3155
2022-11,Thailand,Phuket,Wildlife,183150,54565099.42,4.3,Yes,Shoulder,7.8804,98.3923
2022-11,USA,San Francisco,Nature,348676,129365462.22,3.9,No,Shoulder,37.7749,-122.4194
2022-10,Brazil,Salvador,Beach,60297,23116367.37,4.4,No,Off-Peak,-12.9777,-38.5016
2022-04,India,Varanasi,Urban,5966,2154054.19,3.8,Yes,Peak,25.3176,82.9739
2025-01,USA,Las Vegas,Religious,440002,111681597.27,3.8,No,Peak,36.1699,-115.1398
2025-10,Japan,Nara,Nature,398337,81050618.31,4.3,No,Peak,34.6851,135.8048
2025-12,USA,Las Vegas,Adventure,460486,40547291.25,3.3,No,Peak,36.1699,-115.1398
2023-02,India,Mysuru,Urban,263020,107181508.92,3.3,No,Shoulder,12.2958,76.6394
2022-10,Thailand,Bangkok,Adventure,475625,152562230.26,4.8,Yes,Shoulder,13.7563,100.5018
2022-07,Japan,Tokyo,Historical,305789,78880216.39,4.6,No,Peak,35.6762,139.6503
2022-04,Japan,Kyoto,Religious,247647,46556131.16,3.4,No,Peak,35.0116,135.7681
2022-04,UAE,Sharjah,Adventure,455767,150623661.86,4.3,Yes,Peak,25.3463,55.4209
2024-11,Japan,Nara,Beach,585203,205131007.47,4.4,Yes,Peak,34.6851,135.8048
2024-08,Brazil,Rio de Janeiro,Luxury,440687,116565311.4,4.0,No,Off-Peak,-22.9068,-43.1729
2024-06,Japan,Nara,Luxury,363684,70964280.29,3.8,No,Shoulder,34.6851,135.8048
2024-09,India,Kerala,Historical,267347,82062380.52,4.7,No,Peak,10.8505,76.2711
2022-04,Australia,Sydney,Adventure,118118,26136314.39,3.6,No,Off-Peak,-33.8688,151.2093
2024-11,Japan,Kyoto,Adventure,56711,8568581.52,3.6,Yes,Peak,35.0116,135.7681
2025-06,Australia,Sydney,Religious,331449,67765952.83,4.6,No,Peak,-33.8688,151.2093
2022-02,Italy,Milan,Luxury,267562,35127516.25,4.6,Yes,Off-Peak,45.4642,9.19
2023-09,Thailand,Phuket,Historical,116278,41412352.69,3.7,No,Off-Peak,7.8804,98.3923
2023-07,Italy,Rome,Nature,445470,156743699.84,3.7,Yes,Off-Peak,41.9028,12.4964
2022-04,Brazil,Sao Paulo,Adventure,266355,78776875.29,3.3,No,Off-Peak,-23.5505,-46.6333
2025-07,Italy,Florence,Beach,180876,25022884.1,4.5,No,Shoulder,43.7696,11.2558
2024-06,Brazil,Rio de Janeiro,Historical,481001,67099144.52,4.2,No,Shoulder,-22.9068,-43.1729
2025-02,Switzerland,Lucerne,Urban,93743,36293164.48,3.8,Yes,Off-Peak,47.0502,8.3093
2023-09,Australia,Sydney,Luxury,294719,95200189.26,3.7,No,Off-Peak,-33.8688,151.2093
2023-04,USA,Orlando,Beach,156393,14257371.95,3.3,No,Peak,28.5383,-81.3792
2024-01,USA,Las Vegas,Wildlife,556885,155475403.09,3.8,No,Peak,36.1699,-115.1398
2025-03,France,Cannes,Religious,516776,187519651.13,3.4,No,Off-Peak,43.5528,7.0174
2024-04,Thailand,Bangkok,Wildlife,244610,32533992.52,4.4,No,Peak,13.7563,100.5018
2025-09,Italy,Rome,Urban,65078,21243515.72,4.0,Yes,Shoulder,41.9028,12.4964
2025-09,Thailand,Bangkok,Luxury,287957,27606545.86,3.6,No,Peak,13.7563,100.5018
2025-12,Japan,Osaka,Wildlife,18187,5407722.92,3.4,Yes,Off-Peak,34.6937,135.5023
2023-09,USA,Orlando,Adventure,509817,132799385.23,3.7,Yes,Shoulder,28.5383,-81.3792
2022-09,Switzerland,Lucerne,Luxury,215993,56429851.26,4.8,No,Peak,47.0502,8.3093
2024-02,Australia,Sydney,Historical,448447,93539170.84,4.5,Yes,Shoulder,-33.8688,151.2093
2025-08,Australia,Gold Coast,Luxury,441081,48497657.13,4.0,No,Peak,-28.0167,153.4
2025-12,Brazil,Rio de Janeiro,Nature,446007,99710914.42,3.9,Yes,Off-Peak,-22.9068,-43.1729
2022-08,Brazil,Sao Paulo,Luxury,333816,41102706.83,4.8,Yes,Peak,-23.5505,-46.6333
2023-01,Brazil,Sao Paulo,Adventure,440500,56704938.08,4.8,Yes,Shoulder,-23.5505,-46.6333
2025-03,Italy,Florence,Luxury,419110,43976841.12,3.4,Yes,Shoulder,43.7696,11.2558
2025-12,UAE,Sharjah,Urban,477959,136923735.85,4.6,No,Shoulder,25.3463,55.4209
2024-10,Thailand,Chiang Mai,Wildlife,323948,94364532.95,4.7,No,Shoulder,18.7883,98.9853
2023-03,Japan,Tokyo,Beach,450495,93962744.33,4.1,Yes,Off-Peak,35.6762,139.6503
2022-12,Japan,Nara,Religious,197101,75109344.11,4.5,No,Off-Peak,34.6851,135.8048
2022-08,Italy,Venice,Adventure,9534,2465401.21,3.9,Yes,Peak,45.4408,12.3155
2022-07,Thailand,Phuket,Historical,218699,63673597.22,4.1,No,Peak,7.8804,98.3923
2024-10,Thailand,Chiang Mai,Religious,22804,7455130.97,3.6,No,Peak,18.7883,98.9853
2023-01,UAE,Dubai,Beach,187218,43602017.78,3.8,No,Peak,25.2048,55.2708
2023-12,Australia,Perth,Luxury,481864,149149650.06,3.7,No,Peak,-31.9505,115.8605
2025-10,India,Delhi,Beach,13807,2213573.46,4.5,No,Peak,28.6139,77.209
2023-08,India,Kerala,Adventure,138652,47487738.84,3.7,No,Peak,10.8505,76.2711
2023-10,Australia,Melbourne,Luxury,245405,26974801.7,4.2,Yes,Peak,-37.8136,144.9631
2025-08,Japan,Tokyo,Religious,455119,121545463.24,5.0,Yes,Shoulder,35.6762,139.6503
2025-06,France,Lyon,Historical,214579,73549797.93,3.4,Yes,Shoulder,45.764,4.8357
2025-03,France,Cannes,Beach,512958,194682709.15,3.6,No,Off-Peak,43.5528,7.0174
2024-02,UAE,Abu Dhabi,Urban,244636,63032840.75,4.1,Yes,Peak,24.4539,54.3773
2023-06,UAE,Abu Dhabi,Religious,545458,45689330.21,3.6,No,Shoulder,24.4539,54.3773
2022-02,India,Agra,Nature,296587,77560499.08,3.6,Yes,Shoulder,27.1767,78.0081
2025-10,France,Nice,Urban,167844,59360814.75,3.4,No,Shoulder,43.7102,7.262
2022-07,Australia,Perth,Religious,478566,46684788.1,4.7,Yes,Peak,-31.9505,115.8605
2024-06,Australia,Perth,Beach,530677,132005946.62,3.3,No,Off-Peak,-31.9505,115.8605
2024-11,Italy,Florence,Historical,311299,82551520.23,3.5,Yes,Shoulder,43.7696,11.2558
2025-10,Switzerland,Zurich,Historical,9170,1846492.01,3.7,No,Off-Peak,47.3769,8.5417
2025-01,Thailand,Phuket,Historical,286277,48968825.79,4.5,No,Off-Peak,7.8804,98.3923
2022-09,Thailand,Phuket,Adventure,368204,160079828.53,4.5,No,Peak,7.8804,98.3923
2025-07,Brazil,Salvador,Urban,348712,119301625.72,4.2,Yes,Peak,-12.9777,-38.5016
2023-05,Brazil,Sao Paulo,Urban,594193,89243864.58,4.7,No,Shoulder,-23.5505,-46.6333
2024-03,Australia,Perth,Luxury,508586,55143418.06,4.8,No,Off-Peak,-31.9505,115.8605
2025-10,Australia,Sydney,Historical,40612,13728993.73,4.3,No,Shoulder,-33.8688,151.2093
2022-10,Thailand,Chiang Mai,Nature,201616,58226440.15,4.4,No,Shoulder,18.7883,98.9853
2022-08,Japan,Nara,Urban,21006,2356354.77,4.3,Yes,Off-Peak,34.6851,135.8048
2023-09,UAE,Dubai,Nature,594216,137627652.2,4.5,No,Shoulder,25.2048,55.2708
2022-01,India,Varanasi,Adventure,147409,13378115.59,4.7,Yes,Shoulder,25.3176,82.9739
2022-11,Japan,Tokyo,Beach,74931,27019379.93,4.2,No,Off-Peak,35.6762,139.6503
2024-05,Thailand,Phuket,Adventure,235518,101125658.43,3.6,No,Peak,7.8804,98.3923
2023-03,USA,Orlando,Luxury,532734,113893722.44,4.1,No,Shoulder,28.5383,-81.3792
2024-02,France,Paris,Religious,369387,96573254.16,3.7,Yes,Shoulder,48.8566,2.3522
2022-03,UAE,Abu Dhabi,Religious,506550,89374028.59,4.7,Yes,Shoulder,24.4539,54.3773
2023-05,Japan,Tokyo,Beach,416534,124305043.8,4.5,No,Off-Peak,35.6762,139.6503
2024-08,UAE,Sharjah,Nature,563555,194940576.67,3.3,No,Shoulder,25.3463,55.4209
2022-08,Switzerland,Geneva,Beach,564729,222751090.89,3.8,Yes,Peak,46.2044,6.1432
2024-03,Brazil,Rio de Janeiro,Adventure,447941,88247753.28,5.0,Yes,Shoulder,-22.9068,-43.1729
2022-04,India,Mumbai,Urban,545730,46511388.62,3.4,No,Off-Peak,19.076,72.8777
2025-11,France,Lyon,Beach,494523,47042768.14,3.3,Yes,Peak,45.764,4.8357
2024-09,Thailand,Bangkok,Religious,549266,96299660.05,4.0,Yes,Shoulder,13.7563,100.5018
2023-04,USA,San Francisco,Luxury,301807,108257526.8,3.6,Yes,Shoulder,37.7749,-122.4194
2023-02,Brazil,Sao Paulo,Historical,114717,33556962.0,3.8,No,Off-Peak,-23.5505,-46.6333
2022-07,France,Nice,Nature,155419,67584107.61,3.8,Yes,Shoulder,43.7102,7.262
2025-06,Switzerland,Lucerne,Adventure,270414,57498372.14,3.3,Yes,Shoulder,47.0502,8.3093
2025-03,India,Kerala,Urban,375538,149514065.34,3.2,No,Peak,10.8505,76.2711
2022-12,Brazil,Sao Paulo,Religious,71116,20548634.17,4.3,Yes,Shoulder,-23.5505,-46.6333
2024-12,Japan,Kyoto,Wildlife,263896,87447508.53,5.0,No,Off-Peak,35.0116,135.7681
2025-11,India,Mysuru,Religious,178349,73412178.93,4.7,Yes,Off-Peak,12.2958,76.6394
2025-04,India,Kerala,Wildlife,596580,169155439.15,4.2,No,Off-Peak,10.8505,76.2711
2022-07,Japan,Tokyo,Nature,558697,128926486.59,3.5,Yes,Shoulder,35.6762,139.6503
2025-10,Brazil,Salvador,Beach,474464,69619713.82,4.6,Yes,Shoulder,-12.9777,-38.5016
2022-08,Italy,Rome,Religious,499847,212614814.5,4.2,No,Peak,41.9028,12.4964
2022-05,Japan,Kyoto,Wildlife,115561,31023652.69,3.3,No,Off-Peak,35.0116,135.7681
2022-05,UAE,Abu Dhabi,Adventure,522255,232606722.6,4.6,Yes,Peak,24.4539,54.3773
2024-10,Japan,Tokyo,Wildlife,168667,33437930.72,4.0,Yes,Off-Peak,35.6762,139.6503
2023-04,Switzerland,Lucerne,Beach,199720,31437776.11,3.2,No,Off-Peak,47.0502,8.3093
2025-03,Switzerland,Geneva,Adventure,121144,21627440.09,4.3,Yes,Off-Peak,46.2044,6.1432
2022-05,Australia,Gold Coast,Nature,492938,207856467.12,3.7,No,Off-Peak,-28.0167,153.4
2025-09,USA,Orlando,Urban,104347,20561717.76,4.0,Yes,Off-Peak,28.5383,-81.3792
2023-08,Thailand,Chiang Mai,Adventure,320042,142017463.39,3.8,No,Shoulder,18.7883,98.9853
2025-10,Brazil,Salvador,Historical,55888,21352437.0,3.9,Yes,Peak,-12.9777,-38.5016
2024-07,France,Lyon,Nature,458803,170361899.9,4.2,No,Peak,45.764,4.8357
2023-07,Australia,Perth,Luxury,453606,119273344.03,3.3,No,Peak,-31.9505,115.8605
2025-03,UAE,Sharjah,Nature,14694,3915683.52,3.6,Yes,Shoulder,25.3463,55.4209
2023-09,Japan,Osaka,Beach,459995,67005935.75,4.1,No,Peak,34.6937,135.5023
2024-01,Japan,Osaka,Nature,365817,122408120.77,4.7,Yes,Peak,34.6937,135.5023
2023-06,USA,Orlando,Religious,150129,37121799.58,3.8,No,Off-Peak,28.5383,-81.3792
2024-02,Thailand,Chiang Mai,Nature,144960,40313862.52,3.2,Yes,Peak,18.7883,98.9853
2022-06,USA,Las Vegas,Luxury,491525,59345562.61,4.1,No,Peak,36.1699,-115.1398
2025-02,Switzerland,Lucerne,Wildlife,401187,174386299.78,3.7,No,Shoulder,47.0502,8.3093
2022-02,Italy,Venice,Nature,497194,165702847.4,3.8,No,Off-Peak,45.4408,12.3155
2024-03,Switzerland,Geneva,Historical,199427,58072168.68,4.8,Yes,Shoulder,46.2044,6.1432
2022-06,Italy,Venice,Adventure,299144,127216639.6,4.5,Yes,Shoulder,45.4408,12.3155
2023-11,India,Mysuru,Nature,199437,66517255.45,3.7,Yes,Shoulder,12.2958,76.6394
2023-12,Australia,Gold Coast,Urban,363325,37726560.4,4.2,Yes,Off-Peak,-28.0167,153.4
2022-06,Switzerland,Lucerne,Urban,255647,92890452.29,3.3,Yes,Off-Peak,47.0502,8.3093
2023-01,UAE,Dubai,Adventure,34349,9167127.78,4.0,Yes,Off-Peak,25.2048,55.2708
2024-05,USA,New York,Luxury,328330,70035125.37,3.4,No,Shoulder,40.7128,-74.006
2022-10,Italy,Rome,Religious,209156,21351177.77,4.0,No,Shoulder,41.9028,12.4964
2025-05,Australia,Perth,Nature,311364,59246598.98,3.9,Yes,Peak,-31.9505,115.8605
2024-11,India,Agra,Wildlife,384060,55890155.11,4.3,No,Off-Peak,27.1767,78.0081
2024-02,Thailand,Chiang Mai,Nature,228837,24914084.18,3.6,Yes,Shoulder,18.7883,98.9853
2022-07,USA,San Francisco,Wildlife,48914,6767155.66,3.9,Yes,Shoulder,37.7749,-122.4194
2025-09,India,Kerala,Luxury,222563,43464479.24,3.3,No,Shoulder,10.8505,76.2711
2025-05,Thailand,Phuket,Historical,89657,21540064.48,5.0,No,Shoulder,7.8804,98.3923
2022-07,Japan,Tokyo,Beach,244849,84211395.68,4.4,No,Off-Peak,35.6762,139.6503
2022-12,Japan,Nara,Adventure,457494,125325796.34,3.9,No,Off-Peak,34.6851,135.8048
2024-11,France,Lyon,Religious,7789,1930694.32,4.8,No,Peak,45.764,4.8357
2022-07,Italy,Florence,Beach,84642,22788719.41,4.1,Yes,Peak,43.7696,11.2558
2025-12,UAE,Sharjah,Beach,439710,155532476.9,4.6,Yes,Off-Peak,25.3463,55.4209
2025-02,India,Delhi,Beach,444184,140247831.47,4.0,No,Peak,28.6139,77.209
2025-11,Switzerland,Lucerne,Luxury,116099,47571211.63,3.4,No,Off-Peak,47.0502,8.3093
2024-01,France,Paris,Wildlife,441640,124500480.83,3.7,No,Peak,48.8566,2.3522
2023-11,Italy,Rome,Beach,456489,184282409.23,4.8,No,Peak,41.9028,12.4964
2023-06,Japan,Kyoto,Urban,368378,144934993.4,3.2,Yes,Peak,35.0116,135.7681
2025-04,India,Varanasi,Religious,184868,16429578.04,3.6,Yes,Off-Peak,25.3176,82.9739
2024-05,India,Mysuru,Historical,459789,79752771.6,3.8,Yes,Shoulder,12.2958,76.6394
2022-06,Japan,Tokyo,Urban,528885,131364561.01,4.6,No,Off-Peak,35.6762,139.6503
2024-12,France,Nice,Adventure,595250,112086475.9,4.6,Yes,Peak,43.7102,7.262
2025-07,India,Agra,Historical,537304,113864941.55,4.4,Yes,Shoulder,27.1767,78.0081
2022-09,Brazil,Salvador,Historical,376421,147765918.25,4.8,Yes,Peak,-12.9777,-38.5016
2022-11,Italy,Milan,Religious,456004,199273017.71,4.7,Yes,Off-Peak,45.4642,9.19
2025-12,Japan,Kyoto,Historical,297088,49234317.75,4.3,Yes,Peak,35.0116,135.7681
2022-03,Japan,Kyoto,Adventure,388123,100891508.04,4.3,Yes,Peak,35.0116,135.7681
2023-07,Switzerland,Zurich,Urban,535399,52196570.23,4.8,Yes,Off-Peak,47.3769,8.5417
2023-02,UAE,Abu Dhabi,Urban,274369,37619595.95,4.5,No,Shoulder,24.4539,54.3773
2023-03,Switzerland,Zurich,Beach,205359,56147745.81,4.4,Yes,Off-Peak,47.3769,8.5417
2022-09,Switzerland,Geneva,Beach,262731,71115150.58,4.7,No,Peak,46.2044,6.1432
2023-10,USA,San Francisco,Beach,115947,45151971.95,3.4,Yes,Peak,37.7749,-122.4194
2022-07,Thailand,Phuket,Beach,183672,56440005.08,4.1,No,Off-Peak,7.8804,98.3923
2025-01,Thailand,Chiang Mai,Historical,247750,83236952.59,4.0,No,Off-Peak,18.7883,98.9853
2025-10,India,Goa,Urban,215144,45593654.6,4.2,No,Shoulder,15.2993,74.124
2023-02,UAE,Abu Dhabi,Wildlife,515408,97255127.89,3.7,No,Off-Peak,24.4539,54.3773
2022-09,UAE,Dubai,Nature,468977,105843644.22,4.5,No,Off-Peak,25.2048,55.2708
2022-01,USA,New York,Historical,160168,45006494.98,3.5,Yes,Shoulder,40.7128,-74.006
2024-11,Italy,Florence,Urban,144207,11789851.19,3.6,Yes,Off-Peak,43.7696,11.2558
2022-09,France,Cannes,Luxury,24099,7346559.74,4.5,No,Off-Peak,43.5528,7.0174
2024-03,Australia,Melbourne,Urban,456473,196486459.91,4.9,Yes,Shoulder,-37.8136,144.9631
2024-02,France,Cannes,Wildlife,210833,57683636.66,4.0,Yes,Off-Peak,43.5528,7.0174
2023-10,Switzerland,Zurich,Nature,265564,69144724.98,4.8,Yes,Shoulder,47.3769,8.5417
2022-01,Switzerland,Zurich,Nature,235910,102346682.31,4.6,No,Peak,47.3769,8.5417
2025-12,Brazil,Sao Paulo,Luxury,147238,14054407.95,4.4,No,Peak,-23.5505,-46.6333
2023-07,Italy,Milan,Beach,253239,28972336.36,3.7,No,Shoulder,45.4642,9.19
2023-06,USA,San Francisco,Wildlife,350026,54124844.77,4.8,No,Off-Peak,37.7749,-122.4194
2025-01,India,Delhi,Luxury,46786,11685447.27,3.3,No,Off-Peak,28.6139,77.209
2024-05,UAE,Abu Dhabi,Nature,507556,155084547.18,3.4,Yes,Shoulder,24.4539,54.3773
2023-10,Japan,Osaka,Wildlife,27268,4255710.26,4.8,Yes,Peak,34.6937,135.5023
2023-07,Switzerland,Lucerne,Historical,26158,8923326.15,4.1,No,Off-Peak,47.0502,8.3093
2023-02,Brazil,Salvador,Beach,296413,75676093.64,4.5,Yes,Peak,-12.9777,-38.5016
2024-06,Switzerland,Lucerne,Wildlife,535841,201848266.53,4.4,No,Shoulder,47.0502,8.3093
2023-09,Brazil,Rio de Janeiro,Wildlife,411014,60412530.45,3.9,No,Peak,-22.9068,-43.1729
2024-11,France,Paris,Religious,281499,68311889.44,4.2,No,Off-Peak,48.8566,2.3522
2023-09,France,Nice,Wildlife,408738,137690922.58,4.2,Yes,Shoulder,43.7102,7.262
2024-08,Italy,Rome,Religious,179321,74842237.0,3.5,Yes,Shoulder,41.9028,12.4964
2023-07,UAE,Dubai,Historical,560565,193981165.12,3.8,No,Off-Peak,25.2048,55.2708
2022-04,Japan,Nara,Urban,242932,38715265.89,4.8,Yes,Peak,34.6851,135.8048
2025-01,Switzerland,Geneva,Luxury,391305,171880268.86,3.2,Yes,Off-Peak,46.2044,6.1432
2024-12,Brazil,Sao Paulo,Historical,272668,49152182.23,3.7,Yes,Peak,-23.5505,-46.6333
2023-12,USA,New York,Luxury,471157,45560984.32,3.6,Yes,Peak,40.7128,-74.006
2024-05,UAE,Abu Dhabi,Wildlife,47310,6566417.81,3.9,Yes,Peak,24.4539,54.3773
2025-12,Switzerland,Lucerne,Urban,351229,48094299.04,4.9,No,Off-Peak,47.0502,8.3093
2025-01,Brazil,Salvador,Adventure,514003,211547137.88,3.9,No,Shoulder,-12.9777,-38.5016
2025-05,Japan,Nara,Religious,432677,193389957.38,4.0,No,Shoulder,34.6851,135.8048
2025-07,Thailand,Chiang Mai,Wildlife,260210,108408925.22,4.8,No,Peak,18.7883,98.9853
2023-11,Brazil,Salvador,Beach,154815,57986747.55,4.4,No,Off-Peak,-12.9777,-38.5016
2025-10,France,Lyon,Luxury,209513,16917822.32,4.3,No,Off-Peak,45.764,4.8357
2022-04,Japan,Tokyo,Adventure,274678,57564784.9,4.9,Yes,Peak,35.6762,139.6503
2022-07,USA,New York,Luxury,215740,71705206.07,4.7,No,Off-Peak,40.7128,-74.006
2024-05,Italy,Milan,Historical,5626,2512159.07,4.8,No,Peak,45.4642,9.19
2025-12,Thailand,Phuket,Religious,228337,19050183.48,4.8,No,Peak,7.8804,98.3923
2025-09,Thailand,Bangkok,Urban,29656,4683984.69,4.2,Yes,Off-Peak,13.7563,100.5018
2022-09,UAE,Abu Dhabi,Adventure,421955,166178061.89,4.0,Yes,Shoulder,24.4539,54.3773
2022-05,Australia,Gold Coast,Luxury,263552,83527365.7,5.0,Yes,Off-Peak,-28.0167,153.4
2023-06,Switzerland,Geneva,Wildlife,446458,56548795.61,4.0,No,Off-Peak,46.2044,6.1432
2025-06,Thailand,Chiang Mai,Beach,170229,56577265.25,4.0,Yes,Off-Peak,18.7883,98.9853
2022-03,France,Lyon,Adventure,372967,84052691.7,3.3,No,Peak,45.764,4.8357
2022-06,Brazil,Sao Paulo,Adventure,242434,33273994.33,4.6,Yes,Shoulder,-23.5505,-46.6333
2024-04,UAE,Abu Dhabi,Luxury,465380,204279573.02,3.7,Yes,Off-Peak,24.4539,54.3773
2022-11,Japan,Kyoto,Historical,296206,99493893.02,3.9,No,Peak,35.0116,135.7681
2024-09,Australia,Melbourne,Luxury,179760,75137959.85,4.0,Yes,Off-Peak,-37.8136,144.9631
2024-10,Switzerland,Zurich,Beach,256407,110978433.93,4.0,Yes,Peak,47.3769,8.5417
2024-12,Japan,Nara,Luxury,470129,89205393.02,3.8,No,Peak,34.6851,135.8048
2022-08,UAE,Dubai,Beach,335619,81546342.18,5.0,No,Shoulder,25.2048,55.2708
2023-12,Australia,Perth,Adventure,13806,4286362.0,3.9,No,Shoulder,-31.9505,115.8605
2022-06,Thailand,Phuket,Adventure,308346,112793852.59,3.8,No,Shoulder,7.8804,98.3923
2024-02,Italy,Florence,Adventure,593582,239495336.79,3.6,No,Peak,43.7696,11.2558
2023-10,India,Mysuru,Religious,201174,20776483.19,3.4,No,Shoulder,12.2958,76.6394
2024-07,Australia,Sydney,Urban,215508,64123498.09,3.6,Yes,Off-Peak,-33.8688,151.2093
2023-10,Japan,Osaka,Beach,268379,87905938.96,4.3,No,Off-Peak,34.6937,135.5023
2023-06,Italy,Rome,Luxury,211946,76813228.05,3.9,No,Peak,41.9028,12.4964
2023-10,Australia,Melbourne,Nature,457492,62187941.71,3.5,No,Off-Peak,-37.8136,144.9631
2022-07,India,Jaipur,Urban,7528,2072981.06,3.4,No,Peak,26.9124,75.7873
2023-06,Brazil,Salvador,Beach,566244,207542996.58,4.2,No,Peak,-12.9777,-38.5016
2025-07,Thailand,Phuket,Historical,585704,222282876.04,4.8,Yes,Off-Peak,7.8804,98.3923
2025-11,Brazil,Rio de Janeiro,Beach,13688,3734666.6,3.2,Yes,Off-Peak,-22.9068,-43.1729
2022-08,Switzerland,Zurich,Urban,578053,49683190.08,3.6,Yes,Off-Peak,47.3769,8.5417
2023-10,India,Jaipur,Luxury,55567,24613041.87,4.5,No,Shoulder,26.9124,75.7873
2025-02,Switzerland,Lucerne,Beach,458107,144240742.54,4.9,Yes,Peak,47.0502,8.3093
2025-01,France,Cannes,Urban,439992,103251726.95,4.8,Yes,Peak,43.5528,7.0174
2024-04,USA,San Francisco,Urban,474780,63311468.17,3.4,No,Shoulder,37.7749,-122.4194
2022-11,Switzerland,Zurich,Beach,420801,104823107.45,4.7,No,Shoulder,47.3769,8.5417
2024-01,Australia,Sydney,Beach,185526,74012337.02,3.5,Yes,Peak,-33.8688,151.2093
2023-12,France,Lyon,Luxury,458756,201113485.56,3.8,Yes,Off-Peak,45.764,4.8357
2024-09,UAE,Abu Dhabi,Historical,519817,82183200.82,3.7,No,Peak,24.4539,54.3773
2025-01,USA,Las Vegas,Luxury,530661,99530587.53,3.4,No,Off-Peak,36.1699,-115.1398
2025-11,India,Mysuru,Religious,156171,23474249.84,4.8,Yes,Peak,12.2958,76.6394
2023-06,India,Varanasi,Wildlife,159925,35607750.43,3.4,Yes,Off-Peak,25.3176,82.9739
2023-12,France,Nice,Wildlife,386759,66901304.23,4.2,Yes,Shoulder,43.7102,7.262
2023-01,India,Mumbai,Nature,533481,104321177.42,4.9,Yes,Off-Peak,19.076,72.8777
2025-08,USA,Orlando,Wildlife,152595,41282215.92,3.8,Yes,Shoulder,28.5383,-81.3792
2025-04,Italy,Rome,Luxury,459422,100139867.41,4.3,Yes,Off-Peak,41.9028,12.4964
2024-06,Brazil,Sao Paulo,Luxury,153972,51532206.88,3.4,No,Shoulder,-23.5505,-46.6333
2024-07,Japan,Tokyo,Religious,187470,30999570.62,3.7,Yes,Shoulder,35.6762,139.6503
2023-10,Brazil,Salvador,Wildlife,366116,142404564.32,4.7,Yes,Peak,-12.9777,-38.5016
2024-06,Italy,Rome,Wildlife,97201,10677171.54,5.0,No,Peak,41.9028,12.4964
2022-02,Brazil,Sao Paulo,Adventure,385480,137652255.21,4.4,No,Off-Peak,-23.5505,-46.6333
2025-07,Thailand,Bangkok,Nature,387472,70791906.47,5.0,No,Shoulder,13.7563,100.5018
2025-12,Japan,Tokyo,Nature,37139,5530863.4,3.6,Yes,Shoulder,35.6762,139.6503
2024-06,UAE,Sharjah,Beach,452691,185024398.22,4.0,No,Shoulder,25.3463,55.4209
2025-06,USA,San Francisco,Adventure,510487,182717418.95,4.5,Yes,Peak,37.7749,-122.4194
2024-12,India,Delhi,Nature,6611,1774655.8,3.6,No,Shoulder,28.6139,77.209
2022-06,Italy,Milan,Wildlife,23710,6009226.97,4.1,No,Shoulder,45.4642,9.19
2022-10,Japan,Kyoto,Adventure,301224,60264651.49,4.3,Yes,Peak,35.0116,135.7681
2024-08,USA,Las Vegas,Wildlife,382574,94447750.27,3.5,No,Off-Peak,36.1699,-115.1398
2022-04,Australia,Perth,Adventure,360547,161595630.0,4.4,No,Peak,-31.9505,115.8605
2024-10,France,Paris,Urban,300671,72110258.31,3.3,No,Peak,48.8566,2.3522
2025-10,Switzerland,Zurich,Wildlife,420483,117965421.55,4.1,No,Peak,47.3769,8.5417
2023-10,India,Delhi,Nature,489569,105916930.73,4.1,No,Off-Peak,28.6139,77.209
2025-01,Thailand,Bangkok,Nature,406938,135312460.4,3.5,No,Peak,13.7563,100.5018
2023-09,Italy,Rome,Urban,162510,37491360.39,4.7,No,Shoulder,41.9028,12.4964
2025-06,USA,San Francisco,Wildlife,471726,129430058.75,4.6,No,Peak,37.7749,-122.4194
2023-03,UAE,Sharjah,Religious,87238,26939799.45,3.7,No,Shoulder,25.3463,55.4209
2025-10,Italy,Rome,Religious,125340,44731255.17,3.5,No,Shoulder,41.9028,12.4964
2024-06,India,Jaipur,Nature,299423,78718857.9,4.2,Yes,Off-Peak,26.9124,75.7873
2023-07,Japan,Nara,Wildlife,375230,124282760.66,4.2,No,Shoulder,34.6851,135.8048
2022-03,Italy,Venice,Historical,26312,2331224.67,3.3,No,Peak,45.4408,12.3155
2025-03,Switzerland,Geneva,Beach,441435,99848885.53,3.8,No,Off-Peak,46.2044,6.1432
2023-05,Australia,Gold Coast,Beach,117910,34084607.22,3.9,Yes,Shoulder,-28.0167,153.4
2025-10,India,Goa,Urban,6640,2081840.09,3.8,No,Peak,15.2993,74.124
2024-07,USA,Las Vegas,Urban,187971,76002486.79,4.5,No,Off-Peak,36.1699,-115.1398
2024-10,Australia,Melbourne,Nature,316858,125408564.8,4.9,No,Peak,-37.8136,144.9631
2022-10,Thailand,Bangkok,Religious,492324,51034303.94,4.4,No,Peak,13.7563,100.5018
2024-04,Japan,Osaka,Wildlife,248284,54141120.19,4.0,No,Off-Peak,34.6937,135.5023
2025-11,Thailand,Bangkok,Adventure,267868,59884836.9,4.7,No,Shoulder,13.7563,100.5018
2023-02,Thailand,Phuket,Historical,55424,4620021.68,4.5,No,Shoulder,7.8804,98.3923
2024-07,France,Lyon,Wildlife,6058,652776.89,4.8,Yes,Shoulder,45.764,4.8357
2025-07,India,Mysuru,Beach,94484,24386946.58,3.7,No,Off-Peak,12.2958,76.6394
2025-07,UAE,Sharjah,Urban,526704,134620225.19,4.6,Yes,Off-Peak,25.3463,55.4209
2023-03,France,Nice,Religious,308909,69293797.96,4.1,Yes,Shoulder,43.7102,7.262
2023-11,India,Kerala,Nature,166102,37063539.05,5.0,No,Shoulder,10.8505,76.2711
2024-11,Italy,Florence,Wildlife,346756,121097369.74,4.8,No,Peak,43.7696,11.2558
2024-12,Australia,Sydney,Historical,502600,178957533.55,4.4,Yes,Shoulder,-33.8688,151.2093
2024-01,Japan,Osaka,Urban,488657,210365031.71,3.9,Yes,Peak,34.6937,135.5023
2025-04,UAE,Dubai,Nature,277952,89727491.35,4.4,Yes,Peak,25.2048,55.2708
2024-05,Brazil,Sao Paulo,Religious,189606,42841707.91,3.7,Yes,Shoulder,-23.5505,-46.6333
2025-05,India,Mumbai,Religious,71724,16173906.98,5.0,Yes,Peak,19.076,72.8777
2024-01,India,Mysuru,Adventure,215608,73969150.28,3.4,Yes,Off-Peak,12.2958,76.6394
2022-04,France,Cannes,Wildlife,276556,74353331.36,4.8,Yes,Off-Peak,43.5528,7.0174
2023-02,Switzerland,Zurich,Religious,99797,36236757.68,4.8,Yes,Shoulder,47.3769,8.5417
2025-03,Thailand,Chiang Mai,Luxury,263305,56613068.13,3.5,Yes,Shoulder,18.7883,98.9853
2024-06,Australia,Perth,Wildlife,467072,157814301.72,3.8,No,Shoulder,-31.9505,115.8605
2024-07,Brazil,Salvador,Historical,43727,19445650.09,4.4,No,Shoulder,-12.9777,-38.5016
2023-07,Brazil,Rio de Janeiro,Adventure,346477,152575628.72,4.9,Yes,Peak,-22.9068,-43.1729
2025-09,Italy,Venice,Historical,232426,36838027.2,3.4,Yes,Off-Peak,45.4408,12.3155
2022-11,USA,San Francisco,Historical,25668,4425011.39,4.6,No,Peak,37.7749,-122.4194
2022-06,Australia,Perth,Adventure,510444,180944410.26,5.0,No,Peak,-31.9505,115.8605
2024-03,Australia,Sydney,Historical,375350,95707063.36,4.4,No,Off-Peak,-33.8688,151.2093
2022-10,Switzerland,Lucerne,Nature,169113,56873825.17,3.9,Yes,Shoulder,47.0502,8.3093
2024-08,Switzerland,Geneva,Beach,588398,236395821.37,4.8,Yes,Peak,46.2044,6.1432
2025-10,Italy,Venice,Adventure,578506,176496722.03,3.6,Yes,Off-Peak,45.4408,12.3155
2025-04,Italy,Milan,Wildlife,557762,66056842.57,4.5,Yes,Off-Peak,45.4642,9.19
2023-08,Brazil,Salvador,Wildlife,434854,186548759.02,3.9,No,Shoulder,-12.9777,-38.5016
2023-06,Thailand,Phuket,Religious,437390,86933347.69,4.0,Yes,Shoulder,7.8804,98.3923
2022-08,Japan,Tokyo,Religious,15284,5328163.23,3.3,Yes,Shoulder,35.6762,139.6503
2025-12,Thailand,Phuket,Urban,427703,163795356.62,4.9,Yes,Shoulder,7.8804,98.3923
2023-09,Australia,Sydney,Beach,17559,2112044.93,4.2,No,Off-Peak,-33.8688,151.2093
2023-05,Brazil,Sao Paulo,Wildlife,277624,66918339.6,4.3,No,Shoulder,-23.5505,-46.6333
2023-01,Switzerland,Geneva,Luxury,400237,148387149.44,3.7,No,Peak,46.2044,6.1432
2024-05,Japan,Kyoto,Wildlife,319938,58326554.58,4.2,Yes,Peak,35.0116,135.7681
2022-10,Thailand,Chiang Mai,Luxury,160081,67290788.7,3.5,Yes,Shoulder,18.7883,98.9853
2022-12,France,Lyon,Nature,5543,1437973.99,3.6,No,Peak,45.764,4.8357
2023-09,USA,Orlando,Adventure,57721,7080199.53,3.7,No,Shoulder,28.5383,-81.3792
2022-09,India,Delhi,Luxury,501226,44997881.05,4.1,No,Peak,28.6139,77.209
2023-11,Brazil,Rio de Janeiro,Wildlife,287781,71033510.95,5.0,No,Off-Peak,-22.9068,-43.1729
2025-03,India,Mumbai,Historical,125430,30411880.08,3.7,Yes,Off-Peak,19.076,72.8777
2025-04,UAE,Abu Dhabi,Wildlife,219943,70129118.92,4.1,No,Off-Peak,24.4539,54.3773
2025-06,Switzerland,Lucerne,Religious,368179,91121660.45,3.6,No,Off-Peak,47.0502,8.3093
2024-04,USA,San Francisco,Nature,72654,28507565.35,3.8,No,Off-Peak,37.7749,-122.4194
2024-07,USA,San Francisco,Urban,504888,84665265.68,4.4,Yes,Peak,37.7749,-122.4194
2024-06,Japan,Osaka,Wildlife,545240,118099272.9,4.8,Yes,Shoulder,34.6937,135.5023
2023-12,France,Cannes,Wildlife,353242,105715488.27,4.4,Yes,Peak,43.5528,7.0174
2022-04,Italy,Rome,Religious,34850,10385367.7,3.8,No,Shoulder,41.9028,12.4964
2024-01,France,Cannes,Religious,246292,69872003.53,3.7,No,Shoulder,43.5528,7.0174
2023-06,Brazil,Rio de Janeiro,Urban,240003,101390846.41,3.7,Yes,Shoulder,-22.9068,-43.1729
2023-01,Thailand,Bangkok,Nature,146275,25068062.16,4.8,Yes,Off-Peak,13.7563,100.5018
2023-12,Australia,Melbourne,Nature,216999,87756452.71,3.9,No,Off-Peak,-37.8136,144.9631
2022-02,Brazil,Salvador,Luxury,573015,257333548.01,3.5,Yes,Shoulder,-12.9777,-38.5016
2024-10,France,Cannes,Wildlife,5097,1464122.89,4.6,No,Shoulder,43.5528,7.0174
2022-10,Thailand,Chiang Mai,Wildlife,583845,259323950.66,4.0,No,Peak,18.7883,98.9853
2023-03,India,Varanasi,Nature,482790,193611615.53,4.7,No,Peak,25.3176,82.9739
2024-09,Brazil,Sao Paulo,Religious,527809,223830702.16,5.0,Yes,Shoulder,-23.5505,-46.6333
2025-07,USA,Orlando,Beach,386471,94362864.09,3.5,No,Peak,28.5383,-81.3792
2025-08,Brazil,Salvador,Historical,33523,2895400.32,4.0,Yes,Shoulder,-12.9777,-38.5016
2023-11,Italy,Venice,Adventure,429423,105636538.27,3.5,No,Off-Peak,45.4408,12.3155
2025-04,Japan,Tokyo,Urban,353721,116078191.24,4.5,No,Off-Peak,35.6762,139.6503
2024-05,France,Paris,Religious,486100,75452343.15,4.2,No,Peak,48.8566,2.3522
2022-06,USA,Orlando,Wildlife,585508,192117214.46,5.0,No,Peak,28.5383,-81.3792
2023-01,Thailand,Phuket,Beach,335745,72148086.24,4.5,No,Shoulder,7.8804,98.3923
2024-10,Thailand,Bangkok,Nature,463624,186403864.29,4.9,Yes,Off-Peak,13.7563,100.5018
2023-01,India,Mumbai,Beach,91057,21055658.06,3.9,Yes,Peak,19.076,72.8777
2024-01,Italy,Rome,Nature,337998,96171430.88,4.6,Yes,Off-Peak,41.9028,12.4964
2024-05,Switzerland,Geneva,Adventure,240294,29149215.47,5.0,Yes,Off-Peak,46.2044,6.1432
2022-07,France,Nice,Wildlife,501116,84835691.01,4.8,No,Shoulder,43.7102,7.262
2023-12,Japan,Tokyo,Nature,559887,51697432.48,4.2,Yes,Off-Peak,35.6762,139.6503
2024-05,Switzerland,Zurich,Adventure,448951,68964266.18,3.9,No,Shoulder,47.3769,8.5417
2024-07,UAE,Dubai,Wildlife,423476,92070277.44,4.9,No,Off-Peak,25.2048,55.2708
2022-07,Japan,Osaka,Beach,309727,61272370.99,4.5,No,Off-Peak,34.6937,135.5023
2023-07,Italy,Florence,Beach,17518,2560590.95,4.4,Yes,Peak,43.7696,11.2558
2024-10,Switzerland,Geneva,Wildlife,346136,47061343.05,3.8,No,Off-Peak,46.2044,6.1432
2022-03,Thailand,Chiang Mai,Beach,161215,22018570.67,4.9,Yes,Off-Peak,18.7883,98.9853
2024-06,France,Lyon,Urban,67146,19777574.15,3.4,No,Peak,45.764,4.8357
2024-04,Switzerland,Lucerne,Historical,129657,14497791.36,4.3,No,Off-Peak,47.0502,8.3093
2022-02,France,Nice,Urban,303354,73704931.87,4.4,Yes,Peak,43.7102,7.262
2024-12,India,Delhi,Urban,357022,33042106.3,4.4,Yes,Peak,28.6139,77.209
2025-01,Thailand,Bangkok,Beach,430866,182228545.8,3.9,No,Shoulder,13.7563,100.5018
2025-06,Japan,Osaka,Religious,463327,163771144.37,4.7,Yes,Shoulder,34.6937,135.5023
2024-12,Japan,Nara,Nature,226423,51913466.67,4.1,Yes,Off-Peak,34.6851,135.8048
2025-12,Australia,Gold Coast,Historical,539760,139943530.66,4.1,Yes,Peak,-28.0167,153.4
2025-06,Australia,Sydney,Adventure,316203,55789228.88,4.4,No,Off-Peak,-33.8688,151.2093
2025-11,Japan,Tokyo,Beach,47600,8384476.33,3.6,Yes,Off-Peak,35.6762,139.6503
2024-08,Switzerland,Lucerne,Adventure,442380,173237101.06,3.4,Yes,Shoulder,47.0502,8.3093
2025-12,Brazil,Sao Paulo,Wildlife,119808,11842299.62,4.2,No,Peak,-23.5505,-46.6333
2025-02,France,Cannes,Historical,19587,7999130.32,4.9,Yes,Peak,43.5528,7.0174
2023-07,India,Kerala,Luxury,577075,174861301.64,4.4,Yes,Off-Peak,10.8505,76.2711
2023-05,India,Jaipur,Religious,404530,71444183.69,3.9,Yes,Off-Peak,26.9124,75.7873
2022-10,Thailand,Bangkok,Religious,122128,19667895.27,3.4,No,Off-Peak,13.7563,100.5018
2024-02,Brazil,Salvador,Adventure,479405,174983997.57,3.5,No,Off-Peak,-12.9777,-38.5016
2023-06,Brazil,Sao Paulo,Religious,517001,48461694.23,3.3,No,Peak,-23.5505,-46.6333
2022-06,Thailand,Bangkok,Religious,236180,86532198.76,3.4,No,Peak,13.7563,100.5018
2022-06,USA,Las Vegas,Urban,406242,157899170.52,4.6,No,Peak,36.1699,-115.1398
2023-05,UAE,Abu Dhabi,Urban,43683,15876266.38,3.9,No,Off-Peak,24.4539,54.3773
2025-12,USA,Orlando,Adventure,529524,159836915.3,4.6,No,Shoulder,28.5383,-81.3792
2025-07,Australia,Gold Coast,Historical,95503,37153812.03,4.9,No,Shoulder,-28.0167,153.4
2024-08,India,Delhi,Luxury,535560,69603348.92,4.3,Yes,Off-Peak,28.6139,77.209
2025-12,Japan,Nara,Adventure,346062,67693050.6,3.5,No,Shoulder,34.6851,135.8048
2023-07,UAE,Dubai,Historical,514442,100350857.97,3.7,No,Peak,25.2048,55.2708
2023-01,Italy,Milan,Religious,134996,20353919.34,3.5,No,Off-Peak,45.4642,9.19
2023-01,UAE,Dubai,Adventure,589042,225240472.57,4.0,Yes,Peak,25.2048,55.2708
2025-09,Japan,Osaka,Religious,133850,27777981.27,4.7,No,Off-Peak,34.6937,135.5023
2024-07,Italy,Florence,Religious,153229,12634105.88,3.9,Yes,Shoulder,43.7696,11.2558
2024-05,USA,Las Vegas,Adventure,18887,4801091.01,3.5,Yes,Peak,36.1699,-115.1398
2025-07,USA,New York,Nature,198284,51717177.97,4.9,Yes,Peak,40.7128,-74.006
2024-05,UAE,Abu Dhabi,Nature,171049,29116272.73,4.8,Yes,Off-Peak,24.4539,54.3773
2024-05,Thailand,Chiang Mai,Urban,455410,109632857.17,4.3,Yes,Shoulder,18.7883,98.9853
2024-05,USA,San Francisco,Wildlife,568534,203790078.52,4.3,Yes,Shoulder,37.7749,-122.4194
2022-05,USA,Orlando,Nature,208300,48808897.0,3.8,No,Peak,28.5383,-81.3792
2023-05,UAE,Abu Dhabi,Beach,534146,222544014.42,3.8,No,Shoulder,24.4539,54.3773
2023-02,UAE,Abu Dhabi,Adventure,530751,48694798.39,3.3,Yes,Shoulder,24.4539,54.3773
2024-05,Japan,Tokyo,Beach,512157,105694383.48,3.7,Yes,Shoulder,35.6762,139.6503
2023-01,Switzerland,Zurich,Historical,203612,65572939.63,4.6,Yes,Shoulder,47.3769,8.5417
2024-02,India,Jaipur,Urban,422346,118258496.7,3.2,Yes,Off-Peak,26.9124,75.7873
2025-03,Italy,Rome,Nature,130025,34491894.79,4.7,No,Peak,41.9028,12.4964
2023-06,France,Paris,Nature,375788,108394578.12,4.2,Yes,Off-Peak,48.8566,2.3522
2022-06,Thailand,Bangkok,Religious,277724,81797147.92,3.4,No,Off-Peak,13.7563,100.5018
2023-04,India,Mysuru,Luxury,197256,41559873.72,3.7,Yes,Peak,12.2958,76.6394
2022-10,UAE,Sharjah,Urban,188070,75085991.33,4.1,Yes,Peak,25.3463,55.4209
2025-09,Australia,Sydney,Adventure,581991,233649175.84,4.8,Yes,Peak,-33.8688,151.2093
2022-09,Australia,Sydney,Historical,441009,45127495.73,3.7,Yes,Off-Peak,-33.8688,151.2093
2025-06,Thailand,Chiang Mai,Beach,525533,118787805.51,4.5,Yes,Peak,18.7883,98.9853
2025-06,Brazil,Salvador,Religious,505814,74888863.02,4.9,No,Off-Peak,-12.9777,-38.5016
2023-02,Australia,Sydney,Luxury,564309,160471199.5,4.6,Yes,Peak,-33.8688,151.2093
2023-03,USA,New York,Wildlife,469020,208566756.98,3.3,No,Peak,40.7128,-74.006
2023-01,USA,Las Vegas,Beach,23759,7199585.17,4.9,Yes,Peak,36.1699,-115.1398
2024-02,Australia,Perth,Beach,190684,49287820.03,4.3,No,Off-Peak,-31.9505,115.8605
2025-04,USA,Orlando,Adventure,475688,49162861.42,3.5,Yes,Shoulder,28.5383,-81.3792
2022-10,France,Lyon,Nature,187569,27006310.64,4.2,Yes,Off-Peak,45.764,4.8357
2023-07,USA,New York,Nature,122580,34781704.85,4.9,No,Off-Peak,40.7128,-74.006
2025-06,Australia,Gold Coast,Historical,251126,67092876.31,3.9,No,Off-Peak,-28.0167,153.4
2024-11,Brazil,Sao Paulo,Beach,481600,48761661.3,4.7,Yes,Shoulder,-23.5505,-46.6333
2024-02,USA,San Francisco,Luxury,232210,103376709.6,4.7,Yes,Off-Peak,37.7749,-122.4194
2025-06,Australia,Gold Coast,Beach,388259,71304857.57,4.9,Yes,Shoulder,-28.0167,153.4
2022-01,Thailand,Phuket,Wildlife,45571,16252464.18,4.9,Yes,Shoulder,7.8804,98.3923
2022-10,Japan,Tokyo,Historical,470358,147295072.24,3.3,Yes,Off-Peak,35.6762,139.6503
2022-01,Brazil,Salvador,Urban,529627,80180238.42,3.6,No,Shoulder,-12.9777,-38.5016
2023-05,UAE,Sharjah,Beach,445951,54739044.69,3.4,No,Peak,25.3463,55.4209
2023-09,France,Nice,Adventure,223943,18506602.12,4.9,Yes,Peak,43.7102,7.262
2023-02,UAE,Dubai,Historical,599591,267529211.15,4.5,Yes,Off-Peak,25.2048,55.2708
2022-08,UAE,Dubai,Luxury,247328,28433236.48,3.3,Yes,Peak,25.2048,55.2708
2024-07,France,Paris,Historical,71906,24139288.4,3.4,No,Off-Peak,48.8566,2.3522
2022-03,Thailand,Chiang Mai,Religious,267195,96749069.03,4.3,No,Peak,18.7883,98.9853
2022-01,Switzerland,Zurich,Religious,17178,3999651.15,4.0,Yes,Shoulder,47.3769,8.5417
2023-03,Australia,Melbourne,Religious,442461,133312312.49,3.4,No,Peak,-37.8136,144.9631
2022-08,Australia,Melbourne,Nature,281544,90459877.84,3.3,Yes,Shoulder,-37.8136,144.9631
2022-04,UAE,Abu Dhabi,Luxury,107566,25090725.03,4.5,Yes,Peak,24.4539,54.3773
2023-12,USA,Las Vegas,Wildlife,207657,50442198.61,3.7,No,Shoulder,36.1699,-115.1398
2022-06,India,Mumbai,Wildlife,498689,102100824.7,3.5,No,Shoulder,19.076,72.8777
2025-09,Brazil,Salvador,Religious,522159,73305600.71,5.0,No,Shoulder,-12.9777,-38.5016
2025-03,Thailand,Chiang Mai,Historical,554566,126655307.5,4.5,Yes,Peak,18.7883,98.9853
2022-08,Thailand,Bangkok,Historical,337659,35344718.14,3.5,No,Peak,13.7563,100.5018
2023-08,Italy,Florence,Religious,530075,216339193.54,4.9,No,Peak,43.7696,11.2558
2022-05,France,Nice,Wildlife,470220,193453041.84,4.8,No,Peak,43.7102,7.262
2024-02,Brazil,Rio de Janeiro,Religious,434776,84693577.55,4.9,Yes,Shoulder,-22.9068,-43.1729
2023-01,Australia,Perth,Urban,10153,840188.28,3.4,Yes,Off-Peak,-31.9505,115.8605
2022-02,UAE,Dubai,Luxury,488924,57975817.33,4.4,Yes,Peak,25.2048,55.2708
2023-02,France,Nice,Nature,478888,190176751.98,4.4,Yes,Off-Peak,43.7102,7.262
2023-09,Italy,Rome,Wildlife,261262,77657147.77,3.8,No,Off-Peak,41.9028,12.4964
2025-01,India,Goa,Historical,71743,23410488.29,4.7,No,Off-Peak,15.2993,74.124
2025-10,Italy,Milan,Wildlife,65031,18507398.4,4.9,No,Peak,45.4642,9.19
2023-02,France,Cannes,Urban,298768,108169444.77,3.5,Yes,Peak,43.5528,7.0174
2023-07,USA,San Francisco,Luxury,337507,144713780.77,3.5,Yes,Peak,37.7749,-122.4194
2023-07,Japan,Tokyo,Adventure,451094,159988239.72,4.6,No,Shoulder,35.6762,139.6503
2023-03,USA,San Francisco,Religious,62476,7258753.84,4.5,Yes,Peak,37.7749,-122.4194
2023-09,USA,San Francisco,Adventure,414899,43113381.9,4.6,No,Off-Peak,37.7749,-122.4194
2023-03,USA,Orlando,Historical,202472,87109098.84,4.6,No,Shoulder,28.5383,-81.3792
2022-03,Australia,Sydney,Religious,456043,145414996.95,3.7,Yes,Shoulder,-33.8688,151.2093
2023-03,Japan,Nara,Urban,114288,36238888.1,4.5,Yes,Shoulder,34.6851,135.8048
2024-11,France,Paris,Beach,525477,166271717.42,4.2,No,Off-Peak,48.8566,2.3522
2024-12,UAE,Dubai,Nature,121890,54125583.86,3.7,No,Shoulder,25.2048,55.2708
2023-08,USA,Orlando,Wildlife,517180,87385125.75,3.7,Yes,Off-Peak,28.5383,-81.3792
2024-04,Brazil,Sao Paulo,Wildlife,265685,24639221.32,4.4,No,Peak,-23.5505,-46.6333
2025-07,Australia,Melbourne,Wildlife,85219,31948338.37,3.8,No,Peak,-37.8136,144.9631
2022-02,Brazil,Rio de Janeiro,Historical,501782,209452117.26,3.4,No,Shoulder,-22.9068,-43.1729
2023-06,UAE,Sharjah,Beach,474435,167460416.78,3.8,Yes,Off-Peak,25.3463,55.4209
2024-07,Australia,Sydney,Adventure,372107,98909897.14,4.2,No,Shoulder,-33.8688,151.2093
2024-09,Italy,Milan,Beach,422564,95833048.42,3.6,Yes,Off-Peak,45.4642,9.19
2022-06,France,Cannes,Religious,104456,41665326.86,3.3,No,Peak,43.5528,7.0174
2024-09,Thailand,Chiang Mai,Beach,32189,7264687.34,4.6,Yes,Peak,18.7883,98.9853
2025-02,Italy,Rome,Religious,487711,147771569.64,4.8,Yes,Peak,41.9028,12.4964
2022-12,Japan,Kyoto,Religious,90260,20251145.03,4.1,No,Peak,35.0116,135.7681
2022-08,Japan,Osaka,Luxury,454753,65802470.54,4.0,Yes,Off-Peak,34.6937,135.5023
2022-12,France,Nice,Wildlife,297834,95754424.86,4.1,Yes,Peak,43.7102,7.262
2025-09,Australia,Perth,Wildlife,248818,99347949.87,3.5,Yes,Shoulder,-31.9505,115.8605
2025-03,USA,Las Vegas,Urban,17441,2589992.63,4.0,Yes,Off-Peak,36.1699,-115.1398
2025-06,USA,New York,Wildlife,392570,40920340.66,4.5,No,Peak,40.7128,-74.006
2025-01,Australia,Sydney,Adventure,350281,113961422.64,4.7,No,Peak,-33.8688,151.2093
2025-09,India,Mumbai,Wildlife,381327,100257352.06,4.6,Yes,Off-Peak,19.076,72.8777
2023-02,USA,Las Vegas,Wildlife,517295,153346584.66,4.0,Yes,Shoulder,36.1699,-115.1398
2022-09,France,Cannes,Adventure,79912,8908181.52,3.8,Yes,Shoulder,43.5528,7.0174
2022-04,France,Nice,Historical,222555,20223793.27,3.8,No,Shoulder,43.7102,7.262
2024-02,India,Agra,Urban,277770,120338605.97,4.7,No,Shoulder,27.1767,78.0081
2022-09,France,Nice,Adventure,226385,33301947.37,4.7,Yes,Shoulder,43.7102,7.262
2023-09,Thailand,Bangkok,Wildlife,554162,56478396.69,4.6,No,Peak,13.7563,100.5018
2024-07,Brazil,Rio de Janeiro,Beach,265625,117956866.04,5.0,No,Shoulder,-22.9068,-43.1729
2022-08,Japan,Nara,Nature,182687,78820106.17,3.4,Yes,Peak,34.6851,135.8048
2024-10,UAE,Sharjah,Beach,61711,19031070.73,4.7,Yes,Off-Peak,25.3463,55.4209
2025-04,France,Lyon,Nature,116892,12574051.96,4.0,No,Off-Peak,45.764,4.8357
2023-04,Brazil,Salvador,Beach,591271,90474315.26,4.3,No,Shoulder,-12.9777,-38.5016
2023-03,Japan,Tokyo,Nature,105367,25793137.95,4.4,No,Off-Peak,35.6762,139.6503
2023-09,Italy,Florence,Urban,389036,35610100.41,4.7,Yes,Peak,43.7696,11.2558
2023-09,Australia,Melbourne,Adventure,378373,149836010.99,4.9,Yes,Shoulder,-37.8136,144.9631
2022-12,France,Paris,Nature,587385,159454781.96,3.8,Yes,Shoulder,48.8566,2.3522
2024-07,Switzerland,Geneva,Adventure,521061,227060479.0,4.1,No,Peak,46.2044,6.1432
2024-04,Thailand,Bangkok,Urban,394124,46158422.44,4.8,Yes,Peak,13.7563,100.5018
2024-01,India,Varanasi,Luxury,21920,5128278.59,4.8,Yes,Shoulder,25.3176,82.9739
2022-06,UAE,Dubai,Historical,249242,72787680.09,5.0,No,Shoulder,25.2048,55.2708
2023-10,France,Paris,Nature,353535,31626479.71,3.6,Yes,Shoulder,48.8566,2.3522
2025-08,France,Nice,Beach,273051,45117677.37,4.1,Yes,Off-Peak,43.7102,7.262
2025-01,India,Kerala,Nature,514236,46367722.59,3.4,Yes,Peak,10.8505,76.2711
2024-10,India,Delhi,Adventure,394093,38101303.65,3.5,Yes,Off-Peak,28.6139,77.209
2025-09,Italy,Florence,Urban,475565,60388273.29,4.0,No,Off-Peak,43.7696,11.2558
2023-09,Japan,Kyoto,Beach,382682,139325062.16,4.9,Yes,Shoulder,35.0116,135.7681
2025-10,Brazil,Rio de Janeiro,Nature,356575,79266015.14,4.8,No,Shoulder,-22.9068,-43.1729
2024-05,France,Nice,Adventure,30405,12630673.63,4.5,Yes,Shoulder,43.7102,7.262
2025-07,Australia,Perth,Beach,580388,228341616.6,3.8,No,Peak,-31.9505,115.8605
2024-11,Switzerland,Zurich,Urban,439542,80322498.82,4.0,No,Shoulder,47.3769,8.5417
2023-05,Switzerland,Zurich,Urban,473988,212602437.82,3.3,No,Off-Peak,47.3769,8.5417
2023-12,India,Mumbai,Religious,94045,22132181.32,4.6,No,Peak,19.076,72.8777
2022-08,Brazil,Rio de Janeiro,Luxury,55859,17819902.92,4.6,Yes,Peak,-22.9068,-43.1729
2023-05,India,Jaipur,Historical,239961,46118571.77,3.3,Yes,Off-Peak,26.9124,75.7873
2023-05,Thailand,Bangkok,Urban,80666,34909844.73,3.8,No,Peak,13.7563,100.5018
2023-07,India,Goa,Beach,47153,4164763.95,4.5,No,Off-Peak,15.2993,74.124
2024-10,USA,San Francisco,Nature,408747,77418976.32,4.9,No,Off-Peak,37.7749,-122.4194
2022-02,Italy,Florence,Urban,431023,192927442.29,4.2,Yes,Off-Peak,43.7696,11.2558
2023-09,UAE,Abu Dhabi,Wildlife,146087,34499785.44,3.3,Yes,Shoulder,24.4539,54.3773
2025-12,India,Varanasi,Historical,352499,39830784.26,4.1,Yes,Shoulder,25.3176,82.9739
2022-12,France,Cannes,Religious,375046,38312812.4,4.4,No,Shoulder,43.5528,7.0174
2023-04,Australia,Sydney,Historical,328250,67335031.29,3.2,Yes,Off-Peak,-33.8688,151.2093
2025-08,USA,New York,Urban,458863,118377502.39,4.6,No,Peak,40.7128,-74.006
2022-11,France,Paris,Nature,244808,30602639.15,4.0,No,Peak,48.8566,2.3522
2024-01,Italy,Florence,Historical,327216,76214851.49,3.7,No,Off-Peak,43.7696,11.2558
2023-07,UAE,Sharjah,Religious,444794,160837334.35,4.4,Yes,Off-Peak,25.3463,55.4209
2023-03,USA,New York,Adventure,573582,153800704.34,4.6,Yes,Peak,40.7128,-74.006
2023-06,Thailand,Chiang Mai,Urban,138164,50284345.99,4.9,Yes,Shoulder,18.7883,98.9853
2025-01,Thailand,Chiang Mai,Historical,345383,119332075.65,3.7,No,Shoulder,18.7883,98.9853
2022-01,Brazil,Sao Paulo,Urban,25987,5775895.03,4.7,No,Off-Peak,-23.5505,-46.6333
2024-12,Japan,Kyoto,Wildlife,308244,88544771.32,4.4,No,Peak,35.0116,135.7681
2024-03,Thailand,Phuket,Urban,505528,200122971.39,4.0,Yes,Off-Peak,7.8804,98.3923
2023-04,Switzerland,Zurich,Urban,342252,135837620.34,3.8,Yes,Shoulder,47.3769,8.5417
2022-09,Thailand,Bangkok,Wildlife,449024,86862008.15,4.0,No,Off-Peak,13.7563,100.5018
2022-04,UAE,Sharjah,Historical,424721,126431440.18,4.3,No,Peak,25.3463,55.4209
2023-10,UAE,Abu Dhabi,Nature,137308,16736864.32,4.0,No,Peak,24.4539,54.3773
2024-05,Switzerland,Geneva,Religious,445884,130559251.61,3.2,No,Shoulder,46.2044,6.1432
2025-11,UAE,Sharjah,Luxury,227882,59118649.53,4.4,No,Off-Peak,25.3463,55.4209
2023-06,Thailand,Phuket,Beach,121374,25672044.36,4.0,No,Peak,7.8804,98.3923
2025-09,Italy,Florence,Historical,24159,5150477.64,4.9,No,Shoulder,43.7696,11.2558
2023-09,USA,New York,Wildlife,569372,216662964.91,3.4,No,Shoulder,40.7128,-74.006
2023-06,Japan,Nara,Urban,275885,58505980.1,4.5,No,Off-Peak,34.6851,135.8048
2023-10,UAE,Dubai,Urban,258782,113728723.4,3.2,No,Peak,25.2048,55.2708
2022-01,Brazil,Sao Paulo,Wildlife,231299,32243765.32,4.9,No,Peak,-23.5505,-46.6333
2024-07,Switzerland,Lucerne,Luxury,154852,45148696.06,4.4,No,Peak,47.0502,8.3093
2022-11,Switzerland,Lucerne,Luxury,290949,111216834.23,3.2,No,Off-Peak,47.0502,8.3093
2025-05,Brazil,Salvador,Adventure,37624,13838528.83,4.0,No,Off-Peak,-12.9777,-38.5016
2023-01,Switzerland,Zurich,Religious,304337,29547412.37,4.9,No,Peak,47.3769,8.5417
2024-07,UAE,Abu Dhabi,Wildlife,239812,96439888.59,4.0,No,Peak,24.4539,54.3773
2024-03,USA,San Francisco,Urban,116328,33592383.17,3.3,Yes,Off-Peak,37.7749,-122.4194
2022-02,Japan,Nara,Wildlife,354881,133805167.84,3.8,Yes,Off-Peak,34.6851,135.8048
2025-03,India,Jaipur,Historical,412054,86124547.49,4.3,Yes,Off-Peak,26.9124,75.7873
2023-02,Brazil,Salvador,Beach,153817,39523598.35,3.3,Yes,Peak,-12.9777,-38.5016
2022-10,Japan,Osaka,Nature,24275,10447194.9,4.1,Yes,Peak,34.6937,135.5023
2023-06,UAE,Sharjah,Urban,189119,21963817.85,3.2,No,Shoulder,25.3463,55.4209
2025-04,Brazil,Salvador,Historical,374579,46318168.17,4.4,No,Off-Peak,-12.9777,-38.5016
2022-05,USA,New York,Historical,264289,74182709.66,4.2,Yes,Off-Peak,40.7128,-74.006
2022-07,UAE,Abu Dhabi,Historical,370825,119332981.73,3.2,Yes,Peak,24.4539,54.3773
2023-12,Brazil,Salvador,Luxury,67453,29951127.25,4.4,No,Peak,-12.9777,-38.5016
2024-12,Japan,Osaka,Nature,203060,70415925.97,3.8,No,Peak,34.6937,135.5023
2024-01,Switzerland,Lucerne,Nature,319478,81593584.4,4.1,No,Shoulder,47.0502,8.3093
2022-04,Switzerland,Lucerne,Nature,345266,28864101.11,5.0,Yes,Off-Peak,47.0502,8.3093
2024-06,Thailand,Bangkok,Nature,88174,33610856.73,3.9,No,Peak,13.7563,100.5018
2022-11,Australia,Gold Coast,Luxury,212479,51866184.52,4.3,No,Shoulder,-28.0167,153.4
2022-10,USA,Las Vegas,Luxury,493482,213698737.66,4.5,No,Shoulder,36.1699,-115.1398
2022-11,Japan,Osaka,Luxury,88108,21472275.26,4.1,No,Off-Peak,34.6937,135.5023
2025-04,Thailand,Chiang Mai,Historical,407181,40410028.07,3.2,No,Shoulder,18.7883,98.9853
2023-09,Italy,Milan,Adventure,404400,157269025.57,3.7,No,Off-Peak,45.4642,9.19
2022-04,Japan,Tokyo,Adventure,543750,47171586.06,3.2,Yes,Shoulder,35.6762,139.6503
2025-01,India,Varanasi,Historical,112253,14572788.4,4.6,No,Peak,25.3176,82.9739
2022-12,Japan,Nara,Luxury,63960,13740706.09,4.2,Yes,Off-Peak,34.6851,135.8048
2023-11,Brazil,Sao Paulo,Religious,237802,21660612.43,4.2,No,Peak,-23.5505,-46.6333
2022-08,France,Paris,Religious,36824,9910377.26,3.9,No,Peak,48.8566,2.3522
2022-04,France,Nice,Beach,505327,175774354.34,4.5,No,Off-Peak,43.7102,7.262
2024-05,Brazil,Rio de Janeiro,Religious,101757,23759807.97,3.2,No,Peak,-22.9068,-43.1729
2025-10,India,Agra,Wildlife,113688,18059418.83,3.6,No,Shoulder,27.1767,78.0081
2022-07,India,Jaipur,Urban,10968,3173062.94,3.9,Yes,Shoulder,26.9124,75.7873
2025-11,Brazil,Rio de Janeiro,Urban,172029,14752120.77,3.2,Yes,Peak,-22.9068,-43.1729
2023-06,Switzerland,Geneva,Luxury,355894,150478832.41,3.3,No,Peak,46.2044,6.1432
2024-11,USA,Las Vegas,Beach,362974,141116888.63,4.7,Yes,Peak,36.1699,-115.1398
2022-03,Switzerland,Lucerne,Urban,37441,7690975.48,3.3,No,Shoulder,47.0502,8.3093
2025-01,Japan,Tokyo,Religious,122970,37648669.31,4.8,No,Peak,35.6762,139.6503
2025-03,Italy,Milan,Nature,430967,161858232.53,4.5,No,Off-Peak,45.4642,9.19
2024-03,Thailand,Chiang Mai,Beach,463250,182297285.82,3.7,No,Off-Peak,18.7883,98.9853
2023-11,Italy,Florence,Beach,500132,194969104.5,3.5,No,Off-Peak,43.7696,11.2558
2025-02,USA,New York,Urban,410578,133553708.94,4.4,No,Peak,40.7128,-74.006
2022-07,Thailand,Phuket,Adventure,275378,72836894.25,4.1,Yes,Off-Peak,7.8804,98.3923
2024-01,Switzerland,Lucerne,Beach,106855,23141029.82,4.2,Yes,Shoulder,47.0502,8.3093
2023-11,Thailand,Chiang Mai,Wildlife,351364,33574333.94,3.5,No,Shoulder,18.7883,98.9853
2022-03,Switzerland,Geneva,Urban,346939,62521095.31,3.7,No,Off-Peak,46.2044,6.1432
2025-12,Italy,Florence,Luxury,156991,41235808.39,4.3,Yes,Shoulder,43.7696,11.2558
2023-10,Australia,Sydney,Historical,72945,11971174.29,4.4,No,Peak,-33.8688,151.2093
2025-04,UAE,Sharjah,Wildlife,269310,25829559.96,3.5,Yes,Off-Peak,25.3463,55.4209
2022-08,Brazil,Salvador,Urban,534435,72389764.69,4.8,Yes,Off-Peak,-12.9777,-38.5016
2022-06,UAE,Sharjah,Wildlife,570154,183447650.76,3.3,Yes,Off-Peak,25.3463,55.4209
2025-01,Japan,Nara,Wildlife,382432,52408383.79,4.9,No,Off-Peak,34.6851,135.8048
2025-08,UAE,Sharjah,Beach,114861,22486213.98,3.4,No,Peak,25.3463,55.4209
2024-08,Australia,Sydney,Luxury,35719,3041255.08,4.4,No,Off-Peak,-33.8688,151.2093
2024-05,France,Paris,Wildlife,10708,3049969.13,3.5,No,Off-Peak,48.8566,2.3522
2022-07,Australia,Perth,Luxury,463018,194820157.62,4.1,Yes,Off-Peak,-31.9505,115.8605
2025-09,UAE,Abu Dhabi,Historical,142601,43282472.12,3.5,Yes,Shoulder,24.4539,54.3773
2023-05,Japan,Osaka,Nature,128019,10747076.48,4.3,Yes,Peak,34.6937,135.5023
2022-12,Australia,Melbourne,Religious,479454,148726178.29,4.2,Yes,Off-Peak,-37.8136,144.9631
2024-10,Thailand,Phuket,Historical,62026,8876780.29,4.6,No,Shoulder,7.8804,98.3923
2025-09,Brazil,Sao Paulo,Wildlife,305495,95430079.8,4.6,Yes,Peak,-23.5505,-46.6333
2024-02,Italy,Venice,Adventure,363866,37298596.82,3.6,Yes,Shoulder,45.4408,12.3155
2023-11,India,Goa,Wildlife,160946,61933136.59,3.3,Yes,Off-Peak,15.2993,74.124
2025-10,Italy,Rome,Nature,422560,105361627.27,3.6,No,Off-Peak,41.9028,12.4964
2023-09,Brazil,Sao Paulo,Historical,115738,26021057.94,4.8,Yes,Off-Peak,-23.5505,-46.6333
2023-11,UAE,Dubai,Luxury,430584,181605702.94,4.5,No,Peak,25.2048,55.2708
2024-01,Italy,Florence,Wildlife,260296,38930595.26,3.5,Yes,Shoulder,43.7696,11.2558
2023-06,Italy,Venice,Religious,347073,33673098.35,4.2,Yes,Off-Peak,45.4408,12.3155
2025-04,Brazil,Sao Paulo,Wildlife,24232,6951805.98,4.9,Yes,Shoulder,-23.5505,-46.6333
2024-11,Switzerland,Geneva,Nature,106607,33615291.58,3.7,Yes,Peak,46.2044,6.1432
2024-01,India,Goa,Religious,463246,129601287.13,4.1,Yes,Shoulder,15.2993,74.124
2022-01,Brazil,Rio de Janeiro,Urban,33647,8052409.03,3.6,No,Shoulder,-22.9068,-43.1729
2025-03,UAE,Dubai,Wildlife,564606,230588551.45,3.9,Yes,Off-Peak,25.2048,55.2708
2023-07,Australia,Sydney,Wildlife,303454,123482644.52,5.0,No,Shoulder,-33.8688,151.2093
2023-05,Switzerland,Zurich,Wildlife,65487,5596505.62,4.1,Yes,Peak,47.3769,8.5417
2023-12,Thailand,Phuket,Historical,280655,126064991.0,3.2,Yes,Off-Peak,7.8804,98.3923
2023-09,India,Jaipur,Wildlife,576913,116253280.48,4.1,Yes,Shoulder,26.9124,75.7873
2023-08,USA,Las Vegas,Beach,513260,113758588.26,4.1,No,Peak,36.1699,-115.1398
2023-09,Thailand,Bangkok,Nature,366207,54198715.86,3.9,Yes,Shoulder,13.7563,100.5018
2023-12,Australia,Sydney,Beach,340127,41942604.65,3.8,No,Off-Peak,-33.8688,151.2093
2024-12,France,Paris,Wildlife,463976,152564647.71,5.0,No,Peak,48.8566,2.3522
2025-04,Australia,Sydney,Historical,223380,90374860.88,4.3,Yes,Shoulder,-33.8688,151.2093
2023-07,India,Mumbai,Historical,102085,12970403.7,4.9,Yes,Off-Peak,19.076,72.8777
2025-12,USA,New York,Religious,293199,30805196.33,4.0,Yes,Peak,40.7128,-74.006
2025-09,Italy,Milan,Adventure,431944,159948749.94,3.9,No,Off-Peak,45.4642,9.19
2022-03,Japan,Nara,Adventure,217928,71812185.23,3.5,Yes,Shoulder,34.6851,135.8048
2023-12,India,Mysuru,Luxury,58722,9014830.51,4.7,No,Peak,12.2958,76.6394
2023-02,Italy,Florence,Wildlife,134077,20904987.13,4.7,Yes,Peak,43.7696,11.2558
2024-04,Australia,Sydney,Luxury,237603,69874984.13,4.8,No,Off-Peak,-33.8688,151.2093
2025-08,Japan,Nara,Nature,371943,41320669.48,3.8,No,Shoulder,34.6851,135.8048
2024-03,Brazil,Sao Paulo,Historical,395943,85610463.74,4.6,No,Peak,-23.5505,-46.6333
2025-06,USA,San Francisco,Historical,249014,69131417.48,4.3,No,Off-Peak,37.7749,-122.4194
2022-09,Japan,Kyoto,Nature,53620,4445037.91,3.5,Yes,Peak,35.0116,135.7681
2025-07,Japan,Kyoto,Luxury,113679,9265397.21,3.5,Yes,Shoulder,35.0116,135.7681
2023-05,Italy,Milan,Beach,21939,1951974.26,3.8,No,Off-Peak,45.4642,9.19
2024-06,UAE,Sharjah,Beach,322941,122833458.1,4.4,No,Peak,25.3463,55.4209
2024-07,Italy,Milan,Luxury,334754,144739114.98,3.6,Yes,Off-Peak,45.4642,9.19
2024-10,Japan,Nara,Beach,207933,81501425.17,4.6,Yes,Peak,34.6851,135.8048
2024-06,Japan,Tokyo,Beach,596648,68343656.32,4.6,Yes,Off-Peak,35.6762,139.6503
2025-05,Thailand,Phuket,Wildlife,57822,12369093.76,4.1,No,Peak,7.8804,98.3923
2024-09,France,Paris,Luxury,595813,232732480.81,3.9,Yes,Shoulder,48.8566,2.3522
2025-01,France,Cannes,Luxury,575889,48473223.18,3.9,No,Shoulder,43.5528,7.0174
2024-08,Switzerland,Zurich,Beach,172383,33663613.11,4.8,No,Peak,47.3769,8.5417
2024-01,Switzerland,Lucerne,Religious,284193,75687636.77,3.2,Yes,Shoulder,47.0502,8.3093
2022-11,Thailand,Chiang Mai,Urban,145681,17091196.39,4.3,No,Shoulder,18.7883,98.9853
2022-08,Thailand,Bangkok,Beach,232482,66563210.52,4.2,No,Shoulder,13.7563,100.5018
2023-05,India,Mumbai,Wildlife,276034,78355766.82,3.3,No,Shoulder,19.076,72.8777
2024-03,Japan,Kyoto,Religious,272363,76125151.74,4.9,No,Shoulder,35.0116,135.7681
2022-12,Italy,Milan,Historical,67788,10854486.4,4.4,Yes,Off-Peak,45.4642,9.19
2023-08,UAE,Sharjah,Beach,440182,87360843.4,4.4,No,Shoulder,25.3463,55.4209
2024-10,USA,Las Vegas,Wildlife,30476,10611000.54,3.2,Yes,Off-Peak,36.1699,-115.1398
2025-10,Switzerland,Zurich,Nature,355673,86201481.92,3.4,No,Peak,47.3769,8.5417
2023-09,USA,New York,Wildlife,354840,99351504.1,4.3,Yes,Shoulder,40.7128,-74.006
2023-07,Thailand,Bangkok,Adventure,86607,38110262.34,3.4,No,Shoulder,13.7563,100.5018
2023-06,Australia,Perth,Wildlife,149205,44739739.77,3.7,No,Peak,-31.9505,115.8605
2024-11,Japan,Tokyo,Adventure,525912,129556168.54,4.5,Yes,Off-Peak,35.6762,139.6503
2024-04,Brazil,Sao Paulo,Adventure,433345,39802587.4,3.8,Yes,Off-Peak,-23.5505,-46.6333
2023-05,Switzerland,Geneva,Beach,425451,154298404.98,3.8,No,Off-Peak,46.2044,6.1432
2022-08,UAE,Abu Dhabi,Wildlife,150662,40538511.23,3.8,No,Off-Peak,24.4539,54.3773
2025-07,Italy,Florence,Urban,365293,49455166.0,3.8,No,Off-Peak,43.7696,11.2558
2025-01,Thailand,Bangkok,Beach,192333,86121150.13,3.5,No,Off-Peak,13.7563,100.5018
2024-04,Brazil,Sao Paulo,Beach,50792,5921862.7,5.0,No,Peak,-23.5505,-46.6333
2025-10,Japan,Kyoto,Nature,464583,132929443.09,4.4,Yes,Peak,35.0116,135.7681
2024-11,Brazil,Rio de Janeiro,Luxury,217744,28523565.25,3.8,No,Off-Peak,-22.9068,-43.1729
2022-12,Switzerland,Lucerne,Luxury,446731,183415583.39,5.0,Yes,Peak,47.0502,8.3093
2024-08,Australia,Perth,Urban,396040,125674294.32,3.3,No,Peak,-31.9505,115.8605
2025-10,Thailand,Chiang Mai,Urban,88049,34163028.5,4.2,No,Peak,18.7883,98.9853
2022-01,Thailand,Bangkok,Luxury,388393,35591638.44,4.5,Yes,Off-Peak,13.7563,100.5018
2025-05,UAE,Abu Dhabi,Beach,414323,122898306.95,4.0,No,Shoulder,24.4539,54.3773
2022-04,India,Jaipur,Historical,11663,2787283.65,3.8,No,Off-Peak,26.9124,75.7873
2022-03,Australia,Gold Coast,Beach,265695,30701547.31,4.8,No,Off-Peak,-28.0167,153.4
2025-06,Italy,Milan,Adventure,317597,119932869.77,3.2,No,Peak,45.4642,9.19
2025-01,Italy,Florence,Wildlife,581636,194273296.85,4.7,Yes,Off-Peak,43.7696,11.2558
2024-03,Japan,Kyoto,Luxury,119302,26031822.25,4.6,No,Shoulder,35.0116,135.7681
2022-04,France,Paris,Luxury,474169,169692128.2,3.3,Yes,Off-Peak,48.8566,2.3522
2022-01,France,Nice,Adventure,270108,57347135.07,4.9,No,Off-Peak,43.7102,7.262
2024-03,Italy,Venice,Urban,485648,82911657.23,4.7,No,Shoulder,45.4408,12.3155
2024-04,UAE,Abu Dhabi,Religious,151956,15578943.82,3.8,Yes,Off-Peak,24.4539,54.3773
2022-06,Thailand,Phuket,Historical,281177,126110224.86,3.2,No,Shoulder,7.8804,98.3923
2025-10,Brazil,Sao Paulo,Wildlife,206584,42771949.26,4.3,No,Off-Peak,-23.5505,-46.6333
2022-04,Brazil,Salvador,Urban,201392,70033253.32,4.4,No,Peak,-12.9777,-38.5016
2023-03,Switzerland,Lucerne,Beach,177689,67193930.84,3.4,No,Shoulder,47.0502,8.3093
2025-05,Japan,Tokyo,Adventure,263052,79742980.99,4.1,No,Off-Peak,35.6762,139.6503
2025-10,USA,Las Vegas,Adventure,243971,73060290.41,3.8,No,Shoulder,36.1699,-115.1398
2025-10,UAE,Abu Dhabi,Beach,301085,56942990.3,4.7,No,Off-Peak,24.4539,54.3773
2025-11,Italy,Florence,Urban,417451,174494134.03,4.1,Yes,Shoulder,43.7696,11.2558
2022-01,USA,New York,Luxury,595264,146882843.23,4.8,Yes,Peak,40.7128,-74.006
2023-07,India,Varanasi,Urban,591192,262600458.52,4.3,Yes,Shoulder,25.3176,82.9739
2024-01,Brazil,Rio de Janeiro,Urban,74235,9540663.83,3.4,Yes,Off-Peak,-22.9068,-43.1729
2022-04,Australia,Gold Coast,Adventure,497656,92140379.0,4.3,Yes,Off-Peak,-28.0167,153.4
2025-01,Australia,Perth,Historical,596138,127462917.89,4.7,No,Peak,-31.9505,115.8605
2023-11,USA,Orlando,Historical,402310,129038038.19,5.0,Yes,Off-Peak,28.5383,-81.3792
2022-04,Japan,Osaka,Wildlife,293602,98637768.16,4.1,Yes,Off-Peak,34.6937,135.5023
2025-02,Japan,Tokyo,Religious,255966,78282066.95,3.7,No,Off-Peak,35.6762,139.6503
2023-09,Switzerland,Lucerne,Beach,287572,102001177.34,3.6,Yes,Peak,47.0502,8.3093
2025-05,Switzerland,Zurich,Historical,81886,30611836.5,3.5,No,Shoulder,47.3769,8.5417
2022-06,Italy,Rome,Religious,540681,94473290.08,4.6,Yes,Off-Peak,41.9028,12.4964
2022-04,Thailand,Bangkok,Religious,516278,204766974.41,4.0,No,Shoulder,13.7563,100.5018
2024-01,India,Mysuru,Nature,141467,21027066.06,3.9,No,Shoulder,12.2958,76.6394
2023-10,Japan,Kyoto,Wildlife,453174,61895122.23,4.9,No,Shoulder,35.0116,135.7681
2025-12,Switzerland,Zurich,Wildlife,272737,25864854.82,4.1,Yes,Off-Peak,47.3769,8.5417
2024-08,Brazil,Salvador,Religious,527985,74097628.16,4.9,Yes,Shoulder,-12.9777,-38.5016
2023-01,Brazil,Salvador,Luxury,460772,133307595.2,3.4,No,Off-Peak,-12.9777,-38.5016
2025-08,USA,Orlando,Nature,117857,52242017.26,4.8,No,Shoulder,28.5383,-81.3792
2022-11,Brazil,Rio de Janeiro,Luxury,557922,211548491.01,4.5,Yes,Peak,-22.9068,-43.1729
2023-09,UAE,Abu Dhabi,Religious,114743,16224702.16,4.9,No,Shoulder,24.4539,54.3773
2025-06,Thailand,Bangkok,Religious,383658,134968021.1,3.5,Yes,Peak,13.7563,100.5018
2022-05,Thailand,Chiang Mai,Nature,243781,77333214.26,4.7,No,Off-Peak,18.7883,98.9853
2024-06,France,Cannes,Luxury,104371,22281835.02,3.3,Yes,Peak,43.5528,7.0174
2024-08,India,Goa,Luxury,184862,35834772.51,4.3,No,Shoulder,15.2993,74.124
2023-11,Thailand,Bangkok,Historical,10241,3231084.93,4.9,Yes,Shoulder,13.7563,100.5018
2022-07,India,Mysuru,Beach,207669,42039499.32,3.6,No,Off-Peak,12.2958,76.6394
2025-11,Brazil,Rio de Janeiro,Wildlife,183891,57827812.73,4.8,Yes,Shoulder,-22.9068,-43.1729
2022-12,Thailand,Phuket,Adventure,408492,92414052.01,4.1,No,Off-Peak,7.8804,98.3923
2025-12,Japan,Tokyo,Religious,85437,12004062.75,3.7,Yes,Shoulder,35.6762,139.6503
2024-05,Thailand,Bangkok,Religious,32564,7979626.81,3.5,Yes,Off-Peak,13.7563,100.5018
2022-08,USA,Orlando,Luxury,285657,92584585.06,3.8,No,Peak,28.5383,-81.3792
2023-06,USA,Las Vegas,Beach,584719,255736351.78,4.9,Yes,Off-Peak,36.1699,-115.1398
2023-11,Thailand,Chiang Mai,Wildlife,83079,32889101.82,3.6,No,Shoulder,18.7883,98.9853
2022-04,Australia,Sydney,Religious,471300,155220452.73,4.8,Yes,Off-Peak,-33.8688,151.2093
2023-01,France,Paris,Historical,37000,11899984.94,4.0,Yes,Peak,48.8566,2.3522
2023-06,Thailand,Phuket,Urban,115534,44666422.75,3.9,No,Peak,7.8804,98.3923
2025-11,Brazil,Sao Paulo,Wildlife,426971,142578362.94,4.6,Yes,Shoulder,-23.5505,-46.6333
2023-04,Australia,Sydney,Urban,288448,129247261.54,4.6,Yes,Peak,-33.8688,151.2093
2023-10,UAE,Sharjah,Wildlife,395111,86940753.14,3.7,No,Off-Peak,25.3463,55.4209
2023-01,UAE,Abu Dhabi,Adventure,485228,144375375.29,4.1,No,Peak,24.4539,54.3773
2024-04,India,Mumbai,Religious,7846,2411027.83,4.6,Yes,Peak,19.076,72.8777
2024-04,Japan,Tokyo,Adventure,316389,39040270.58,4.5,Yes,Off-Peak,35.6762,139.6503
2023-03,France,Cannes,Wildlife,355659,57367562.12,4.7,Yes,Off-Peak,43.5528,7.0174
2024-11,Japan,Osaka,Beach,177926,76836904.2,4.5,Yes,Shoulder,34.6937,135.5023
2022-04,UAE,Dubai,Luxury,217224,26334052.01,4.8,No,Peak,25.2048,55.2708
2022-08,India,Mysuru,Luxury,422416,128179280.9,3.6,No,Peak,12.2958,76.6394
2022-08,Australia,Sydney,Historical,287270,71887832.05,4.7,No,Off-Peak,-33.8688,151.2093
2022-07,Brazil,Sao Paulo,Urban,217579,50606952.68,3.3,No,Shoulder,-23.5505,-46.6333
2025-04,India,Varanasi,Luxury,289316,111715608.84,4.8,Yes,Shoulder,25.3176,82.9739
2024-09,Switzerland,Zurich,Wildlife,24292,6806389.79,3.8,No,Off-Peak,47.3769,8.5417
2024-09,Brazil,Salvador,Adventure,538138,94016541.09,3.6,No,Shoulder,-12.9777,-38.5016
2024-11,UAE,Sharjah,Luxury,415736,186501697.87,4.0,No,Shoulder,25.3463,55.4209
2022-03,Italy,Venice,Wildlife,17803,1851101.67,3.8,No,Off-Peak,45.4408,12.3155
2022-08,Brazil,Sao Paulo,Nature,21730,8588772.74,4.6,Yes,Off-Peak,-23.5505,-46.6333
2022-05,Thailand,Bangkok,Religious,97116,21490552.77,4.6,Yes,Off-Peak,13.7563,100.5018
2022-12,India,Agra,Urban,565683,202721196.56,3.9,Yes,Shoulder,27.1767,78.0081
2024-03,Japan,Nara,Religious,88601,8921814.86,3.7,Yes,Shoulder,34.6851,135.8048
2025-01,Japan,Tokyo,Luxury,396853,125530059.32,4.0,Yes,Peak,35.6762,139.6503
2022-07,France,Paris,Historical,387287,132603280.33,3.9,Yes,Peak,48.8566,2.3522
2023-08,USA,San Francisco,Luxury,55498,19504999.07,3.7,No,Peak,37.7749,-122.4194
2022-07,Australia,Sydney,Nature,349571,107669300.74,4.8,No,Shoulder,-33.8688,151.2093
2025-04,Brazil,Rio de Janeiro,Adventure,81173,19529050.53,4.7,Yes,Peak,-22.9068,-43.1729
2025-08,Brazil,Salvador,Beach,451643,143162733.66,4.7,Yes,Off-Peak,-12.9777,-38.5016
2025-05,USA,New York,Luxury,454733,182940058.82,3.9,Yes,Off-Peak,40.7128,-74.006
2025-03,Thailand,Chiang Mai,Urban,164501,23092836.2,3.2,No,Peak,18.7883,98.9853
2025-12,Switzerland,Zurich,Religious,363913,103757911.24,3.7,Yes,Off-Peak,47.3769,8.5417
2024-08,Brazil,Salvador,Religious,507917,172496736.38,3.5,Yes,Peak,-12.9777,-38.5016
2022-06,Japan,Tokyo,Religious,211879,22006817.76,4.6,No,Peak,35.6762,139.6503
2025-03,Thailand,Phuket,Luxury,590510,86147805.5,3.5,No,Shoulder,7.8804,98.3923
2023-05,USA,San Francisco,Historical,444715,135952906.48,4.3,No,Shoulder,37.7749,-122.4194
2022-05,Japan,Kyoto,Beach,385524,42645723.41,3.4,No,Peak,35.0116,135.7681
2022-10,Japan,Osaka,Wildlife,145397,61089619.99,4.1,No,Peak,34.6937,135.5023
2025-08,Switzerland,Geneva,Adventure,325805,77013265.1,3.5,No,Shoulder,46.2044,6.1432
2025-09,Australia,Gold Coast,Urban,213149,37246754.56,4.6,Yes,Peak,-28.0167,153.4
2022-08,Switzerland,Lucerne,Historical,9386,1839086.48,4.7,No,Off-Peak,47.0502,8.3093
2025-08,Brazil,Sao Paulo,Religious,109494,44009487.59,3.4,No,Off-Peak,-23.5505,-46.6333
2024-07,Japan,Kyoto,Religious,219729,18710394.9,4.6,No,Peak,35.0116,135.7681
2022-11,France,Cannes,Religious,340142,46045629.27,5.0,Yes,Peak,43.5528,7.0174
2025-09,USA,Las Vegas,Adventure,268313,30995861.59,3.6,No,Shoulder,36.1699,-115.1398
2023-09,Thailand,Chiang Mai,Luxury,458457,64797754.72,3.2,Yes,Peak,18.7883,98.9853
2024-03,Australia,Sydney,Urban,17914,7111386.99,3.8,No,Shoulder,-33.8688,151.2093
2024-10,Switzerland,Zurich,Adventure,324626,99610557.05,3.7,No,Shoulder,47.3769,8.5417
2024-01,Switzerland,Zurich,Adventure,549621,118259888.36,3.8,No,Shoulder,47.3769,8.5417
2022-02,Italy,Venice,Luxury,478754,193589119.05,3.5,No,Shoulder,45.4408,12.3155
2024-01,Thailand,Chiang Mai,Beach,233155,63819965.4,3.9,Yes,Shoulder,18.7883,98.9853
2023-01,Italy,Milan,Historical,155581,68397323.31,5.0,No,Peak,45.4642,9.19
2023-01,France,Paris,Adventure,393069,123929516.23,4.0,Yes,Peak,48.8566,2.3522
2024-05,USA,New York,Wildlife,304470,128548181.17,4.6,No,Peak,40.7128,-74.006
2024-05,Thailand,Bangkok,Wildlife,252851,20967299.73,3.3,No,Peak,13.7563,100.5018
2025-02,Switzerland,Zurich,Historical,570837,214232212.05,4.5,Yes,Shoulder,47.3769,8.5417
2024-05,Brazil,Sao Paulo,Religious,351129,137875708.49,4.6,No,Off-Peak,-23.5505,-46.6333
2022-08,USA,Orlando,Adventure,353310,110132913.25,4.9,Yes,Peak,28.5383,-81.3792
2025-07,Italy,Rome,Nature,572963,212238471.28,4.6,No,Shoulder,41.9028,12.4964
2025-08,USA,Las Vegas,Luxury,598260,74871547.79,4.1,No,Peak,36.1699,-115.1398
2022-03,Switzerland,Lucerne,Luxury,399350,116215418.24,4.6,Yes,Shoulder,47.0502,8.3093
2022-05,Brazil,Sao Paulo,Beach,361378,156090697.91,4.4,Yes,Shoulder,-23.5505,-46.6333
2024-01,Italy,Venice,Adventure,79032,34814563.65,4.1,No,Peak,45.4408,12.3155
2024-09,USA,Las Vegas,Religious,513290,174213957.81,4.6,Yes,Peak,36.1699,-115.1398
2025-05,Japan,Nara,Beach,204911,43709324.62,4.3,No,Peak,34.6851,135.8048
2025-04,Australia,Sydney,Urban,406939,43594450.61,3.6,Yes,Shoulder,-33.8688,151.2093
2025-08,Switzerland,Lucerne,Luxury,6752,2445134.63,4.1,Yes,Peak,47.0502,8.3093
2025-03,Thailand,Bangkok,Adventure,301059,125906531.78,3.6,No,Peak,13.7563,100.5018
2022-02,Japan,Nara,Religious,541177,239837190.4,4.4,No,Off-Peak,34.6851,135.8048
2022-09,USA,Las Vegas,Historical,516678,201996738.41,3.5,No,Off-Peak,36.1699,-115.1398
2023-03,UAE,Dubai,Historical,591225,203729166.68,3.3,Yes,Off-Peak,25.2048,55.2708
2022-03,Japan,Osaka,Wildlife,257382,74871917.2,4.1,No,Shoulder,34.6937,135.5023
2024-12,USA,Las Vegas,Historical,127940,36561615.7,4.9,Yes,Shoulder,36.1699,-115.1398
2022-11,Thailand,Phuket,Historical,490126,168582896.25,4.4,Yes,Peak,7.8804,98.3923
2023-11,France,Nice,Wildlife,410218,79743385.71,3.2,Yes,Peak,43.7102,7.262
2022-05,Japan,Tokyo,Wildlife,144388,39749299.44,4.0,Yes,Off-Peak,35.6762,139.6503
2024-08,Italy,Venice,Religious,152383,41840812.34,4.2,Yes,Shoulder,45.4408,12.3155
2024-03,Australia,Melbourne,Nature,30350,2700944.88,3.7,No,Off-Peak,-37.8136,144.9631
2024-02,Italy,Milan,Historical,180599,51415966.62,4.2,Yes,Shoulder,45.4642,9.19
2022-03,Australia,Melbourne,Beach,106569,46914010.51,4.7,No,Shoulder,-37.8136,144.9631
2023-03,Italy,Florence,Luxury,72565,29095172.07,3.5,Yes,Shoulder,43.7696,11.2558
2025-07,India,Jaipur,Wildlife,230788,100011113.78,3.5,Yes,Shoulder,26.9124,75.7873
2023-06,USA,New York,Luxury,83380,25678401.7,3.3,Yes,Off-Peak,40.7128,-74.006
2022-10,India,Varanasi,Wildlife,524392,72358861.2,4.3,No,Off-Peak,25.3176,82.9739
2025-12,India,Goa,Nature,459982,154213938.62,4.8,No,Peak,15.2993,74.124
2022-02,Japan,Kyoto,Historical,385024,166810007.31,4.5,No,Peak,35.0116,135.7681
2023-08,Australia,Sydney,Urban,42399,9319743.16,3.4,Yes,Peak,-33.8688,151.2093
2022-07,Australia,Sydney,Nature,359341,58175654.78,3.4,No,Off-Peak,-33.8688,151.2093
2023-07,Japan,Tokyo,Beach,162107,41624339.91,3.4,Yes,Off-Peak,35.6762,139.6503
2024-03,Brazil,Salvador,Religious,444990,74926557.23,4.2,Yes,Off-Peak,-12.9777,-38.5016
2023-06,Japan,Osaka,Nature,508856,82371300.53,3.4,No,Shoulder,34.6937,135.5023
2024-12,India,Goa,Urban,34008,4003745.4,3.5,No,Off-Peak,15.2993,74.124
2025-10,Australia,Sydney,Urban,102017,24412067.21,3.6,Yes,Off-Peak,-33.8688,151.2093
2022-02,UAE,Abu Dhabi,Nature,10703,3143383.1,4.6,No,Off-Peak,24.4539,54.3773
2024-01,Switzerland,Lucerne,Urban,309562,98393712.58,3.3,Yes,Shoulder,47.0502,8.3093
2023-02,Brazil,Rio de Janeiro,Adventure,152266,12304696.51,3.9,No,Peak,-22.9068,-43.1729
2025-03,Brazil,Salvador,Beach,579144,133323617.37,3.2,Yes,Off-Peak,-12.9777,-38.5016
2023-10,Australia,Sydney,Historical,483609,203155399.83,4.5,Yes,Off-Peak,-33.8688,151.2093
2022-02,Thailand,Phuket,Urban,376530,86021825.42,4.8,Yes,Shoulder,7.8804,98.3923
2025-11,Italy,Florence,Luxury,210813,43835900.56,4.2,No,Peak,43.7696,11.2558
2023-05,India,Agra,Wildlife,8665,950750.88,3.3,Yes,Off-Peak,27.1767,78.0081
2024-08,Australia,Melbourne,Luxury,303115,108596951.15,3.4,No,Peak,-37.8136,144.9631
2023-07,Thailand,Bangkok,Religious,464107,74543316.19,4.8,No,Shoulder,13.7563,100.5018
2024-12,Australia,Gold Coast,Beach,21070,2073372.04,4.3,Yes,Off-Peak,-28.0167,153.4
2024-07,Brazil,Sao Paulo,Nature,324826,143032700.87,4.0,No,Peak,-23.5505,-46.6333
2025-02,Thailand,Chiang Mai,Urban,150750,23389999.35,4.3,Yes,Shoulder,18.7883,98.9853
2023-09,India,Agra,Beach,278752,88821994.09,3.4,No,Shoulder,27.1767,78.0081
2022-10,USA,San Francisco,Nature,48206,11318128.48,4.0,Yes,Off-Peak,37.7749,-122.4194
2022-11,India,Mysuru,Adventure,18373,3937554.4,3.8,Yes,Shoulder,12.2958,76.6394
2025-12,France,Nice,Historical,271973,67052087.56,3.5,Yes,Shoulder,43.7102,7.262
2022-05,India,Mumbai,Wildlife,318701,69123449.46,4.4,Yes,Off-Peak,19.076,72.8777
2023-11,Japan,Nara,Urban,42929,12241331.36,4.2,No,Peak,34.6851,135.8048
2025-04,Brazil,Rio de Janeiro,Luxury,226550,69963556.1,4.8,Yes,Shoulder,-22.9068,-43.1729
2024-04,Italy,Milan,Historical,376143,49104957.62,3.3,No,Off-Peak,45.4642,9.19
2024-07,UAE,Abu Dhabi,Luxury,433650,76363159.21,4.2,No,Off-Peak,24.4539,54.3773
2024-12,Italy,Florence,Urban,55056,23180060.84,3.3,Yes,Shoulder,43.7696,11.2558
2022-10,USA,Las Vegas,Religious,597220,151304267.11,3.2,Yes,Shoulder,36.1699,-115.1398
2022-10,UAE,Dubai,Religious,13687,4278527.75,4.6,Yes,Off-Peak,25.2048,55.2708
2025-08,Japan,Kyoto,Religious,342991,45327441.97,3.6,No,Off-Peak,35.0116,135.7681
2022-08,Brazil,Rio de Janeiro,Beach,567794,209068754.89,3.5,Yes,Shoulder,-22.9068,-43.1729
2022-01,India,Mumbai,Luxury,209222,54591230.73,4.8,Yes,Peak,19.076,72.8777
2022-07,Japan,Osaka,Luxury,24462,7725546.1,4.0,No,Shoulder,34.6937,135.5023
2025-12,Italy,Rome,Beach,133994,26999958.75,4.7,Yes,Shoulder,41.9028,12.4964
2024-08,Thailand,Bangkok,Urban,376191,165326847.88,4.6,No,Shoulder,13.7563,100.5018
2025-02,USA,New York,Historical,462696,189317685.77,3.6,No,Off-Peak,40.7128,-74.006
2025-06,Thailand,Bangkok,Urban,584133,99829951.42,4.6,No,Shoulder,13.7563,100.5018
2024-04,Australia,Perth,Religious,524400,158264753.02,4.0,Yes,Shoulder,-31.9505,115.8605
2023-03,UAE,Dubai,Adventure,433801,149626101.86,3.6,No,Peak,25.2048,55.2708
2025-08,Thailand,Bangkok,Historical,204916,59683996.56,5.0,No,Off-Peak,13.7563,100.5018
2023-05,UAE,Abu Dhabi,Historical,119514,39862022.84,3.8,Yes,Off-Peak,24.4539,54.3773
2022-10,UAE,Sharjah,Wildlife,246881,54886730.32,4.5,Yes,Shoulder,25.3463,55.4209
2025-11,UAE,Dubai,Historical,376429,111315649.77,4.0,Yes,Peak,25.2048,55.2708
2024-04,USA,Las Vegas,Nature,254291,61877019.56,4.5,Yes,Off-Peak,36.1699,-115.1398
2023-02,Japan,Tokyo,Historical,75655,20763265.66,3.7,No,Peak,35.6762,139.6503
2025-10,Japan,Osaka,Historical,509938,192640986.88,4.5,Yes,Off-Peak,34.6937,135.5023
2025-12,France,Paris,Urban,118930,29812010.23,4.9,Yes,Peak,48.8566,2.3522
2024-06,Thailand,Bangkok,Wildlife,272741,111211682.07,4.6,No,Off-Peak,13.7563,100.5018
2023-11,France,Lyon,Luxury,344343,138496109.91,4.0,Yes,Peak,45.764,4.8357
2024-11,France,Cannes,Religious,541719,162086540.72,3.9,Yes,Off-Peak,43.5528,7.0174
2025-06,India,Goa,Urban,576932,93883815.25,3.5,Yes,Off-Peak,15.2993,74.124
2024-07,Switzerland,Lucerne,Historical,388682,89281160.94,4.8,Yes,Shoulder,47.0502,8.3093
2022-05,Switzerland,Zurich,Beach,282455,101087973.51,4.4,No,Off-Peak,47.3769,8.5417
2024-12,UAE,Sharjah,Adventure,198549,47636910.84,4.0,No,Shoulder,25.3463,55.4209
2024-06,UAE,Dubai,Nature,576586,209137741.01,4.0,Yes,Peak,25.2048,55.2708
2024-10,USA,Las Vegas,Historical,103239,15516256.81,4.8,Yes,Shoulder,36.1699,-115.1398
2023-10,Japan,Tokyo,Beach,325370,104273114.71,3.2,Yes,Off-Peak,35.6762,139.6503
2024-02,Brazil,Rio de Janeiro,Urban,89837,23477174.08,3.7,Yes,Shoulder,-22.9068,-43.1729
2025-09,Thailand,Bangkok,Luxury,593109,169239941.25,3.4,Yes,Shoulder,13.7563,100.5018
2025-09,Thailand,Chiang Mai,Adventure,142880,45034347.62,4.7,Yes,Shoulder,18.7883,98.9853
2023-02,France,Lyon,Adventure,367131,78957452.28,4.1,Yes,Peak,45.764,4.8357
2024-02,Italy,Rome,Wildlife,214817,22229279.11,3.3,Yes,Peak,41.9028,12.4964
2025-11,Switzerland,Geneva,Wildlife,81200,29306190.82,4.0,Yes,Peak,46.2044,6.1432
2025-03,Switzerland,Geneva,Beach,329818,83994241.83,3.9,No,Shoulder,46.2044,6.1432
2023-10,Switzerland,Zurich,Beach,8985,1543866.06,3.4,No,Shoulder,47.3769,8.5417
2024-09,France,Nice,Nature,561883,137304501.46,4.3,No,Shoulder,43.7102,7.262
2024-12,Brazil,Rio de Janeiro,Adventure,65674,28715987.7,4.6,No,Shoulder,-22.9068,-43.1729
2024-04,Switzerland,Zurich,Religious,292199,50396497.62,3.8,No,Shoulder,47.3769,8.5417
2023-04,Switzerland,Lucerne,Adventure,160865,15412940.04,3.5,No,Shoulder,47.0502,8.3093
2023-10,UAE,Dubai,Luxury,94650,35580356.39,4.4,Yes,Peak,25.2048,55.2708
2024-12,India,Mysuru,Beach,527502,54792481.21,4.2,No,Off-Peak,12.2958,76.6394
2025-10,India,Jaipur,Historical,295403,116401121.44,4.2,Yes,Off-Peak,26.9124,75.7873
2022-11,USA,San Francisco,Beach,115303,51341004.63,3.6,No,Peak,37.7749,-122.4194
2024-09,USA,San Francisco,Religious,327511,74999014.46,3.6,No,Shoulder,37.7749,-122.4194
2024-07,Switzerland,Geneva,Nature,78635,29653588.59,3.4,No,Off-Peak,46.2044,6.1432
2023-01,UAE,Dubai,Religious,441223,139880998.85,4.5,No,Shoulder,25.2048,55.2708
2024-04,Brazil,Salvador,Religious,56628,20718133.53,3.7,No,Shoulder,-12.9777,-38.5016
2024-03,Switzerland,Geneva,Luxury,234957,99774743.19,3.6,Yes,Off-Peak,46.2044,6.1432
2024-09,Australia,Perth,Urban,94781,19980957.7,3.8,No,Off-Peak,-31.9505,115.8605
2025-01,Thailand,Chiang Mai,Adventure,384785,128732577.83,3.7,No,Shoulder,18.7883,98.9853
2024-11,Japan,Nara,Nature,82291,19974519.73,3.8,Yes,Peak,34.6851,135.8048
2023-07,Brazil,Sao Paulo,Adventure,44354,7957510.85,3.8,Yes,Off-Peak,-23.5505,-46.6333
2022-10,UAE,Abu Dhabi,Historical,70261,31255950.84,4.7,Yes,Shoulder,24.4539,54.3773
2022-07,Australia,Sydney,Beach,422295,184178761.99,4.0,No,Peak,-33.8688,151.2093
2023-03,Italy,Florence,Beach,7678,1477918.88,4.1,Yes,Shoulder,43.7696,11.2558
2022-01,Italy,Milan,Luxury,580587,114935868.45,4.7,Yes,Shoulder,45.4642,9.19
2022-01,UAE,Dubai,Wildlife,489985,192929737.67,4.5,Yes,Shoulder,25.2048,55.2708
2022-09,Japan,Tokyo,Urban,251322,23107321.2,4.4,No,Shoulder,35.6762,139.6503
2022-03,USA,Las Vegas,Historical,381402,155734002.21,3.9,No,Off-Peak,36.1699,-115.1398
2023-08,Australia,Gold Coast,Luxury,502841,79705164.39,3.5,Yes,Peak,-28.0167,153.4
2023-10,Thailand,Chiang Mai,Luxury,8338,850041.81,4.8,No,Off-Peak,18.7883,98.9853
2022-04,Japan,Osaka,Luxury,126422,10423861.5,3.3,No,Off-Peak,34.6937,135.5023
2025-07,France,Cannes,Religious,75085,11387474.48,3.3,No,Off-Peak,43.5528,7.0174
2023-07,India,Agra,Religious,312529,68551223.76,4.0,Yes,Shoulder,27.1767,78.0081
2023-03,France,Lyon,Luxury,228265,91470186.55,5.0,No,Off-Peak,45.764,4.8357
2024-02,Australia,Gold Coast,Beach,280625,62373688.97,3.5,Yes,Off-Peak,-28.0167,153.4
2023-04,India,Mumbai,Adventure,208797,79502025.94,3.8,No,Shoulder,19.076,72.8777
2024-11,UAE,Abu Dhabi,Historical,57616,15564420.44,4.6,Yes,Off-Peak,24.4539,54.3773
2023-01,France,Lyon,Luxury,25605,11343464.03,4.9,No,Off-Peak,45.764,4.8357
2025-12,Australia,Sydney,Luxury,149822,18689952.45,4.2,Yes,Off-Peak,-33.8688,151.2093
2022-11,Brazil,Rio de Janeiro,Nature,177716,72027286.84,4.3,No,Off-Peak,-22.9068,-43.1729
2022-06,Japan,Tokyo,Nature,176259,32014071.28,4.7,No,Off-Peak,35.6762,139.6503
2022-03,Thailand,Chiang Mai,Wildlife,37039,5505824.02,3.9,No,Peak,18.7883,98.9853
2025-06,Japan,Tokyo,Nature,405126,173485321.56,3.8,Yes,Off-Peak,35.6762,139.6503
2022-04,France,Lyon,Urban,119461,13934663.66,3.9,No,Off-Peak,45.764,4.8357
2025-02,UAE,Abu Dhabi,Nature,383820,136275851.93,4.5,Yes,Off-Peak,24.4539,54.3773
2023-02,Brazil,Sao Paulo,Wildlife,507729,55565406.1,4.0,No,Off-Peak,-23.5505,-46.6333
2022-09,Thailand,Chiang Mai,Beach,129015,50299026.18,3.8,No,Shoulder,18.7883,98.9853
2025-10,India,Agra,Urban,569231,235546724.83,3.6,Yes,Off-Peak,27.1767,78.0081
2025-01,Brazil,Sao Paulo,Urban,428291,185752174.15,3.6,No,Off-Peak,-23.5505,-46.6333
2024-10,Thailand,Phuket,Luxury,577418,225906837.13,4.3,No,Shoulder,7.8804,98.3923
2024-04,India,Varanasi,Nature,548390,158480699.5,3.3,No,Peak,25.3176,82.9739
2023-09,Switzerland,Lucerne,Beach,255976,91121713.15,4.8,No,Shoulder,47.0502,8.3093
2023-05,India,Delhi,Wildlife,310167,56813241.6,4.0,No,Peak,28.6139,77.209
2023-10,Australia,Gold Coast,Adventure,290940,74991657.38,3.9,Yes,Shoulder,-28.0167,153.4
2025-06,Australia,Gold Coast,Adventure,487415,138111324.03,3.7,Yes,Off-Peak,-28.0167,153.4
2025-04,Australia,Sydney,Historical,262622,111531385.96,3.9,Yes,Peak,-33.8688,151.2093
2024-12,Thailand,Chiang Mai,Beach,181517,29860174.11,3.9,Yes,Shoulder,18.7883,98.9853
2024-08,India,Mumbai,Wildlife,565925,141395710.44,4.8,No,Off-Peak,19.076,72.8777
2025-01,India,Jaipur,Nature,205686,80232835.17,4.3,Yes,Off-Peak,26.9124,75.7873
2025-09,UAE,Abu Dhabi,Urban,506369,185373151.22,4.7,Yes,Peak,24.4539,54.3773
2024-10,Thailand,Phuket,Luxury,75305,11075826.61,3.9,No,Shoulder,7.8804,98.3923
2024-02,Switzerland,Geneva,Nature,78402,29349507.59,4.6,No,Peak,46.2044,6.1432
2022-01,Switzerland,Zurich,Nature,258535,34305790.12,4.6,Yes,Off-Peak,47.3769,8.5417
2023-08,Brazil,Salvador,Beach,446847,136608031.29,3.9,No,Off-Peak,-12.9777,-38.5016
2022-02,Brazil,Sao Paulo,Religious,479489,78276207.28,3.7,Yes,Off-Peak,-23.5505,-46.6333
2023-07,Brazil,Salvador,Historical,357829,46096867.43,4.4,No,Peak,-12.9777,-38.5016
2025-09,India,Goa,Adventure,84961,33958371.02,4.3,No,Shoulder,15.2993,74.124
2025-08,Italy,Rome,Adventure,29712,11422568.05,3.8,No,Off-Peak,41.9028,12.4964
2024-02,India,Delhi,Luxury,377134,116544515.88,4.3,Yes,Peak,28.6139,77.209
2023-01,Brazil,Rio de Janeiro,Historical,234091,86773945.56,3.8,No,Peak,-22.9068,-43.1729
2025-05,USA,New York,Wildlife,333477,67032226.89,4.4,Yes,Off-Peak,40.7128,-74.006
2022-06,UAE,Sharjah,Adventure,442510,114051952.75,4.7,Yes,Peak,25.3463,55.4209
2024-04,Japan,Kyoto,Urban,349693,145006270.31,3.2,No,Off-Peak,35.0116,135.7681
2024-01,Australia,Perth,Historical,417864,97463672.32,4.7,Yes,Shoulder,-31.9505,115.8605
2023-07,Australia,Sydney,Historical,439548,37422777.5,3.3,No,Peak,-33.8688,151.2093
2025-05,Thailand,Bangkok,Luxury,194371,42058521.44,3.5,No,Shoulder,13.7563,100.5018
2023-07,UAE,Abu Dhabi,Luxury,384588,137172677.15,3.4,Yes,Peak,24.4539,54.3773
2024-06,Switzerland,Geneva,Adventure,436342,105232379.35,3.7,Yes,Peak,46.2044,6.1432
2025-10,Brazil,Salvador,Historical,186283,76425676.43,4.4,No,Peak,-12.9777,-38.5016
2023-10,Australia,Gold Coast,Luxury,193919,24508957.72,5.0,No,Shoulder,-28.0167,153.4
2022-06,India,Varanasi,Nature,541014,199852316.0,5.0,No,Shoulder,25.3176,82.9739
2023-04,Thailand,Phuket,Urban,81529,29889255.2,4.0,No,Shoulder,7.8804,98.3923
2023-12,France,Lyon,Adventure,24352,7983908.93,3.3,No,Shoulder,45.764,4.8357
2025-10,Australia,Gold Coast,Religious,442956,48233278.37,3.3,Yes,Shoulder,-28.0167,153.4
2025-04,UAE,Dubai,Religious,105360,38496536.64,4.0,No,Peak,25.2048,55.2708
2023-03,Australia,Melbourne,Historical,6110,1202263.34,3.7,No,Peak,-37.8136,144.9631
2022-09,Brazil,Sao Paulo,Beach,289651,96900857.6,3.7,Yes,Peak,-23.5505,-46.6333
2022-07,Brazil,Rio de Janeiro,Religious,225939,96162477.95,3.3,No,Shoulder,-22.9068,-43.1729
2023-10,Thailand,Bangkok,Nature,20825,6149138.74,4.7,Yes,Off-Peak,13.7563,100.5018
2024-01,Japan,Kyoto,Adventure,171784,15338598.41,3.8,No,Shoulder,35.0116,135.7681
2022-10,Australia,Gold Coast,Urban,406157,123711303.08,3.9,No,Shoulder,-28.0167,153.4
2023-03,Thailand,Chiang Mai,Nature,235309,71268994.76,4.6,Yes,Peak,18.7883,98.9853
2024-11,India,Mumbai,Religious,88306,31956876.31,4.2,Yes,Shoulder,19.076,72.8777
2022-12,India,Mumbai,Nature,510724,154994330.48,4.1,Yes,Shoulder,19.076,72.8777
2025-05,France,Cannes,Urban,383919,88131881.11,4.6,Yes,Off-Peak,43.5528,7.0174
2022-11,USA,Orlando,Religious,444935,147361780.16,3.9,No,Peak,28.5383,-81.3792
2022-07,Japan,Kyoto,Wildlife,474247,100527067.04,4.0,No,Peak,35.0116,135.7681
2025-07,Brazil,Salvador,Adventure,38412,3564089.7,3.8,Yes,Peak,-12.9777,-38.5016
2024-06,USA,San Francisco,Urban,54278,8522630.43,3.2,No,Off-Peak,37.7749,-122.4194
2024-08,Switzerland,Geneva,Nature,508327,156124856.13,3.3,No,Shoulder,46.2044,6.1432
2025-08,USA,Orlando,Wildlife,18663,3119427.14,3.4,No,Peak,28.5383,-81.3792
2022-08,Switzerland,Lucerne,Historical,5436,798676.15,4.6,No,Off-Peak,47.0502,8.3093
2025-04,Italy,Rome,Urban,418962,177342542.88,4.8,Yes,Shoulder,41.9028,12.4964
2023-06,UAE,Abu Dhabi,Wildlife,445712,46587666.06,3.3,Yes,Off-Peak,24.4539,54.3773
2024-03,Italy,Milan,Religious,363247,47227887.07,4.5,Yes,Shoulder,45.4642,9.19
2022-01,Japan,Tokyo,Beach,207139,22337260.81,3.9,Yes,Peak,35.6762,139.6503
2025-01,France,Lyon,Beach,171029,17442140.11,4.9,No,Peak,45.764,4.8357
2023-02,UAE,Abu Dhabi,Beach,285800,81007368.68,3.2,No,Peak,24.4539,54.3773
2022-07,Switzerland,Lucerne,Luxury,251563,65801849.69,3.6,No,Off-Peak,47.0502,8.3093
2022-08,USA,Orlando,Beach,502230,110936836.69,4.6,Yes,Off-Peak,28.5383,-81.3792
2024-08,Thailand,Chiang Mai,Wildlife,253404,69811404.22,4.8,Yes,Peak,18.7883,98.9853
2022-08,USA,New York,Beach,574779,58734549.57,3.5,Yes,Shoulder,40.7128,-74.006
2025-11,USA,San Francisco,Beach,563957,196693286.83,4.4,No,Peak,37.7749,-122.4194
2024-06,Australia,Perth,Luxury,289608,102484617.7,4.2,No,Off-Peak,-31.9505,115.8605
2023-03,Australia,Perth,Nature,27322,6213899.95,4.0,No,Shoulder,-31.9505,115.8605
2024-08,Brazil,Salvador,Historical,298082,115768876.75,3.2,Yes,Shoulder,-12.9777,-38.5016
2024-11,Thailand,Chiang Mai,Luxury,301070,59118322.2,3.6,Yes,Shoulder,18.7883,98.9853
2023-02,India,Delhi,Nature,336157,59798542.5,3.6,No,Shoulder,28.6139,77.209
2024-06,Switzerland,Zurich,Beach,32305,2610035.66,3.5,No,Off-Peak,47.3769,8.5417
2023-11,Australia,Gold Coast,Nature,473368,180165021.51,4.6,No,Off-Peak,-28.0167,153.4
2024-10,France,Cannes,Adventure,226059,46648303.35,3.4,Yes,Shoulder,43.5528,7.0174
2023-11,Japan,Tokyo,Adventure,206807,23410677.26,4.6,Yes,Off-Peak,35.6762,139.6503
2024-11,Japan,Kyoto,Beach,35604,13160119.54,4.5,No,Shoulder,35.0116,135.7681
2022-07,India,Mysuru,Adventure,87915,32137845.42,4.1,No,Off-Peak,12.2958,76.6394
2023-09,Japan,Tokyo,Wildlife,422131,177868765.71,3.4,Yes,Peak,35.6762,139.6503
2024-10,Thailand,Bangkok,Historical,429326,34471726.51,4.2,Yes,Shoulder,13.7563,100.5018
2023-03,Thailand,Phuket,Religious,454744,58033209.2,3.8,No,Off-Peak,7.8804,98.3923
2022-05,Japan,Nara,Beach,125110,30932202.16,3.2,No,Shoulder,34.6851,135.8048
2023-06,UAE,Sharjah,Luxury,459184,205290361.86,4.7,Yes,Off-Peak,25.3463,55.4209
2025-03,Thailand,Bangkok,Urban,371915,88612691.44,4.2,Yes,Shoulder,13.7563,100.5018
2023-10,Thailand,Phuket,Adventure,199754,39447044.4,4.0,No,Shoulder,7.8804,98.3923
2025-10,Brazil,Salvador,Wildlife,520178,197750607.19,3.6,No,Peak,-12.9777,-38.5016
2022-03,UAE,Sharjah,Nature,409484,142624622.57,5.0,Yes,Shoulder,25.3463,55.4209
2022-07,Thailand,Chiang Mai,Urban,36596,12085855.84,3.2,No,Shoulder,18.7883,98.9853
2023-11,India,Varanasi,Historical,85400,26453884.22,4.9,Yes,Peak,25.3176,82.9739
2024-08,Japan,Tokyo,Wildlife,326867,44405037.32,4.5,No,Peak,35.6762,139.6503
2025-08,France,Lyon,Nature,366307,60491371.82,4.6,No,Peak,45.764,4.8357
2024-04,UAE,Dubai,Adventure,23149,6541686.53,4.6,Yes,Off-Peak,25.2048,55.2708
2025-07,UAE,Abu Dhabi,Nature,61171,5498262.78,4.9,Yes,Off-Peak,24.4539,54.3773
2023-01,France,Nice,Urban,280836,107223093.91,3.6,Yes,Off-Peak,43.7102,7.262
2025-09,UAE,Sharjah,Wildlife,69211,16879358.72,4.3,Yes,Off-Peak,25.3463,55.4209
2025-09,Thailand,Bangkok,Urban,314113,36065040.83,4.0,No,Peak,13.7563,100.5018
2023-04,France,Cannes,Beach,309328,95389528.89,3.7,No,Peak,43.5528,7.0174
2022-09,Brazil,Salvador,Luxury,215804,59445152.57,4.5,No,Peak,-12.9777,-38.5016
2025-02,Brazil,Salvador,Religious,185615,22008695.04,4.4,Yes,Shoulder,-12.9777,-38.5016
2024-10,USA,Orlando,Adventure,282676,62110141.95,4.0,Yes,Peak,28.5383,-81.3792
2024-10,France,Nice,Historical,359019,46074621.85,4.6,No,Off-Peak,43.7102,7.262
2022-01,UAE,Dubai,Urban,283871,106468714.61,4.3,No,Off-Peak,25.2048,55.2708
2025-10,Thailand,Phuket,Adventure,362644,143033659.61,3.4,No,Shoulder,7.8804,98.3923
2022-08,UAE,Sharjah,Luxury,352154,105401718.28,3.3,No,Peak,25.3463,55.4209
2023-12,Thailand,Bangkok,Adventure,264561,82734498.42,3.7,No,Shoulder,13.7563,100.5018
2022-01,Thailand,Bangkok,Beach,347979,73474171.04,4.8,No,Shoulder,13.7563,100.5018
2024-03,Australia,Sydney,Luxury,513240,100384198.19,4.0,No,Peak,-33.8688,151.2093
2022-12,Japan,Kyoto,Wildlife,129721,31290242.44,4.1,Yes,Peak,35.0116,135.7681
2022-12,Australia,Gold Coast,Adventure,571921,240470697.43,3.9,No,Shoulder,-28.0167,153.4
2022-01,Switzerland,Zurich,Nature,410695,166571513.05,4.7,No,Peak,47.3769,8.5417
2023-08,Thailand,Phuket,Luxury,374986,44793569.37,3.7,Yes,Shoulder,7.8804,98.3923
2022-03,Brazil,Salvador,Historical,119518,22514015.66,4.6,Yes,Shoulder,-12.9777,-38.5016
2025-06,France,Nice,Nature,536045,229449859.36,3.8,No,Off-Peak,43.7102,7.262
2025-08,Switzerland,Lucerne,Historical,13592,1764613.85,4.1,Yes,Off-Peak,47.0502,8.3093
2023-09,Thailand,Chiang Mai,Luxury,115216,36806285.58,5.0,Yes,Shoulder,18.7883,98.9853
2023-07,India,Jaipur,Urban,477795,124397631.98,4.8,No,Peak,26.9124,75.7873
2022-02,Switzerland,Zurich,Adventure,206640,29266941.06,4.3,No,Off-Peak,47.3769,8.5417
2024-12,France,Cannes,Urban,346618,31953506.73,4.5,Yes,Off-Peak,43.5528,7.0174
2022-09,UAE,Abu Dhabi,Luxury,342591,108527185.29,4.2,Yes,Shoulder,24.4539,54.3773
2024-12,India,Agra,Luxury,254563,50528537.52,3.5,No,Peak,27.1767,78.0081
2025-02,India,Goa,Beach,387788,127030482.65,3.4,Yes,Peak,15.2993,74.124
2023-10,Japan,Tokyo,Nature,5484,1364111.61,3.5,No,Shoulder,35.6762,139.6503
2025-11,Thailand,Chiang Mai,Adventure,173037,17115602.34,4.6,Yes,Peak,18.7883,98.9853
2024-11,Thailand,Bangkok,Historical,69397,28651551.06,4.0,Yes,Peak,13.7563,100.5018
2025-06,Japan,Nara,Luxury,401845,57027400.82,3.9,Yes,Off-Peak,34.6851,135.8048
2022-01,France,Paris,Adventure,471973,117099759.43,3.4,Yes,Shoulder,48.8566,2.3522
2025-07,Brazil,Sao Paulo,Luxury,167197,26778975.77,4.2,Yes,Off-Peak,-23.5505,-46.6333
2023-01,Brazil,Rio de Janeiro,Wildlife,414408,132030458.06,3.7,No,Off-Peak,-22.9068,-43.1729
2025-04,Brazil,Rio de Janeiro,Adventure,60591,22137644.0,4.5,Yes,Off-Peak,-22.9068,-43.1729
2022-10,Australia,Gold Coast,Nature,482667,85500354.27,4.4,Yes,Off-Peak,-28.0167,153.4
2023-09,France,Paris,Wildlife,372153,80124931.6,3.2,Yes,Shoulder,48.8566,2.3522
2025-11,UAE,Dubai,Beach,290080,128465304.75,4.8,No,Peak,25.2048,55.2708
2023-09,UAE,Abu Dhabi,Adventure,598810,192380046.69,3.5,Yes,Off-Peak,24.4539,54.3773
2022-06,Australia,Gold Coast,Historical,572709,164995751.04,4.3,Yes,Off-Peak,-28.0167,153.4
2024-10,Italy,Florence,Urban,358566,99800615.82,4.1,No,Peak,43.7696,11.2558
2022-12,India,Agra,Luxury,446333,92944402.02,4.2,Yes,Off-Peak,27.1767,78.0081
2024-12,Italy,Rome,Beach,63515,13435476.41,4.6,Yes,Shoulder,41.9028,12.4964
2025-07,Thailand,Phuket,Religious,225537,55291405.29,4.4,Yes,Off-Peak,7.8804,98.3923
2024-09,Australia,Gold Coast,Beach,447151,151948594.06,4.2,No,Shoulder,-28.0167,153.4
2023-10,India,Goa,Historical,113990,14505691.05,3.6,Yes,Off-Peak,15.2993,74.124
2024-07,Italy,Florence,Beach,304308,24870317.34,5.0,No,Peak,43.7696,11.2558
2024-02,Brazil,Salvador,Wildlife,46718,19366225.49,3.8,No,Off-Peak,-12.9777,-38.5016
2025-09,India,Mumbai,Wildlife,501016,206463520.49,4.7,No,Off-Peak,19.076,72.8777
2023-04,USA,San Francisco,Beach,410105,176038551.4,4.2,No,Off-Peak,37.7749,-122.4194
2025-08,Italy,Rome,Beach,104080,9749466.77,4.4,No,Peak,41.9028,12.4964
2025-05,USA,San Francisco,Historical,327326,87333622.13,4.7,Yes,Peak,37.7749,-122.4194
2022-01,Italy,Venice,Religious,209216,77193307.65,4.2,No,Off-Peak,45.4408,12.3155
2024-12,Japan,Kyoto,Adventure,458741,194681326.68,4.7,No,Off-Peak,35.0116,135.7681
2023-11,Thailand,Phuket,Adventure,379582,76975185.1,3.9,No,Off-Peak,7.8804,98.3923
2025-11,Switzerland,Geneva,Luxury,30658,11098681.76,3.7,No,Shoulder,46.2044,6.1432
2024-09,Italy,Milan,Wildlife,329932,40014056.36,3.3,Yes,Peak,45.4642,9.19
2024-02,Australia,Gold Coast,Urban,278881,57452722.79,3.6,No,Off-Peak,-28.0167,153.4
2022-09,Brazil,Salvador,Urban,371080,116931344.36,5.0,No,Off-Peak,-12.9777,-38.5016
2022-08,Thailand,Bangkok,Urban,305568,66489983.04,3.8,No,Peak,13.7563,100.5018
2024-04,Japan,Nara,Religious,47333,15148508.8,4.7,Yes,Shoulder,34.6851,135.8048
2023-01,UAE,Sharjah,Wildlife,131485,52138656.96,3.9,No,Off-Peak,25.3463,55.4209
2022-12,Brazil,Sao Paulo,Historical,176475,57550867.95,3.6,Yes,Off-Peak,-23.5505,-46.6333
2025-11,France,Cannes,Historical,489461,53822501.18,3.2,Yes,Shoulder,43.5528,7.0174
2023-07,UAE,Abu Dhabi,Nature,488166,107512182.89,4.7,Yes,Shoulder,24.4539,54.3773
2024-05,Switzerland,Geneva,Historical,167791,75181277.05,3.6,No,Shoulder,46.2044,6.1432
2025-03,USA,San Francisco,Nature,270178,118509837.16,3.8,No,Off-Peak,37.7749,-122.4194
2025-10,Switzerland,Lucerne,Luxury,227544,25064743.34,4.3,Yes,Shoulder,47.0502,8.3093
2024-06,Switzerland,Lucerne,Luxury,508855,98533266.72,4.5,Yes,Shoulder,47.0502,8.3093
2025-04,USA,Las Vegas,Luxury,90243,28404651.75,3.5,Yes,Shoulder,36.1699,-115.1398
2025-05,Thailand,Chiang Mai,Beach,43042,17132012.7,3.5,Yes,Peak,18.7883,98.9853
2023-09,UAE,Dubai,Wildlife,393507,75042160.07,3.5,No,Off-Peak,25.2048,55.2708
2024-05,Brazil,Sao Paulo,Luxury,568874,166164390.66,3.9,Yes,Shoulder,-23.5505,-46.6333
2022-06,Italy,Milan,Nature,545908,50690239.67,4.1,No,Peak,45.4642,9.19
2025-02,France,Nice,Urban,370484,44595848.26,4.5,No,Off-Peak,43.7102,7.262
2023-01,Brazil,Salvador,Adventure,185803,70611728.25,4.4,Yes,Shoulder,-12.9777,-38.5016
2023-09,Italy,Florence,Wildlife,369410,40153935.44,3.4,No,Peak,43.7696,11.2558
2023-10,Thailand,Phuket,Historical,222748,92852130.28,3.7,Yes,Shoulder,7.8804,98.3923
2024-08,UAE,Dubai,Beach,145297,19895179.6,3.4,No,Shoulder,25.2048,55.2708
2025-12,India,Agra,Historical,555149,53546639.04,3.9,No,Off-Peak,27.1767,78.0081
2023-02,Japan,Osaka,Nature,292093,53610439.92,3.9,Yes,Shoulder,34.6937,135.5023
2025-11,UAE,Dubai,Religious,262570,59679371.0,3.3,No,Shoulder,25.2048,55.2708
2022-11,Italy,Milan,Religious,44562,6050477.47,3.8,Yes,Off-Peak,45.4642,9.19
2024-07,Japan,Osaka,Adventure,104949,33621429.26,4.4,No,Peak,34.6937,135.5023
2023-12,USA,Orlando,Adventure,567020,126859492.43,4.3,Yes,Shoulder,28.5383,-81.3792
2025-06,Japan,Osaka,Wildlife,306260,41924881.48,3.5,Yes,Off-Peak,34.6937,135.5023
2024-02,Australia,Melbourne,Historical,52666,22943594.96,5.0,Yes,Peak,-37.8136,144.9631
2025-03,USA,Orlando,Adventure,561612,143272953.37,4.7,Yes,Peak,28.5383,-81.3792
2024-08,USA,New York,Beach,536188,192085880.99,4.0,Yes,Peak,40.7128,-74.006
2024-02,Australia,Gold Coast,Nature,380086,102005195.75,4.3,Yes,Shoulder,-28.0167,153.4
2025-04,Italy,Florence,Wildlife,225091,42749867.74,4.6,Yes,Peak,43.7696,11.2558
2025-10,Australia,Gold Coast,Nature,517052,199311925.87,4.7,Yes,Off-Peak,-28.0167,153.4
2024-02,Brazil,Salvador,Luxury,136883,10999725.19,4.4,Yes,Off-Peak,-12.9777,-38.5016
2022-02,USA,San Francisco,Historical,393256,97662331.25,3.8,No,Off-Peak,37.7749,-122.4194
2024-10,UAE,Abu Dhabi,Beach,343943,109664345.09,3.8,No,Shoulder,24.4539,54.3773
2022-11,Thailand,Chiang Mai,Nature,144533,20613129.4,3.5,No,Peak,18.7883,98.9853
2023-04,India,Goa,Historical,423692,123903178.22,4.8,No,Shoulder,15.2993,74.124
2024-01,Thailand,Bangkok,Nature,263210,54157050.62,3.3,Yes,Off-Peak,13.7563,100.5018
2024-12,Italy,Rome,Luxury,166466,20019197.64,4.7,Yes,Peak,41.9028,12.4964
2023-06,Switzerland,Geneva,Beach,131473,45336587.39,3.4,No,Off-Peak,46.2044,6.1432
2023-05,USA,Las Vegas,Adventure,157717,22584996.72,3.6,Yes,Peak,36.1699,-115.1398
2022-02,Italy,Rome,Historical,20808,3132688.69,4.0,Yes,Shoulder,41.9028,12.4964
2023-10,Italy,Florence,Beach,252249,79977226.88,4.7,Yes,Shoulder,43.7696,11.2558
2022-11,Japan,Osaka,Religious,246438,108451359.27,3.4,No,Off-Peak,34.6937,135.5023
2023-06,Italy,Florence,Luxury,549678,193510573.4,4.6,No,Peak,43.7696,11.2558
2024-06,Switzerland,Lucerne,Religious,481375,76897936.09,3.3,No,Peak,47.0502,8.3093
2025-06,Switzerland,Zurich,Wildlife,5279,499947.76,3.3,Yes,Peak,47.3769,8.5417
2024-08,UAE,Dubai,Nature,140119,58382253.96,4.5,No,Off-Peak,25.2048,55.2708
2024-03,Thailand,Chiang Mai,Historical,176826,46196987.53,4.9,Yes,Off-Peak,18.7883,98.9853
2023-09,Italy,Venice,Wildlife,310637,106190199.67,4.8,Yes,Shoulder,45.4408,12.3155
2024-09,Italy,Florence,Adventure,208680,21638095.46,4.0,Yes,Peak,43.7696,11.2558
2023-03,Italy,Venice,Nature,560827,153193384.77,4.6,Yes,Shoulder,45.4408,12.3155
2023-02,Australia,Melbourne,Religious,176273,53324943.6,3.3,Yes,Off-Peak,-37.8136,144.9631
2025-11,India,Delhi,Historical,49424,22216499.0,3.7,Yes,Off-Peak,28.6139,77.209
2025-02,Australia,Melbourne,Adventure,199536,34541039.95,3.9,No,Shoulder,-37.8136,144.9631
2025-09,India,Kerala,Religious,242706,22524103.27,3.9,Yes,Shoulder,10.8505,76.2711
2023-01,Brazil,Salvador,Wildlife,203360,37211589.05,3.8,Yes,Off-Peak,-12.9777,-38.5016
2023-02,Switzerland,Lucerne,Wildlife,250670,67212601.25,4.9,No,Shoulder,47.0502,8.3093
2023-04,France,Paris,Beach,361878,106516305.34,4.5,No,Shoulder,48.8566,2.3522
2022-04,Thailand,Phuket,Adventure,367352,76330069.56,4.8,Yes,Peak,7.8804,98.3923
2022-01,Italy,Venice,Wildlife,19689,1607745.42,4.0,Yes,Shoulder,45.4408,12.3155
2024-09,UAE,Sharjah,Urban,323243,72959755.31,4.0,No,Shoulder,25.3463,55.4209
2023-06,Australia,Melbourne,Nature,107733,38113800.83,4.9,No,Off-Peak,-37.8136,144.9631
2025-07,India,Mysuru,Adventure,148003,36924905.72,4.9,Yes,Shoulder,12.2958,76.6394
2025-08,Italy,Florence,Religious,141511,53357296.1,4.3,No,Shoulder,43.7696,11.2558
2023-12,France,Paris,Religious,70116,24777578.15,3.5,No,Peak,48.8566,2.3522
2024-05,Italy,Milan,Luxury,432983,178236550.51,4.1,No,Peak,45.4642,9.19
2024-07,Australia,Perth,Beach,321897,55331330.62,4.0,No,Peak,-31.9505,115.8605
2025-10,USA,Orlando,Adventure,213252,18911398.45,3.8,Yes,Peak,28.5383,-81.3792
2023-07,UAE,Sharjah,Nature,75414,14358635.13,3.3,Yes,Off-Peak,25.3463,55.4209
2025-10,France,Lyon,Urban,161612,24294122.84,3.4,Yes,Off-Peak,45.764,4.8357
2025-06,UAE,Sharjah,Beach,264478,81741037.44,4.8,No,Peak,25.3463,55.4209
2023-12,France,Nice,Adventure,176476,62282299.93,4.6,No,Shoulder,43.7102,7.262
2024-12,Thailand,Phuket,Wildlife,464305,47750607.57,4.0,No,Off-Peak,7.8804,98.3923
2024-03,USA,Las Vegas,Nature,535855,50206990.03,5.0,Yes,Off-Peak,36.1699,-115.1398
2025-11,Switzerland,Zurich,Historical,46726,16413448.12,3.4,No,Off-Peak,47.3769,8.5417
2024-02,Switzerland,Zurich,Urban,394985,169331855.51,3.4,No,Off-Peak,47.3769,8.5417
2022-02,Brazil,Salvador,Urban,25706,4493036.07,3.3,Yes,Shoulder,-12.9777,-38.5016
2025-09,India,Varanasi,Nature,182784,61132841.84,4.5,No,Shoulder,25.3176,82.9739
2025-01,Italy,Rome,Nature,301987,25977593.56,4.9,No,Peak,41.9028,12.4964
2022-05,USA,New York,Beach,141411,35298384.06,4.4,No,Shoulder,40.7128,-74.006
2023-11,Japan,Tokyo,Religious,35641,13214366.7,3.6,No,Shoulder,35.6762,139.6503
2024-12,Switzerland,Lucerne,Religious,482845,45576614.09,3.9,No,Off-Peak,47.0502,8.3093
2022-08,Australia,Sydney,Urban,285256,77955620.07,3.8,Yes,Off-Peak,-33.8688,151.2093
2023-11,UAE,Dubai,Historical,599340,106897625.0,3.4,No,Off-Peak,25.2048,55.2708
2023-10,India,Agra,Nature,73199,20477912.78,3.4,No,Peak,27.1767,78.0081
2022-12,France,Paris,Wildlife,460528,181008531.74,3.7,No,Shoulder,48.8566,2.3522
2022-03,Japan,Osaka,Luxury,122296,14536621.65,4.7,No,Peak,34.6937,135.5023
2023-09,USA,San Francisco,Religious,200847,32078649.43,4.7,Yes,Off-Peak,37.7749,-122.4194
2022-12,Japan,Nara,Adventure,82994,6851289.08,3.5,Yes,Shoulder,34.6851,135.8048
2023-08,USA,Orlando,Beach,190387,53889732.56,4.0,Yes,Shoulder,28.5383,-81.3792
2023-09,Brazil,Sao Paulo,Nature,139562,53124208.54,3.9,Yes,Shoulder,-23.5505,-46.6333
2025-02,India,Kerala,Historical,82984,35620878.35,4.5,No,Peak,10.8505,76.2711
2025-11,India,Jaipur,Wildlife,177743,76136635.22,3.4,Yes,Shoulder,26.9124,75.7873
2025-11,Italy,Milan,Historical,325763,66491307.88,4.3,No,Shoulder,45.4642,9.19
2025-05,Italy,Florence,Nature,282545,53741664.15,3.8,Yes,Peak,43.7696,11.2558
2025-06,UAE,Abu Dhabi,Adventure,278257,71597005.01,4.2,No,Shoulder,24.4539,54.3773
2023-06,Brazil,Sao Paulo,Historical,463590,187813685.36,3.3,Yes,Peak,-23.5505,-46.6333
2025-09,Brazil,Salvador,Wildlife,147260,19867291.32,3.7,Yes,Shoulder,-12.9777,-38.5016
2024-08,UAE,Abu Dhabi,Nature,498613,162244696.65,4.0,Yes,Peak,24.4539,54.3773
2025-09,Thailand,Bangkok,Adventure,540487,93522787.18,3.3,Yes,Shoulder,13.7563,100.5018
2023-01,Australia,Sydney,Historical,234619,105002594.06,4.0,Yes,Peak,-33.8688,151.2093
2024-04,Switzerland,Zurich,Luxury,266040,29541550.75,4.5,Yes,Peak,47.3769,8.5417
2025-02,France,Cannes,Religious,163365,57405540.88,4.4,No,Shoulder,43.5528,7.0174
2024-03,UAE,Dubai,Luxury,594564,218251002.92,5.0,Yes,Shoulder,25.2048,55.2708
2025-04,USA,New York,Beach,255996,90787746.29,3.5,No,Off-Peak,40.7128,-74.006
2022-02,Thailand,Bangkok,Luxury,437001,71910612.26,4.6,Yes,Shoulder,13.7563,100.5018
2022-03,Brazil,Salvador,Luxury,368264,82743805.76,3.9,No,Off-Peak,-12.9777,-38.5016
2022-02,India,Mumbai,Beach,376427,120450623.55,3.8,Yes,Shoulder,19.076,72.8777
2023-02,Brazil,Rio de Janeiro,Beach,580037,135701460.23,4.3,No,Peak,-22.9068,-43.1729
2023-11,Brazil,Salvador,Religious,42383,17365236.4,4.9,No,Peak,-12.9777,-38.5016
2022-05,Brazil,Salvador,Adventure,306908,54219053.98,4.0,No,Peak,-12.9777,-38.5016
2025-03,Australia,Sydney,Beach,193805,47071480.23,3.4,Yes,Shoulder,-33.8688,151.2093
2025-04,Switzerland,Zurich,Nature,330577,76968631.87,4.1,Yes,Peak,47.3769,8.5417
2024-05,Italy,Rome,Urban,476773,137545133.7,4.9,Yes,Peak,41.9028,12.4964
2023-10,Thailand,Phuket,Religious,465205,41225318.88,4.4,Yes,Off-Peak,7.8804,98.3923
2025-06,Japan,Nara,Nature,360457,127237679.82,3.4,No,Off-Peak,34.6851,135.8048
2022-04,Italy,Venice,Nature,342895,131877334.63,3.9,Yes,Shoulder,45.4408,12.3155
2024-08,India,Kerala,Urban,450121,128477909.64,4.0,No,Off-Peak,10.8505,76.2711
2023-09,Thailand,Phuket,Historical,218257,89220010.23,3.6,No,Off-Peak,7.8804,98.3923
2022-01,Japan,Kyoto,Historical,525585,75257836.07,4.0,Yes,Shoulder,35.0116,135.7681
2024-11,India,Kerala,Historical,521506,206939502.14,3.4,Yes,Shoulder,10.8505,76.2711
2022-10,Italy,Rome,Nature,532200,93199219.47,3.4,No,Peak,41.9028,12.4964
2025-01,Brazil,Salvador,Wildlife,30782,6420313.14,4.5,No,Peak,-12.9777,-38.5016
2025-01,UAE,Abu Dhabi,Beach,93465,24722669.27,3.9,No,Off-Peak,24.4539,54.3773
2023-03,Brazil,Rio de Janeiro,Urban,299331,106441147.1,4.5,No,Shoulder,-22.9068,-43.1729
2022-09,France,Cannes,Adventure,153174,68088994.24,4.4,No,Peak,43.5528,7.0174
2023-10,UAE,Dubai,Urban,24560,9057564.54,4.6,Yes,Peak,25.2048,55.2708
2024-10,UAE,Dubai,Urban,193827,76566991.53,3.9,No,Shoulder,25.2048,55.2708
2025-02,Italy,Rome,Religious,561166,124428548.0,4.1,No,Off-Peak,41.9028,12.4964
2023-01,Brazil,Salvador,Wildlife,232769,102957272.7,3.8,Yes,Shoulder,-12.9777,-38.5016
2024-11,India,Agra,Urban,249610,71360888.03,3.9,No,Off-Peak,27.1767,78.0081
2025-07,USA,Las Vegas,Wildlife,240503,99683430.92,3.9,Yes,Shoulder,36.1699,-115.1398
2023-10,India,Mumbai,Nature,464650,170911365.22,4.0,No,Off-Peak,19.076,72.8777
2024-10,UAE,Dubai,Nature,114773,36951409.6,3.5,Yes,Peak,25.2048,55.2708
2025-06,Italy,Florence,Wildlife,179000,49900059.43,4.6,Yes,Peak,43.7696,11.2558
2023-09,USA,San Francisco,Historical,87231,32459731.44,4.8,Yes,Peak,37.7749,-122.4194
2025-12,UAE,Abu Dhabi,Beach,427829,164125571.87,4.9,No,Peak,24.4539,54.3773
2024-04,France,Paris,Religious,401460,107229787.37,4.3,Yes,Shoulder,48.8566,2.3522
2024-03,USA,Las Vegas,Religious,392469,111608299.32,4.6,Yes,Shoulder,36.1699,-115.1398
2025-05,Australia,Gold Coast,Urban,48521,16841766.67,4.3,Yes,Shoulder,-28.0167,153.4
2024-10,Japan,Nara,Nature,208044,74106556.94,3.9,No,Shoulder,34.6851,135.8048
2023-07,India,Jaipur,Luxury,274997,123385644.75,3.4,No,Off-Peak,26.9124,75.7873
2025-10,Japan,Kyoto,Nature,587896,235359128.48,3.8,Yes,Peak,35.0116,135.7681
2025-03,Thailand,Bangkok,Historical,493946,152455650.82,4.6,No,Shoulder,13.7563,100.5018
2023-11,UAE,Dubai,Beach,84380,22848208.48,4.6,Yes,Peak,25.2048,55.2708
2022-12,USA,Orlando,Adventure,78861,23900575.67,4.4,No,Off-Peak,28.5383,-81.3792
2023-02,USA,New York,Nature,537626,197918222.32,4.2,Yes,Off-Peak,40.7128,-74.006
2022-10,Thailand,Chiang Mai,Religious,327506,29064516.65,4.6,No,Peak,18.7883,98.9853
2023-01,Switzerland,Zurich,Religious,53049,20458146.77,3.3,Yes,Off-Peak,47.3769,8.5417
2024-05,Switzerland,Geneva,Religious,473962,96497750.99,3.3,No,Peak,46.2044,6.1432
2025-10,Australia,Perth,Beach,407431,130929912.9,3.9,No,Peak,-31.9505,115.8605
2023-06,Japan,Nara,Adventure,76263,33531018.07,4.0,Yes,Off-Peak,34.6851,135.8048
2022-10,France,Cannes,Religious,239770,57926597.68,4.5,No,Shoulder,43.5528,7.0174
2024-03,Italy,Florence,Urban,258836,72966003.21,3.3,Yes,Shoulder,43.7696,11.2558
2025-12,Thailand,Chiang Mai,Wildlife,384254,98141088.14,3.3,No,Peak,18.7883,98.9853
2022-06,USA,San Francisco,Wildlife,35914,11772199.57,4.6,No,Off-Peak,37.7749,-122.4194
2025-11,India,Goa,Adventure,69384,13955856.97,4.4,Yes,Shoulder,15.2993,74.124
2024-05,Australia,Perth,Nature,137544,42854906.23,4.9,No,Off-Peak,-31.9505,115.8605
2023-05,Thailand,Phuket,Beach,349440,45288992.9,3.7,No,Peak,7.8804,98.3923
2023-01,USA,Orlando,Wildlife,125040,22612497.13,4.8,Yes,Shoulder,28.5383,-81.3792
2025-06,Italy,Milan,Luxury,378374,165243950.69,3.5,Yes,Shoulder,45.4642,9.19
2024-01,UAE,Abu Dhabi,Adventure,384526,95393925.38,4.6,No,Shoulder,24.4539,54.3773
2023-08,USA,New York,Nature,250749,76195317.75,3.9,No,Off-Peak,40.7128,-74.006
2025-05,Japan,Nara,Adventure,317893,46744604.77,3.3,No,Off-Peak,34.6851,135.8048
2023-05,India,Mumbai,Wildlife,274525,109885145.34,3.8,Yes,Shoulder,19.076,72.8777
2025-11,India,Jaipur,Wildlife,594504,132267257.5,4.4,Yes,Off-Peak,26.9124,75.7873
2024-09,India,Delhi,Religious,256654,106444460.24,3.5,No,Peak,28.6139,77.209
2025-06,Australia,Melbourne,Urban,289603,47246632.41,3.4,No,Shoulder,-37.8136,144.9631
2023-06,Japan,Osaka,Adventure,330826,124773112.24,3.3,No,Shoulder,34.6937,135.5023
2024-09,India,Delhi,Luxury,449922,152957617.11,4.8,Yes,Shoulder,28.6139,77.209
2023-05,Thailand,Phuket,Adventure,214047,55743561.86,3.8,No,Peak,7.8804,98.3923
2024-12,France,Lyon,Wildlife,472068,71568180.95,4.6,Yes,Off-Peak,45.764,4.8357
2022-11,UAE,Dubai,Historical,428265,151608011.41,3.6,No,Peak,25.2048,55.2708
2022-05,Japan,Nara,Urban,212081,18540000.66,4.4,Yes,Peak,34.6851,135.8048
2024-02,Brazil,Salvador,Luxury,128068,29928824.75,4.6,Yes,Off-Peak,-12.9777,-38.5016
2025-04,Italy,Florence,Luxury,421404,108478618.72,4.9,Yes,Shoulder,43.7696,11.2558
2023-08,France,Nice,Wildlife,193908,56371810.2,4.3,Yes,Peak,43.7102,7.262
2025-06,USA,San Francisco,Luxury,429483,104272159.19,5.0,No,Peak,37.7749,-122.4194
2025-05,UAE,Abu Dhabi,Urban,101471,27596129.35,4.2,No,Shoulder,24.4539,54.3773
2024-11,Italy,Florence,Religious,483259,162368609.98,3.5,No,Peak,43.7696,11.2558
2022-02,Brazil,Salvador,Nature,62840,11823737.78,3.3,No,Peak,-12.9777,-38.5016
2022-09,USA,Orlando,Urban,287471,73875161.99,4.8,Yes,Peak,28.5383,-81.3792
2022-12,Australia,Gold Coast,Adventure,548051,236206543.54,4.2,No,Peak,-28.0167,153.4
2024-05,Thailand,Bangkok,Beach,7019,1690669.18,4.0,No,Shoulder,13.7563,100.5018
2023-02,Brazil,Rio de Janeiro,Historical,127650,47682360.93,3.9,No,Off-Peak,-22.9068,-43.1729
2024-02,Japan,Kyoto,Urban,207546,28994247.47,3.8,Yes,Peak,35.0116,135.7681
2025-09,Australia,Melbourne,Adventure,259881,99191291.84,3.4,Yes,Peak,-37.8136,144.9631
2024-05,Australia,Gold Coast,Religious,428098,156096752.94,4.3,No,Shoulder,-28.0167,153.4
2025-01,Brazil,Salvador,Wildlife,380563,96797576.63,3.6,No,Peak,-12.9777,-38.5016
2025-07,Australia,Perth,Adventure,563743,122211373.61,3.6,Yes,Peak,-31.9505,115.8605
2023-08,USA,Las Vegas,Religious,350769,78463650.82,4.8,Yes,Off-Peak,36.1699,-115.1398
2024-09,Thailand,Chiang Mai,Nature,540080,130521318.78,4.0,No,Shoulder,18.7883,98.9853
2025-02,USA,Orlando,Historical,329458,30057272.78,3.9,Yes,Peak,28.5383,-81.3792
2025-01,UAE,Abu Dhabi,Adventure,207255,65179812.37,3.9,Yes,Off-Peak,24.4539,54.3773
2025-04,Italy,Florence,Adventure,158953,57199006.18,3.4,Yes,Off-Peak,43.7696,11.2558
2025-06,Thailand,Phuket,Religious,227799,22449521.43,4.3,No,Shoulder,7.8804,98.3923
2024-09,Italy,Rome,Wildlife,222105,28812426.92,3.4,Yes,Peak,41.9028,12.4964
2023-01,Japan,Kyoto,Beach,534824,63535021.88,4.8,No,Shoulder,35.0116,135.7681
2024-04,Australia,Gold Coast,Historical,518876,124941871.34,5.0,Yes,Shoulder,-28.0167,153.4
2023-04,UAE,Sharjah,Beach,41109,8009373.39,4.9,Yes,Peak,25.3463,55.4209
2024-10,Australia,Gold Coast,Beach,445432,48694854.31,4.5,Yes,Peak,-28.0167,153.4
2024-03,USA,Las Vegas,Beach,256919,107601639.58,4.1,Yes,Peak,36.1699,-115.1398
2023-11,France,Paris,Urban,130532,38180238.42,4.3,Yes,Shoulder,48.8566,2.3522
2025-03,France,Cannes,Luxury,117997,46220220.19,5.0,Yes,Shoulder,43.5528,7.0174
2023-07,France,Nice,Historical,402699,105240889.18,3.9,Yes,Peak,43.7102,7.262
2025-05,Australia,Gold Coast,Nature,573363,212651852.27,3.2,Yes,Peak,-28.0167,153.4
2022-07,UAE,Sharjah,Historical,19252,3964395.69,5.0,Yes,Shoulder,25.3463,55.4209
2023-07,UAE,Dubai,Nature,408703,124708525.55,3.9,Yes,Shoulder,25.2048,55.2708
2022-09,USA,San Francisco,Beach,222657,18058273.38,4.3,Yes,Peak,37.7749,-122.4194
2023-01,Australia,Melbourne,Beach,356030,75749081.59,3.5,No,Off-Peak,-37.8136,144.9631
2024-11,Italy,Florence,Beach,592823,236973101.28,3.7,No,Peak,43.7696,11.2558
2024-12,USA,San Francisco,Religious,294695,58762271.37,5.0,Yes,Shoulder,37.7749,-122.4194
2022-11,UAE,Sharjah,Urban,225534,20678791.01,3.8,No,Shoulder,25.3463,55.4209
2025-05,USA,New York,Nature,89464,19391671.33,4.2,Yes,Peak,40.7128,-74.006
2025-09,Switzerland,Lucerne,Luxury,82168,31330626.26,3.9,No,Shoulder,47.0502,8.3093
2022-05,India,Mumbai,Religious,167711,55392760.29,4.7,No,Shoulder,19.076,72.8777
2025-03,India,Delhi,Urban,203322,27129139.65,3.2,Yes,Off-Peak,28.6139,77.209
2024-07,Switzerland,Lucerne,Nature,345218,105372037.3,4.7,Yes,Peak,47.0502,8.3093
2024-05,Thailand,Bangkok,Wildlife,229766,35906816.88,3.3,Yes,Off-Peak,13.7563,100.5018
2025-01,Switzerland,Lucerne,Urban,434406,118229626.61,3.6,Yes,Off-Peak,47.0502,8.3093
2022-05,USA,San Francisco,Nature,582992,101934767.49,3.2,No,Shoulder,37.7749,-122.4194
2023-09,France,Lyon,Beach,19950,7085060.02,4.2,Yes,Shoulder,45.764,4.8357
2022-03,UAE,Dubai,Beach,523276,49065233.41,3.7,No,Off-Peak,25.2048,55.2708
2025-07,France,Nice,Urban,206644,55245128.37,3.4,No,Shoulder,43.7102,7.262
2023-09,Australia,Melbourne,Nature,338789,114814157.59,3.9,No,Off-Peak,-37.8136,144.9631
2023-06,UAE,Dubai,Historical,289758,123611947.05,4.4,No,Peak,25.2048,55.2708
2025-07,France,Paris,Adventure,205022,25592535.79,3.5,No,Peak,48.8566,2.3522
2022-08,Thailand,Phuket,Historical,119913,48850630.36,3.8,Yes,Peak,7.8804,98.3923
2025-12,USA,New York,Religious,430955,182461636.68,3.4,No,Peak,40.7128,-74.006
2024-03,Italy,Rome,Urban,411856,111620377.92,4.9,Yes,Peak,41.9028,12.4964
2025-10,France,Paris,Nature,177697,28631042.74,4.5,Yes,Off-Peak,48.8566,2.3522
2023-10,Thailand,Chiang Mai,Religious,405078,126177262.52,3.9,No,Peak,18.7883,98.9853
2025-11,Italy,Venice,Nature,579989,129711833.75,3.8,No,Peak,45.4408,12.3155
2022-11,USA,Orlando,Adventure,417175,157159346.69,3.2,No,Off-Peak,28.5383,-81.3792
2023-09,Brazil,Salvador,Nature,63492,17117591.42,5.0,Yes,Off-Peak,-12.9777,-38.5016
2025-04,Brazil,Sao Paulo,Urban,12768,1785859.67,4.4,No,Shoulder,-23.5505,-46.6333
2023-10,Japan,Nara,Wildlife,164807,43176050.65,3.4,No,Peak,34.6851,135.8048
2022-04,Thailand,Phuket,Religious,133254,39404891.76,4.8,No,Shoulder,7.8804,98.3923
2025-12,Thailand,Chiang Mai,Historical,538656,117457507.24,3.8,No,Shoulder,18.7883,98.9853
2025-04,Australia,Gold Coast,Luxury,180601,31553633.83,4.3,Yes,Peak,-28.0167,153.4
2022-09,France,Cannes,Urban,212878,28179465.71,4.6,No,Shoulder,43.5528,7.0174
2022-02,Italy,Rome,Adventure,174978,53958102.78,4.4,No,Peak,41.9028,12.4964
2025-06,UAE,Abu Dhabi,Nature,116534,40324001.68,3.5,No,Shoulder,24.4539,54.3773
2022-08,Australia,Perth,Nature,545744,65202839.2,3.9,No,Peak,-31.9505,115.8605
2023-02,Australia,Melbourne,Beach,68498,27876835.02,3.7,Yes,Peak,-37.8136,144.9631
2022-08,India,Goa,Nature,126181,13171691.53,4.0,No,Peak,15.2993,74.124
2024-06,France,Lyon,Wildlife,265397,70543580.66,4.8,Yes,Off-Peak,45.764,4.8357
2024-07,Australia,Melbourne,Wildlife,144605,12827730.19,4.4,No,Peak,-37.8136,144.9631
2025-04,USA,San Francisco,Wildlife,423907,129992275.17,4.5,No,Shoulder,37.7749,-122.4194
2025-07,Italy,Florence,Luxury,427413,136664185.69,3.8,Yes,Peak,43.7696,11.2558
2025-09,Australia,Sydney,Luxury,474587,176032202.16,4.3,No,Off-Peak,-33.8688,151.2093
2023-01,Italy,Milan,Nature,427448,123512234.53,4.1,Yes,Off-Peak,45.4642,9.19
2024-08,France,Paris,Religious,301409,29434910.62,4.9,No,Shoulder,48.8566,2.3522
2022-07,Italy,Venice,Historical,52689,7023043.11,4.7,No,Peak,45.4408,12.3155
2025-09,USA,Las Vegas,Religious,139832,59402895.62,4.5,Yes,Shoulder,36.1699,-115.1398
2022-06,Italy,Venice,Urban,583717,96868255.73,3.4,Yes,Off-Peak,45.4408,12.3155
2023-08,UAE,Sharjah,Urban,499581,208400195.72,3.9,No,Peak,25.3463,55.4209
2025-03,Thailand,Bangkok,Religious,122446,50457775.33,4.6,Yes,Off-Peak,13.7563,100.5018
2022-09,Thailand,Chiang Mai,Nature,480689,142126312.67,4.8,No,Peak,18.7883,98.9853
2024-02,Australia,Gold Coast,Beach,545834,80376306.73,3.7,Yes,Off-Peak,-28.0167,153.4
2024-09,Italy,Florence,Urban,360381,123670686.77,4.5,Yes,Off-Peak,43.7696,11.2558
2025-06,France,Lyon,Wildlife,489113,101817016.84,3.2,Yes,Off-Peak,45.764,4.8357
2022-05,Thailand,Chiang Mai,Wildlife,73658,20299298.41,4.3,No,Peak,18.7883,98.9853
2023-05,India,Agra,Urban,516020,73736419.38,3.8,Yes,Off-Peak,27.1767,78.0081
2024-01,Brazil,Rio de Janeiro,Luxury,430736,186959759.59,3.7,No,Shoulder,-22.9068,-43.1729
2024-11,Thailand,Bangkok,Historical,130335,30059623.73,4.1,No,Shoulder,13.7563,100.5018
2023-07,Thailand,Chiang Mai,Wildlife,235959,59355664.08,4.3,No,Shoulder,18.7883,98.9853
2024-06,USA,Orlando,Nature,136519,45856261.03,3.6,Yes,Shoulder,28.5383,-81.3792
2023-09,Switzerland,Lucerne,Luxury,114633,30187210.69,4.7,Yes,Peak,47.0502,8.3093
2023-10,Australia,Gold Coast,Wildlife,373992,112554299.5,4.3,Yes,Shoulder,-28.0167,153.4
2024-07,Thailand,Chiang Mai,Wildlife,68992,21906075.23,4.7,No,Off-Peak,18.7883,98.9853
2022-05,Japan,Tokyo,Wildlife,25665,3912903.69,4.6,No,Peak,35.6762,139.6503
2023-11,Italy,Milan,Adventure,185447,22276625.16,3.5,No,Off-Peak,45.4642,9.19
2023-05,Thailand,Chiang Mai,Beach,138355,29841729.78,3.8,Yes,Off-Peak,18.7883,98.9853
2023-07,France,Cannes,Religious,496935,119013910.56,3.5,No,Off-Peak,43.5528,7.0174
2024-05,Italy,Florence,Urban,231520,31752497.49,4.5,Yes,Peak,43.7696,11.2558
2023-06,Italy,Venice,Historical,58779,4779051.53,3.7,No,Peak,45.4408,12.3155
2023-10,Thailand,Bangkok,Adventure,399255,137426019.09,4.9,Yes,Shoulder,13.7563,100.5018
2022-04,USA,San Francisco,Luxury,444744,109862398.98,3.6,Yes,Off-Peak,37.7749,-122.4194
2022-11,India,Goa,Historical,255214,89800075.08,3.8,Yes,Peak,15.2993,74.124
2024-04,India,Mumbai,Religious,6121,584067.45,4.8,No,Shoulder,19.076,72.8777
2024-10,France,Lyon,Urban,572288,103490425.06,3.8,Yes,Off-Peak,45.764,4.8357
2022-07,USA,Orlando,Beach,80696,30353113.02,4.6,Yes,Peak,28.5383,-81.3792
2024-08,Switzerland,Lucerne,Luxury,398527,141992469.43,3.7,No,Peak,47.0502,8.3093
2023-12,Japan,Kyoto,Historical,106283,35893346.32,4.7,No,Peak,35.0116,135.7681
2025-02,Brazil,Sao Paulo,Adventure,500742,205060029.8,3.9,No,Shoulder,-23.5505,-46.6333
2022-06,UAE,Abu Dhabi,Urban,250739,83028565.76,3.6,Yes,Peak,24.4539,54.3773
2023-07,India,Varanasi,Nature,53943,5885601.52,4.4,No,Off-Peak,25.3176,82.9739
2024-12,Italy,Venice,Wildlife,155373,27020179.69,4.9,No,Shoulder,45.4408,12.3155
2024-08,Brazil,Rio de Janeiro,Urban,424654,59802056.78,4.5,Yes,Peak,-22.9068,-43.1729
2025-07,Thailand,Phuket,Wildlife,499058,216344163.92,4.8,Yes,Peak,7.8804,98.3923
2022-03,France,Paris,Religious,221649,31847851.46,4.9,Yes,Peak,48.8566,2.3522
2022-11,Switzerland,Zurich,Adventure,386796,61051253.13,4.1,Yes,Off-Peak,47.3769,8.5417
2025-06,USA,New York,Nature,421843,131951479.53,3.7,No,Shoulder,40.7128,-74.006
2023-06,USA,San Francisco,Historical,41326,17469282.26,4.5,No,Peak,37.7749,-122.4194
2023-09,UAE,Sharjah,Urban,389229,49830981.7,4.3,Yes,Shoulder,25.3463,55.4209
2022-04,Brazil,Salvador,Adventure,496602,61918207.89,4.8,No,Peak,-12.9777,-38.5016
2023-08,UAE,Sharjah,Wildlife,41483,13592951.69,3.3,Yes,Shoulder,25.3463,55.4209
2023-05,UAE,Sharjah,Urban,389558,43062151.3,4.5,No,Peak,25.3463,55.4209
2022-11,Thailand,Phuket,Luxury,39729,9916706.18,4.8,No,Peak,7.8804,98.3923
2022-11,Japan,Osaka,Nature,438642,189164995.53,4.7,No,Off-Peak,34.6937,135.5023
2022-01,USA,Orlando,Urban,421518,117518476.18,4.8,No,Peak,28.5383,-81.3792
2023-09,France,Paris,Luxury,429253,150606871.35,3.5,Yes,Shoulder,48.8566,2.3522
2022-08,UAE,Abu Dhabi,Historical,79745,30403898.31,4.1,Yes,Peak,24.4539,54.3773
2022-12,Australia,Melbourne,Historical,481163,110670307.55,3.7,Yes,Peak,-37.8136,144.9631
2023-04,Italy,Venice,Urban,370062,39283900.17,4.0,No,Off-Peak,45.4408,12.3155
2023-12,France,Cannes,Wildlife,429898,60127551.65,4.4,No,Shoulder,43.5528,7.0174
2024-04,Switzerland,Zurich,Beach,462176,122416981.6,4.2,Yes,Shoulder,47.3769,8.5417
2023-01,USA,New York,Nature,543733,138436923.37,3.6,Yes,Off-Peak,40.7128,-74.006
2024-03,Brazil,Rio de Janeiro,Luxury,412960,91487584.65,4.1,Yes,Off-Peak,-22.9068,-43.1729
2023-10,Brazil,Sao Paulo,Nature,442339,43709722.41,3.3,Yes,Off-Peak,-23.5505,-46.6333
2025-09,Australia,Sydney,Luxury,216511,70113846.43,3.2,No,Peak,-33.8688,151.2093
2022-03,Brazil,Rio de Janeiro,Nature,592532,243571996.46,4.0,Yes,Off-Peak,-22.9068,-43.1729
2024-07,Italy,Rome,Urban,231408,57005640.83,3.5,Yes,Shoulder,41.9028,12.4964
2025-11,Italy,Venice,Urban,432441,174443622.89,3.8,Yes,Off-Peak,45.4408,12.3155
2025-04,UAE,Sharjah,Nature,137080,47937665.24,4.6,No,Shoulder,25.3463,55.4209
2022-10,Brazil,Salvador,Urban,229674,20904525.99,4.0,Yes,Shoulder,-12.9777,-38.5016
2022-05,Australia,Sydney,Beach,441677,131674576.52,4.1,Yes,Shoulder,-33.8688,151.2093
2023-05,Switzerland,Lucerne,Beach,70429,21920268.12,3.6,Yes,Off-Peak,47.0502,8.3093
2023-10,Italy,Florence,Adventure,321808,47853175.31,3.8,No,Peak,43.7696,11.2558
2022-09,UAE,Abu Dhabi,Wildlife,248866,36433028.29,4.8,Yes,Off-Peak,24.4539,54.3773
2023-09,Australia,Melbourne,Beach,158098,58107844.88,3.9,Yes,Peak,-37.8136,144.9631
2023-12,Brazil,Sao Paulo,Historical,270921,30228674.52,4.4,No,Shoulder,-23.5505,-46.6333
2024-11,France,Cannes,Luxury,9419,1358138.79,4.9,No,Peak,43.5528,7.0174
2024-04,Japan,Kyoto,Beach,450888,194448473.88,4.9,No,Off-Peak,35.0116,135.7681
2025-12,Italy,Milan,Urban,419308,174223044.12,4.1,Yes,Shoulder,45.4642,9.19
2025-07,France,Nice,Beach,146146,36212868.4,3.5,Yes,Shoulder,43.7102,7.262
2023-10,France,Lyon,Religious,424026,168904991.27,4.6,Yes,Off-Peak,45.764,4.8357
2023-10,Brazil,Salvador,Historical,538291,236243956.9,4.0,No,Shoulder,-12.9777,-38.5016
2025-03,Australia,Gold Coast,Luxury,83882,37690665.24,3.9,No,Off-Peak,-28.0167,153.4
2023-01,India,Agra,Luxury,149610,27177159.6,3.8,No,Shoulder,27.1767,78.0081
2024-05,France,Lyon,Beach,250887,88573740.6,3.6,No,Peak,45.764,4.8357
2022-10,USA,New York,Luxury,443400,67878696.14,4.1,No,Off-Peak,40.7128,-74.006
2022-10,USA,Las Vegas,Historical,194903,77455033.87,4.4,Yes,Shoulder,36.1699,-115.1398
2024-09,France,Cannes,Historical,206115,67444248.23,4.8,Yes,Peak,43.5528,7.0174
2022-07,USA,San Francisco,Wildlife,218912,43971835.44,3.3,Yes,Shoulder,37.7749,-122.4194
2023-09,Australia,Melbourne,Beach,591697,158138824.75,3.6,Yes,Off-Peak,-37.8136,144.9631
2023-09,France,Paris,Nature,317916,112013713.76,3.8,Yes,Off-Peak,48.8566,2.3522
2025-08,UAE,Sharjah,Urban,216557,97148291.71,3.3,No,Peak,25.3463,55.4209
2024-01,Brazil,Salvador,Nature,72640,30800338.58,3.6,No,Off-Peak,-12.9777,-38.5016
2025-09,Thailand,Chiang Mai,Religious,94248,37935191.15,4.8,Yes,Peak,18.7883,98.9853
2023-08,Switzerland,Zurich,Historical,344368,89316289.13,3.9,Yes,Shoulder,47.3769,8.5417
2024-11,Italy,Rome,Adventure,422395,122814044.89,4.4,No,Off-Peak,41.9028,12.4964
2022-12,Switzerland,Lucerne,Urban,48573,10114429.7,3.4,No,Shoulder,47.0502,8.3093
2025-12,France,Paris,Adventure,452972,98106710.89,3.7,Yes,Peak,48.8566,2.3522
2025-11,USA,Orlando,Luxury,265892,54593860.85,3.6,No,Peak,28.5383,-81.3792
2025-09,Japan,Nara,Urban,493579,194480034.16,3.3,Yes,Off-Peak,34.6851,135.8048
2023-04,India,Mumbai,Nature,290951,72007414.04,3.2,Yes,Off-Peak,19.076,72.8777
2024-08,Thailand,Bangkok,Urban,138225,35805342.05,4.0,No,Peak,13.7563,100.5018
2024-06,France,Nice,Urban,118264,46929276.22,4.4,No,Shoulder,43.7102,7.262
2024-05,Thailand,Bangkok,Adventure,451886,178945798.79,3.7,No,Peak,13.7563,100.5018
2025-04,Brazil,Rio de Janeiro,Historical,73350,23369239.5,4.8,No,Off-Peak,-22.9068,-43.1729
2024-08,Switzerland,Geneva,Urban,275371,23483990.08,4.6,Yes,Shoulder,46.2044,6.1432
2023-04,Italy,Florence,Historical,366255,90695324.99,3.8,Yes,Off-Peak,43.7696,11.2558
2022-08,UAE,Dubai,Urban,460560,157152668.24,4.2,No,Peak,25.2048,55.2708
2024-01,Japan,Nara,Wildlife,136806,27967377.34,3.8,No,Shoulder,34.6851,135.8048
2023-05,India,Delhi,Adventure,98336,20811846.71,4.4,Yes,Shoulder,28.6139,77.209
2024-03,Australia,Perth,Beach,211172,33932224.65,3.8,No,Peak,-31.9505,115.8605
2023-01,Switzerland,Lucerne,Historical,200080,85634937.6,3.5,No,Off-Peak,47.0502,8.3093
2023-01,Switzerland,Zurich,Religious,328672,91449419.61,4.4,No,Shoulder,47.3769,8.5417
2024-06,Brazil,Rio de Janeiro,Luxury,490744,84151087.55,3.9,No,Shoulder,-22.9068,-43.1729
2023-10,Brazil,Rio de Janeiro,Urban,153645,25172492.35,4.4,Yes,Off-Peak,-22.9068,-43.1729
2024-08,UAE,Dubai,Historical,532003,57682968.2,4.7,No,Off-Peak,25.2048,55.2708
2023-11,Japan,Osaka,Nature,354005,107629263.13,4.9,Yes,Off-Peak,34.6937,135.5023
2024-09,Brazil,Salvador,Adventure,358250,109108293.98,4.2,Yes,Peak,-12.9777,-38.5016
2025-10,Brazil,Salvador,Adventure,489145,133335290.08,3.8,No,Peak,-12.9777,-38.5016
2025-09,Thailand,Chiang Mai,Urban,219303,91576087.4,3.4,Yes,Off-Peak,18.7883,98.9853
2023-05,Italy,Rome,Urban,378526,131430967.32,5.0,Yes,Shoulder,41.9028,12.4964
2022-10,UAE,Abu Dhabi,Urban,413290,172184293.86,4.2,No,Off-Peak,24.4539,54.3773
2022-02,USA,New York,Religious,329259,45696936.25,4.4,No,Shoulder,40.7128,-74.006
2023-12,Thailand,Bangkok,Urban,215826,90805405.3,4.0,Yes,Peak,13.7563,100.5018
2025-01,Thailand,Chiang Mai,Wildlife,468011,92935031.14,4.4,Yes,Shoulder,18.7883,98.9853
2022-07,India,Mysuru,Urban,375814,33279156.15,3.5,Yes,Off-Peak,12.2958,76.6394
2025-11,UAE,Dubai,Beach,385163,69568160.29,4.5,Yes,Off-Peak,25.2048,55.2708
2022-10,India,Agra,Adventure,595966,59286711.78,3.5,No,Peak,27.1767,78.0081
2022-12,Japan,Tokyo,Religious,9585,925547.63,4.6,Yes,Off-Peak,35.6762,139.6503
2022-12,Thailand,Phuket,Beach,472420,161600063.91,5.0,No,Peak,7.8804,98.3923
2023-01,Japan,Nara,Beach,533501,92513420.91,4.9,No,Off-Peak,34.6851,135.8048
2023-09,Thailand,Chiang Mai,Luxury,312189,132198773.27,3.7,Yes,Off-Peak,18.7883,98.9853
2023-04,Japan,Kyoto,Urban,225973,92015448.17,4.8,No,Peak,35.0116,135.7681
2025-10,Brazil,Rio de Janeiro,Urban,222240,63946862.91,4.6,Yes,Off-Peak,-22.9068,-43.1729
2022-08,France,Nice,Luxury,48141,18005689.9,3.9,No,Shoulder,43.7102,7.262
2023-12,USA,New York,Nature,216127,87215347.77,3.7,Yes,Off-Peak,40.7128,-74.006
2023-02,Thailand,Chiang Mai,Urban,208897,72230009.57,4.4,Yes,Shoulder,18.7883,98.9853
2025-11,Thailand,Bangkok,Adventure,578621,224405298.04,3.4,Yes,Peak,13.7563,100.5018
2024-04,UAE,Sharjah,Nature,22691,6592224.13,4.9,Yes,Shoulder,25.3463,55.4209
2022-08,UAE,Abu Dhabi,Historical,551336,179032189.34,4.7,Yes,Peak,24.4539,54.3773
2025-01,Japan,Kyoto,Wildlife,423504,176448160.84,4.6,Yes,Shoulder,35.0116,135.7681
2023-04,Australia,Perth,Religious,336836,79675672.94,3.7,Yes,Peak,-31.9505,115.8605
2023-11,Brazil,Salvador,Urban,203448,84769899.6,4.0,Yes,Shoulder,-12.9777,-38.5016
2025-09,UAE,Dubai,Luxury,598037,83809017.69,4.7,Yes,Peak,25.2048,55.2708
2025-04,Switzerland,Lucerne,Adventure,280175,28383068.4,3.3,No,Shoulder,47.0502,8.3093
2022-01,France,Lyon,Beach,341358,103280374.5,3.2,Yes,Shoulder,45.764,4.8357
2024-10,Australia,Perth,Luxury,150164,46222591.99,4.3,Yes,Shoulder,-31.9505,115.8605
2025-10,France,Paris,Wildlife,406547,66591461.2,3.6,Yes,Off-Peak,48.8566,2.3522
2023-07,UAE,Abu Dhabi,Beach,231912,92270316.5,4.4,No,Off-Peak,24.4539,54.3773
2023-04,Switzerland,Lucerne,Religious,184589,52183588.87,4.5,Yes,Peak,47.0502,8.3093
2025-05,France,Paris,Religious,122339,40502121.86,3.7,No,Shoulder,48.8566,2.3522
2022-01,USA,San Francisco,Wildlife,153063,27594096.06,3.9,No,Peak,37.7749,-122.4194
2022-07,Japan,Kyoto,Wildlife,183322,45613717.28,4.3,Yes,Peak,35.0116,135.7681
2023-04,Australia,Gold Coast,Historical,560344,50229185.22,5.0,Yes,Peak,-28.0167,153.4
2023-03,USA,New York,Wildlife,59774,7684487.37,4.6,Yes,Peak,40.7128,-74.006
2025-03,Brazil,Sao Paulo,Religious,185693,71026173.69,4.0,No,Peak,-23.5505,-46.6333
2024-06,Italy,Milan,Beach,230029,73179022.29,4.1,No,Shoulder,45.4642,9.19
2022-12,Japan,Kyoto,Adventure,29217,6109617.29,4.0,No,Off-Peak,35.0116,135.7681
2022-08,Switzerland,Lucerne,Adventure,187749,48996417.25,4.0,Yes,Peak,47.0502,8.3093
2025-01,Japan,Osaka,Religious,387123,111427699.02,4.4,No,Off-Peak,34.6937,135.5023
2022-05,Australia,Perth,Adventure,172372,51924216.81,4.5,Yes,Shoulder,-31.9505,115.8605
2022-05,Brazil,Sao Paulo,Urban,316416,83669676.34,4.9,No,Off-Peak,-23.5505,-46.6333
2025-10,Japan,Nara,Adventure,587631,122858731.29,4.0,No,Shoulder,34.6851,135.8048
2024-08,Australia,Perth,Luxury,331876,77840354.67,3.8,No,Shoulder,-31.9505,115.8605
2023-09,Thailand,Phuket,Historical,9692,2786183.85,4.8,Yes,Off-Peak,7.8804,98.3923
2023-06,Thailand,Chiang Mai,Religious,438647,45904221.62,3.9,Yes,Off-Peak,18.7883,98.9853
2024-03,Brazil,Rio de Janeiro,Wildlife,352474,28560206.6,4.8,No,Off-Peak,-22.9068,-43.1729
2025-04,UAE,Sharjah,Religious,528783,51378113.51,4.5,Yes,Off-Peak,25.3463,55.4209
2025-09,UAE,Abu Dhabi,Luxury,12054,1947174.96,4.5,Yes,Shoulder,24.4539,54.3773
2022-07,Australia,Sydney,Luxury,315116,41791063.83,4.0,Yes,Shoulder,-33.8688,151.2093
2022-12,Italy,Rome,Religious,170571,24676347.99,3.5,Yes,Shoulder,41.9028,12.4964
2023-05,India,Agra,Luxury,300391,132849018.02,4.8,Yes,Off-Peak,27.1767,78.0081
2025-11,UAE,Dubai,Historical,344929,140778996.54,3.7,No,Off-Peak,25.2048,55.2708
2023-09,Brazil,Sao Paulo,Historical,101060,13003883.36,4.3,No,Off-Peak,-23.5505,-46.6333
2023-09,Australia,Melbourne,Nature,577718,238077288.37,5.0,Yes,Off-Peak,-37.8136,144.9631
2025-01,Switzerland,Lucerne,Historical,312540,75104973.86,3.8,No,Shoulder,47.0502,8.3093
2022-10,Brazil,Salvador,Adventure,361251,102431295.75,4.1,No,Peak,-12.9777,-38.5016
2022-05,Italy,Rome,Historical,51307,13530663.72,3.7,No,Peak,41.9028,12.4964
2023-07,France,Paris,Luxury,88424,14887251.79,4.0,Yes,Shoulder,48.8566,2.3522
2022-04,Switzerland,Lucerne,Religious,105976,34727996.71,3.7,No,Shoulder,47.0502,8.3093
2025-04,UAE,Sharjah,Wildlife,111945,46227908.08,4.9,Yes,Peak,25.3463,55.4209
2024-10,Australia,Perth,Nature,389852,68940758.39,4.4,No,Off-Peak,-31.9505,115.8605
2022-11,Brazil,Salvador,Historical,290791,25036252.94,3.7,Yes,Shoulder,-12.9777,-38.5016
2024-09,Switzerland,Geneva,Adventure,99166,27942703.05,4.9,No,Off-Peak,46.2044,6.1432
2024-12,USA,New York,Wildlife,492812,71164659.35,3.8,No,Off-Peak,40.7128,-74.006
2025-03,France,Lyon,Beach,131665,38484799.09,4.0,No,Off-Peak,45.764,4.8357
2025-07,India,Varanasi,Beach,402487,179175624.14,4.4,Yes,Shoulder,25.3176,82.9739
2022-08,UAE,Sharjah,Nature,293981,106233714.87,4.7,Yes,Shoulder,25.3463,55.4209
2025-03,USA,Las Vegas,Religious,403330,178254997.12,4.6,No,Shoulder,36.1699,-115.1398
2025-12,Italy,Milan,Beach,490513,165045156.3,4.2,Yes,Peak,45.4642,9.19
2023-12,UAE,Sharjah,Luxury,120782,34838470.03,4.4,No,Shoulder,25.3463,55.4209
2024-10,India,Mysuru,Adventure,26856,7090318.93,3.4,Yes,Peak,12.2958,76.6394
2025-07,Japan,Osaka,Adventure,85695,7715666.38,4.3,No,Off-Peak,34.6937,135.5023
2025-02,Brazil,Salvador,Historical,407380,82983818.92,4.6,Yes,Shoulder,-12.9777,-38.5016
2024-12,USA,Orlando,Religious,209129,88482042.45,4.4,Yes,Peak,28.5383,-81.3792
2024-09,Thailand,Phuket,Urban,599635,179371819.71,3.4,No,Shoulder,7.8804,98.3923
2022-08,Switzerland,Geneva,Historical,7850,2457489.39,4.4,Yes,Peak,46.2044,6.1432
2025-04,Japan,Kyoto,Religious,501241,202823491.13,4.9,Yes,Peak,35.0116,135.7681
2022-11,France,Lyon,Urban,251550,27712994.81,4.8,Yes,Shoulder,45.764,4.8357
2024-08,Thailand,Bangkok,Wildlife,156573,57242402.34,3.9,Yes,Shoulder,13.7563,100.5018
2024-09,Switzerland,Geneva,Historical,47923,7237969.41,4.9,Yes,Shoulder,46.2044,6.1432
2022-04,India,Agra,Urban,194844,35912168.03,3.7,Yes,Off-Peak,27.1767,78.0081
2024-12,France,Cannes,Historical,544919,127343230.74,3.7,No,Off-Peak,43.5528,7.0174
2022-10,France,Paris,Religious,310042,138558551.45,4.3,Yes,Shoulder,48.8566,2.3522
2022-09,Italy,Florence,Urban,177032,64262493.85,4.1,Yes,Shoulder,43.7696,11.2558
2024-08,Japan,Tokyo,Wildlife,255146,84225462.27,3.6,Yes,Peak,35.6762,139.6503
2025-01,India,Mumbai,Adventure,500969,101633899.08,4.7,Yes,Off-Peak,19.076,72.8777
2023-11,Japan,Kyoto,Historical,262875,43657657.05,4.1,Yes,Peak,35.0116,135.7681
2025-04,France,Lyon,Wildlife,168533,51911472.36,4.2,No,Off-Peak,45.764,4.8357
2024-01,Italy,Rome,Wildlife,101902,8479864.65,3.3,Yes,Peak,41.9028,12.4964
2022-09,Switzerland,Zurich,Urban,115907,9695312.44,4.7,No,Off-Peak,47.3769,8.5417
2024-01,USA,Orlando,Adventure,228435,88269173.67,3.4,Yes,Shoulder,28.5383,-81.3792
2022-07,Australia,Sydney,Nature,110288,19876025.07,4.9,No,Shoulder,-33.8688,151.2093
2025-02,Brazil,Sao Paulo,Adventure,33372,12792975.44,3.3,No,Shoulder,-23.5505,-46.6333
2023-11,Brazil,Salvador,Urban,274040,89715912.08,4.5,No,Shoulder,-12.9777,-38.5016
2023-11,Brazil,Sao Paulo,Urban,152639,38540134.19,3.5,Yes,Off-Peak,-23.5505,-46.6333
2022-09,Thailand,Phuket,Historical,326529,80219777.58,3.8,Yes,Shoulder,7.8804,98.3923
2024-01,USA,New York,Religious,280649,32928478.6,3.7,No,Off-Peak,40.7128,-74.006
2024-08,UAE,Sharjah,Urban,385742,104621038.0,4.6,No,Peak,25.3463,55.4209
2024-09,Australia,Melbourne,Luxury,541470,103018275.22,3.8,Yes,Shoulder,-37.8136,144.9631
2023-05,Brazil,Rio de Janeiro,Nature,31096,13776913.91,4.1,No,Peak,-22.9068,-43.1729
2023-03,France,Nice,Luxury,107674,36617219.25,4.3,No,Off-Peak,43.7102,7.262
2024-08,USA,Las Vegas,Wildlife,230082,59585188.7,5.0,No,Shoulder,36.1699,-115.1398
2022-10,France,Lyon,Adventure,268569,47062068.42,3.5,No,Peak,45.764,4.8357
2022-07,Japan,Kyoto,Adventure,293415,54736454.46,3.4,Yes,Off-Peak,35.0116,135.7681
2023-08,Italy,Rome,Historical,471141,142144965.64,3.8,No,Peak,41.9028,12.4964
2022-11,India,Mysuru,Nature,252682,75913622.85,4.9,No,Off-Peak,12.2958,76.6394
2022-11,Japan,Kyoto,Historical,395934,177032390.35,4.2,Yes,Shoulder,35.0116,135.7681
2025-08,Thailand,Phuket,Adventure,378689,166114504.11,4.9,Yes,Peak,7.8804,98.3923
2023-12,Switzerland,Lucerne,Historical,299804,104657512.82,4.2,No,Shoulder,47.0502,8.3093
2025-10,Brazil,Salvador,Historical,545953,150287056.37,4.8,No,Peak,-12.9777,-38.5016
2025-10,Switzerland,Zurich,Nature,526054,97616770.14,4.6,Yes,Off-Peak,47.3769,8.5417
2025-07,USA,Las Vegas,Religious,215212,44243012.31,4.7,Yes,Peak,36.1699,-115.1398
2025-03,USA,San Francisco,Wildlife,108589,13814556.53,3.2,Yes,Shoulder,37.7749,-122.4194
2022-10,Japan,Kyoto,Urban,310178,113777944.96,4.7,Yes,Peak,35.0116,135.7681
2025-08,Brazil,Salvador,Wildlife,89984,14688947.68,3.9,Yes,Peak,-12.9777,-38.5016
2025-07,USA,Las Vegas,Wildlife,8984,3261313.94,3.5,No,Off-Peak,36.1699,-115.1398
2024-08,Switzerland,Zurich,Historical,34782,14308313.57,3.4,Yes,Off-Peak,47.3769,8.5417
2025-02,Thailand,Chiang Mai,Luxury,570906,243080316.59,5.0,Yes,Peak,18.7883,98.9853
2025-07,USA,New York,Adventure,532560,135366553.61,3.5,No,Off-Peak,40.7128,-74.006
2022-03,Brazil,Sao Paulo,Wildlife,190054,42200235.66,4.2,Yes,Off-Peak,-23.5505,-46.6333
2022-06,Italy,Venice,Wildlife,94401,24771901.37,4.2,Yes,Off-Peak,45.4408,12.3155
2022-07,UAE,Abu Dhabi,Beach,64082,6374694.76,3.7,Yes,Peak,24.4539,54.3773
2022-04,Thailand,Phuket,Historical,413789,134972601.57,3.4,Yes,Off-Peak,7.8804,98.3923
2023-12,Italy,Florence,Historical,499246,44466005.12,3.3,Yes,Off-Peak,43.7696,11.2558
2024-07,UAE,Sharjah,Urban,370756,62467712.13,4.6,No,Shoulder,25.3463,55.4209
2025-05,Japan,Osaka,Historical,477937,169993621.39,4.2,No,Shoulder,34.6937,135.5023
2022-04,France,Cannes,Adventure,242892,29061385.83,4.3,Yes,Shoulder,43.5528,7.0174
2023-01,Italy,Venice,Wildlife,431820,189865697.76,3.8,Yes,Peak,45.4408,12.3155
2025-11,Italy,Rome,Historical,220565,21947470.74,3.9,Yes,Off-Peak,41.9028,12.4964
2024-01,India,Mumbai,Wildlife,43857,14435832.38,4.2,Yes,Shoulder,19.076,72.8777
2025-01,Australia,Melbourne,Adventure,164809,33064491.32,4.7,No,Off-Peak,-37.8136,144.9631
2023-03,USA,San Francisco,Historical,399326,95847755.56,3.4,No,Off-Peak,37.7749,-122.4194
2024-01,Brazil,Rio de Janeiro,Religious,221323,36156086.71,5.0,No,Peak,-22.9068,-43.1729
2023-05,Japan,Nara,Luxury,171940,40737994.11,4.8,Yes,Peak,34.6851,135.8048
2024-01,UAE,Sharjah,Historical,510242,133894636.31,4.4,Yes,Off-Peak,25.3463,55.4209
2022-10,Australia,Gold Coast,Urban,179195,62342420.0,3.5,Yes,Off-Peak,-28.0167,153.4
2022-10,Brazil,Sao Paulo,Religious,278389,52036632.83,4.0,Yes,Off-Peak,-23.5505,-46.6333
2022-06,USA,Las Vegas,Luxury,510714,48416003.38,4.4,No,Shoulder,36.1699,-115.1398
2022-05,Brazil,Sao Paulo,Historical,237904,56724289.48,3.4,No,Off-Peak,-23.5505,-46.6333
2022-06,Japan,Osaka,Historical,199121,72824228.65,4.4,No,Off-Peak,34.6937,135.5023
2022-06,Italy,Florence,Religious,10065,890533.73,4.5,Yes,Shoulder,43.7696,11.2558
2025-10,Thailand,Chiang Mai,Luxury,68759,26813556.96,3.2,Yes,Off-Peak,18.7883,98.9853
2023-11,Switzerland,Lucerne,Nature,392164,93354132.49,3.8,No,Off-Peak,47.0502,8.3093
2025-10,Brazil,Sao Paulo,Wildlife,597607,105285361.51,3.8,No,Peak,-23.5505,-46.6333
2025-11,Brazil,Salvador,Urban,65635,10423402.85,4.2,No,Off-Peak,-12.9777,-38.5016
2025-02,UAE,Sharjah,Wildlife,273243,111454532.1,4.2,Yes,Shoulder,25.3463,55.4209
2024-07,Thailand,Chiang Mai,Adventure,457050,165587333.08,3.6,Yes,Off-Peak,18.7883,98.9853
2024-02,Switzerland,Zurich,Wildlife,574726,157073898.43,4.6,No,Off-Peak,47.3769,8.5417
2025-08,France,Paris,Adventure,238252,89887786.87,3.9,Yes,Shoulder,48.8566,2.3522
2024-06,Brazil,Salvador,Religious,166798,23901993.48,4.0,Yes,Peak,-12.9777,-38.5016
2025-04,India,Agra,Luxury,391035,58849717.42,3.3,No,Off-Peak,27.1767,78.0081
2023-02,Thailand,Bangkok,Adventure,389026,37104206.09,4.5,No,Peak,13.7563,100.5018
2023-07,Japan,Tokyo,Urban,73263,27736590.48,3.7,Yes,Shoulder,35.6762,139.6503
2025-07,Thailand,Bangkok,Urban,596805,63418283.5,3.3,No,Off-Peak,13.7563,100.5018
2025-01,Australia,Sydney,Nature,411433,56311460.24,4.5,No,Peak,-33.8688,151.2093
2022-05,France,Paris,Nature,483215,196823340.72,4.6,No,Peak,48.8566,2.3522
2024-10,Brazil,Sao Paulo,Urban,111264,25866658.05,4.0,Yes,Shoulder,-23.5505,-46.6333
2024-07,Thailand,Phuket,Nature,250501,110046752.33,3.4,No,Shoulder,7.8804,98.3923
2025-04,Italy,Milan,Adventure,366796,95889718.89,3.9,Yes,Peak,45.4642,9.19
2025-05,India,Goa,Wildlife,424130,107788400.52,3.3,No,Peak,15.2993,74.124
2023-12,France,Nice,Luxury,143690,31765919.98,4.8,Yes,Off-Peak,43.7102,7.262
2023-10,France,Paris,Nature,557229,211739183.61,3.3,No,Peak,48.8566,2.3522
2022-10,India,Jaipur,Adventure,11470,1479528.36,3.4,No,Shoulder,26.9124,75.7873
2022-07,Japan,Tokyo,Beach,339108,42422759.61,4.9,Yes,Shoulder,35.6762,139.6503
2023-01,France,Cannes,Urban,598800,208815906.43,3.4,No,Off-Peak,43.5528,7.0174
2024-07,UAE,Sharjah,Historical,548332,51914134.07,5.0,No,Shoulder,25.3463,55.4209
2024-04,USA,New York,Nature,90525,35241372.91,4.2,Yes,Off-Peak,40.7128,-74.006
2022-09,France,Cannes,Religious,274789,73517521.04,3.9,No,Off-Peak,43.5528,7.0174
2024-08,Italy,Rome,Beach,70969,28460230.97,3.5,No,Off-Peak,41.9028,12.4964
2023-09,USA,San Francisco,Beach,336502,147947377.04,4.5,Yes,Shoulder,37.7749,-122.4194
2023-05,France,Nice,Beach,346415,70181557.2,4.0,No,Shoulder,43.7102,7.262
2023-07,Australia,Sydney,Adventure,183917,80611670.57,4.4,Yes,Off-Peak,-33.8688,151.2093
2022-12,Japan,Kyoto,Nature,398005,48829793.78,4.0,No,Off-Peak,35.0116,135.7681
2022-08,Switzerland,Geneva,Nature,526915,72105331.98,3.5,No,Peak,46.2044,6.1432
2023-04,Japan,Kyoto,Historical,20043,7374108.73,3.9,No,Shoulder,35.0116,135.7681
2024-10,Thailand,Phuket,Adventure,327146,47703803.79,4.5,Yes,Off-Peak,7.8804,98.3923
2023-08,Japan,Tokyo,Luxury,51029,8432275.82,4.5,No,Off-Peak,35.6762,139.6503
2022-12,UAE,Abu Dhabi,Luxury,463221,42481613.44,3.5,No,Shoulder,24.4539,54.3773
2023-05,USA,New York,Wildlife,48582,6097685.45,3.9,No,Off-Peak,40.7128,-74.006
2024-03,Australia,Gold Coast,Religious,324484,82119262.0,4.5,Yes,Peak,-28.0167,153.4
2023-01,Thailand,Bangkok,Urban,366310,51981409.96,4.1,Yes,Shoulder,13.7563,100.5018
2022-10,Italy,Milan,Adventure,230422,87135177.73,4.6,No,Off-Peak,45.4642,9.19
2024-08,USA,Orlando,Urban,139312,50756572.84,4.6,No,Off-Peak,28.5383,-81.3792
2025-06,USA,Orlando,Beach,293502,44016129.45,4.5,Yes,Peak,28.5383,-81.3792
2024-01,France,Lyon,Luxury,250031,50194366.92,4.7,No,Off-Peak,45.764,4.8357
2022-09,Japan,Kyoto,Nature,230526,44513018.78,4.9,Yes,Peak,35.0116,135.7681
2024-09,Australia,Perth,Adventure,442502,196808663.54,4.6,No,Off-Peak,-31.9505,115.8605
2023-08,Thailand,Chiang Mai,Adventure,391492,127579187.93,5.0,Yes,Shoulder,18.7883,98.9853
2022-08,Brazil,Salvador,Nature,5759,956692.78,4.3,No,Peak,-12.9777,-38.5016
2025-08,Brazil,Rio de Janeiro,Wildlife,388176,100255700.4,3.2,No,Peak,-22.9068,-43.1729
2025-12,France,Paris,Historical,378435,119427304.12,4.7,Yes,Peak,48.8566,2.3522
2022-11,Australia,Melbourne,Historical,291603,35536853.79,4.2,No,Off-Peak,-37.8136,144.9631
2023-01,India,Jaipur,Wildlife,399655,162172007.98,3.9,No,Off-Peak,26.9124,75.7873
2023-12,Brazil,Rio de Janeiro,Historical,131633,12404414.21,4.9,Yes,Peak,-22.9068,-43.1729
2023-03,India,Delhi,Beach,314225,29264439.12,4.0,Yes,Peak,28.6139,77.209
2024-02,India,Mysuru,Urban,357214,47878572.78,4.4,Yes,Shoulder,12.2958,76.6394
2023-01,India,Agra,Adventure,406235,163466535.81,4.7,No,Shoulder,27.1767,78.0081
2023-08,Japan,Tokyo,Nature,96979,10598787.64,3.3,No,Peak,35.6762,139.6503
2022-06,Brazil,Salvador,Urban,503848,60586717.73,4.7,Yes,Off-Peak,-12.9777,-38.5016
2022-02,USA,Las Vegas,Luxury,236463,77559211.6,4.6,No,Peak,36.1699,-115.1398
2025-11,USA,Las Vegas,Nature,535801,208147789.05,4.5,Yes,Off-Peak,36.1699,-115.1398
2025-09,Thailand,Phuket,Religious,145890,60699495.01,4.8,No,Shoulder,7.8804,98.3923
2023-04,USA,San Francisco,Urban,277173,72278581.99,3.8,No,Peak,37.7749,-122.4194
2025-01,USA,Orlando,Adventure,485508,72457290.56,4.6,No,Off-Peak,28.5383,-81.3792
2022-10,USA,New York,Historical,298146,26204593.28,3.4,No,Peak,40.7128,-74.006
2024-10,France,Cannes,Religious,472164,177570278.46,3.9,Yes,Shoulder,43.5528,7.0174
2024-01,Australia,Perth,Luxury,577934,245852905.79,5.0,No,Shoulder,-31.9505,115.8605
2025-01,Italy,Venice,Religious,253422,95399740.87,4.9,Yes,Peak,45.4408,12.3155
2023-01,Italy,Florence,Religious,373309,148742046.25,3.5,No,Off-Peak,43.7696,11.2558
2025-07,Japan,Nara,Nature,516169,61444251.37,4.7,Yes,Off-Peak,34.6851,135.8048
2022-08,Australia,Perth,Nature,38501,17322788.01,4.5,Yes,Peak,-31.9505,115.8605
2024-08,Thailand,Phuket,Nature,132844,43413827.57,3.9,Yes,Off-Peak,7.8804,98.3923
2025-05,Italy,Florence,Adventure,595465,75030193.76,3.4,No,Shoulder,43.7696,11.2558
2024-12,USA,Orlando,Wildlife,235978,96228308.12,4.1,No,Peak,28.5383,-81.3792
2023-11,Japan,Osaka,Historical,231231,96609675.85,4.8,No,Shoulder,34.6937,135.5023
2022-11,Italy,Florence,Wildlife,459262,72922585.18,4.0,No,Peak,43.7696,11.2558
2022-06,Japan,Tokyo,Adventure,456371,36542986.09,4.3,Yes,Shoulder,35.6762,139.6503
2025-07,UAE,Sharjah,Wildlife,564449,161766245.69,3.5,No,Off-Peak,25.3463,55.4209
2023-03,Australia,Sydney,Luxury,334767,108198231.49,4.6,Yes,Shoulder,-33.8688,151.2093
2022-03,Brazil,Sao Paulo,Luxury,375899,82297526.06,4.3,Yes,Shoulder,-23.5505,-46.6333
2024-10,Switzerland,Geneva,Religious,420009,121461636.74,3.7,Yes,Off-Peak,46.2044,6.1432
2022-07,USA,Las Vegas,Historical,220441,24743583.39,3.9,No,Off-Peak,36.1699,-115.1398
2025-12,India,Agra,Adventure,410631,47950282.21,3.3,Yes,Shoulder,27.1767,78.0081
2022-11,Japan,Nara,Nature,266958,88991595.69,4.5,No,Peak,34.6851,135.8048
2023-11,Italy,Rome,Luxury,453308,51908804.48,4.5,Yes,Off-Peak,41.9028,12.4964
